Division_Code,Division_Title,SubDivision_Code,SubDivision_Title,Group_Code,Group_Title,Family_Code,Family_Title,NCO_2015_Code,Occupation_Title,QP_NOS_Reference
1,Managers,11,"Chief Executives, Senior Officials and Legislators",111,Legislators and Senior Officials,1111,Legislators,1111.0100,"Elected Official, Union Government",00
1,Managers,11,"Chief Executives, Senior Officials and Legislators",111,Legislators and Senior Officials,1111,Legislators,1111.0200,"Elected Official, State Government",00
1,Managers,11,"Chief Executives, Senior Officials and Legislators",111,Legislators and Senior Officials,1111,Legislators,1111.0300,"Elected Official, Local Bodies",00
1,Managers,11,"Chief Executives, Senior Officials and Legislators",111,Legislators and Senior Officials,1111,Legislators,1111.9900,"Legislators, Other",00
1,Managers,11,"Chief Executives, Senior Officials and Legislators",111,Legislators and Senior Officials,1112,Senior Government Officials,1112.0100,"Administrative Official, Union Government",00
1,Managers,11,"Chief Executives, Senior Officials and Legislators",111,Legislators and Senior Officials,1112,Senior Government Officials,1112.0200,Diplomat,00
1,Managers,11,"Chief Executives, Senior Officials and Legislators",111,Legislators and Senior Officials,1112,Senior Government Officials,1112.0300,"Executive Officials, Union Government",00
1,Managers,11,"Chief Executives, Senior Officials and Legislators",111,Legislators and Senior Officials,1112,Senior Government Officials,1112.0400,"Administrative Official, State Government",00
1,Managers,11,"Chief Executives, Senior Officials and Legislators",111,Legislators and Senior Officials,1112,Senior Government Officials,1112.0500,"Executive Official, State Government",00
1,Managers,11,"Chief Executives, Senior Officials and Legislators",111,Legislators and Senior Officials,1112,Senior Government Officials,1112.0600,"Administrative and Executive Officials, Quasi Government (Central)",00
1,Managers,11,"Chief Executives, Senior Officials and Legislators",111,Legislators and Senior Officials,1112,Senior Government Officials,1112.0700,"Administrative & Executive Officials, Quasi Government (State)",00
1,Managers,11,"Chief Executives, Senior Officials and Legislators",111,Legislators and Senior Officials,1112,Senior Government Officials,1112.0800,"Administrative and Executive Officials, Local Bodies",00
1,Managers,11,"Chief Executives, Senior Officials and Legislators",111,Legislators and Senior Officials,1112,Senior Government Officials,1112.9900,"Senior Government Officials, Other",00
1,Managers,11,"Chief Executives, Senior Officials and Legislators",111,Legislators and Senior Officials,1114,Senior Officials of Special Interest Organizations,1114.0100,Political Worker,00
1,Managers,11,"Chief Executives, Senior Officials and Legislators",111,Legislators and Senior Officials,1114,Senior Officials of Special Interest Organizations,1114.0200,"Senior Officials of Employers, Workers and Other Economic Interest Organizations",00
1,Managers,11,"Chief Executives, Senior Officials and Legislators",111,Legislators and Senior Officials,1114,Senior Officials of Special Interest Organizations,1114.0300,"Director, Disaster Management Services",00
1,Managers,11,"Chief Executives, Senior Officials and Legislators",111,Legislators and Senior Officials,1114,Senior Officials of Special Interest Organizations,1114.9900,"Senior Officials of Special Interest Organizations, Other",00
1,Managers,11,"Chief Executives, Senior Officials and Legislators",112,Managing Directors and Chief Executives,1120,Managing Directors and Chief Executives,1120.0100,"Working Proprietor, Electricity",00
1,Managers,11,"Chief Executives, Senior Officials and Legislators",112,Managing Directors and Chief Executives,1120,Managing Directors and Chief Executives,1120.0200,"Working Proprietor, Gas",00
1,Managers,11,"Chief Executives, Senior Officials and Legislators",112,Managing Directors and Chief Executives,1120,Managing Directors and Chief Executives,1120.0300,"Working Proprietor, Water Supply",00
1,Managers,11,"Chief Executives, Senior Officials and Legislators",112,Managing Directors and Chief Executives,1120,Managing Directors and Chief Executives,1120.0400,"Director, Electricity",00
1,Managers,11,"Chief Executives, Senior Officials and Legislators",112,Managing Directors and Chief Executives,1120,Managing Directors and Chief Executives,1120.0500,"Director, Gas",00
1,Managers,11,"Chief Executives, Senior Officials and Legislators",112,Managing Directors and Chief Executives,1120,Managing Directors and Chief Executives,1120.0600,"Director, Water Supply",00
1,Managers,11,"Chief Executives, Senior Officials and Legislators",112,Managing Directors and Chief Executives,1120,Managing Directors and Chief Executives,1120.0700,"Director, Bank",00
1,Managers,11,"Chief Executives, Senior Officials and Legislators",112,Managing Directors and Chief Executives,1120,Managing Directors and Chief Executives,1120.0800,"Director, Insurance",00
1,Managers,11,"Chief Executives, Senior Officials and Legislators",112,Managing Directors and Chief Executives,1120,Managing Directors and Chief Executives,1120.0900,"Working Proprietor, Mines/Proprietor, Mines",00
1,Managers,11,"Chief Executives, Senior Officials and Legislators",112,Managing Directors and Chief Executives,1120,Managing Directors and Chief Executives,1120.1000,"Working Proprietor, Quarry/Proprietor, Quarry",00
1,Managers,11,"Chief Executives, Senior Officials and Legislators",112,Managing Directors and Chief Executives,1120,Managing Directors and Chief Executives,1120.1100,"Working Proprietor, Well Drilling/Proprietor, Well Drilling",00
1,Managers,11,"Chief Executives, Senior Officials and Legislators",112,Managing Directors and Chief Executives,1120,Managing Directors and Chief Executives,1120.1200,"Working Proprietor, Construction/Proprietor, Construction",00
1,Managers,11,"Chief Executives, Senior Officials and Legislators",112,Managing Directors and Chief Executives,1120,Managing Directors and Chief Executives,1120.1300,"Director, Construction",00
1,Managers,11,"Chief Executives, Senior Officials and Legislators",112,Managing Directors and Chief Executives,1120,Managing Directors and Chief Executives,1120.1400,"Director, Mines",00
1,Managers,11,"Chief Executives, Senior Officials and Legislators",112,Managing Directors and Chief Executives,1120,Managing Directors and Chief Executives,1120.1500,"Director, Quarry",00
1,Managers,11,"Chief Executives, Senior Officials and Legislators",112,Managing Directors and Chief Executives,1120,Managing Directors and Chief Executives,1120.1600,"Director, Well Drilling",00
1,Managers,11,"Chief Executives, Senior Officials and Legislators",112,Managing Directors and Chief Executives,1120,Managing Directors and Chief Executives,1120.1700,"Working Proprietor, Manufacturing/Proprietor, Manufacturing",00
1,Managers,11,"Chief Executives, Senior Officials and Legislators",112,Managing Directors and Chief Executives,1120,Managing Directors and Chief Executives,1120.1800,Director Manufacturing,00
1,Managers,11,"Chief Executives, Senior Officials and Legislators",112,Managing Directors and Chief Executives,1120,Managing Directors and Chief Executives,1120.1900,"Working Proprietor, Wholesale Trade/Proprietor, Wholesale Trade",00
1,Managers,11,"Chief Executives, Senior Officials and Legislators",112,Managing Directors and Chief Executives,1120,Managing Directors and Chief Executives,1120.2000,"Working Proprietor, Retail Trade/Proprietor, Retail Trade",00
1,Managers,11,"Chief Executives, Senior Officials and Legislators",112,Managing Directors and Chief Executives,1120,Managing Directors and Chief Executives,1120.2100,"Director, Wholesale Trade",00
1,Managers,11,"Chief Executives, Senior Officials and Legislators",112,Managing Directors and Chief Executives,1120,Managing Directors and Chief Executives,1120.2200,"Director, Retail Trade",00
1,Managers,11,"Chief Executives, Senior Officials and Legislators",112,Managing Directors and Chief Executives,1120,Managing Directors and Chief Executives,1120.2300,"Working Proprietor, Transport",00
1,Managers,11,"Chief Executives, Senior Officials and Legislators",112,Managing Directors and Chief Executives,1120,Managing Directors and Chief Executives,1120.2400,"Director, Transport",00
1,Managers,11,"Chief Executives, Senior Officials and Legislators",112,Managing Directors and Chief Executives,1120,Managing Directors and Chief Executives,1120.2500,"Director, Communication",00
1,Managers,11,"Chief Executives, Senior Officials and Legislators",112,Managing Directors and Chief Executives,1120,Managing Directors and Chief Executives,1120.2600,"Director, Airport",00
1,Managers,11,"Chief Executives, Senior Officials and Legislators",112,Managing Directors and Chief Executives,1120,Managing Directors and Chief Executives,1120.2700,"Working Proprietor, Storage and Warehousing",00
1,Managers,11,"Chief Executives, Senior Officials and Legislators",112,Managing Directors and Chief Executives,1120,Managing Directors and Chief Executives,1120.2800,"Director, Storage and Warehousing",00
1,Managers,11,"Chief Executives, Senior Officials and Legislators",112,Managing Directors and Chief Executives,1120,Managing Directors and Chief Executives,1120.2900,"Working Proprietor, Lodging and Catering Services",00
1,Managers,11,"Chief Executives, Senior Officials and Legislators",112,Managing Directors and Chief Executives,1120,Managing Directors and Chief Executives,1120.3000,"Director, Lodging and Catering Services/Director Food and Beverage Service",00
1,Managers,11,"Chief Executives, Senior Officials and Legislators",112,Managing Directors and Chief Executives,1120,Managing Directors and Chief Executives,1120.3100,Executive Chef,00
1,Managers,11,"Chief Executives, Senior Officials and Legislators",112,Managing Directors and Chief Executives,1120,Managing Directors and Chief Executives,1120.3200,"Working Proprietor, Recreation and Entertainment",00
1,Managers,11,"Chief Executives, Senior Officials and Legislators",112,Managing Directors and Chief Executives,1120,Managing Directors and Chief Executives,1120.3300,"Director, Recreation and Entertainment",00
1,Managers,11,"Chief Executives, Senior Officials and Legislators",112,Managing Directors and Chief Executives,1120,Managing Directors and Chief Executives,1120.3400,"Station Director, Radio/TV",00
1,Managers,11,"Chief Executives, Senior Officials and Legislators",112,Managing Directors and Chief Executives,1120,Managing Directors and Chief Executives,1120.3401,Account Director ( Advertising Agency),01
1,Managers,11,"Chief Executives, Senior Officials and Legislators",112,Managing Directors and Chief Executives,1120,Managing Directors and Chief Executives,1120.3402,Sales Director (Media Org),02
1,Managers,11,"Chief Executives, Senior Officials and Legislators",112,Managing Directors and Chief Executives,1120,Managing Directors and Chief Executives,1120.3500,"Working Proprietor, Other Services",00
1,Managers,11,"Chief Executives, Senior Officials and Legislators",112,Managing Directors and Chief Executives,1120,Managing Directors and Chief Executives,1120.3600,"Director, Other Services",00
1,Managers,11,"Chief Executives, Senior Officials and Legislators",112,Managing Directors and Chief Executives,1120,Managing Directors and Chief Executives,1120.3700,"Director, Museum/Zoo",00
1,Managers,11,"Chief Executives, Senior Officials and Legislators",112,Managing Directors and Chief Executives,1120,Managing Directors and Chief Executives,1120.3800,Chief Librarian,00
1,Managers,11,"Chief Executives, Senior Officials and Legislators",112,Managing Directors and Chief Executives,1120,Managing Directors and Chief Executives,1120.3900,"Principal, College",00
1,Managers,11,"Chief Executives, Senior Officials and Legislators",112,Managing Directors and Chief Executives,1120,Managing Directors and Chief Executives,1120.9900,"Managing Directors and Chief Executives, Others",00
1,Managers,12,Administrative and Commercial Managers,121,Business Services and Administration Managers,1211,Finance Managers,1211.0100,"General Manager, Bank",00
1,Managers,12,Administrative and Commercial Managers,121,Business Services and Administration Managers,1211,Finance Managers,1211.0200,"General Manager, Insurance",00
1,Managers,12,Administrative and Commercial Managers,121,Business Services and Administration Managers,1211,Finance Managers,1211.0300,"Purser, Ship",00
1,Managers,12,Administrative and Commercial Managers,121,Business Services and Administration Managers,1211,Finance Managers,1211.9900,"Finance Managers, Others",00
1,Managers,12,Administrative and Commercial Managers,121,Business Services and Administration Managers,1212,Human Resource Managers,1212.0100,Personnel Manager,00
1,Managers,12,Administrative and Commercial Managers,121,Business Services and Administration Managers,1212,Human Resource Managers,1212.9900,"Personnel and Industrial Relations Managers,",00
1,Managers,12,Administrative and Commercial Managers,121,Business Services and Administration Managers,1213,Policy and Planning Managers,1213.0100,"Manager, Automotive Service",00
1,Managers,12,Administrative and Commercial Managers,121,Business Services and Administration Managers,1213,Policy and Planning Managers,1213.0101,Quality Assurance Standards In-Charge,01
1,Managers,12,Administrative and Commercial Managers,121,Business Services and Administration Managers,1213,Policy and Planning Managers,1213.0102,Manager – Customer Quality,02
1,Managers,12,Administrative and Commercial Managers,121,Business Services and Administration Managers,1213,Policy and Planning Managers,1213.0200,"Manager, Automotive Service Station",00
1,Managers,12,Administrative and Commercial Managers,121,Business Services and Administration Managers,1213,Policy and Planning Managers,1213.0201,Area Service Manager,01
1,Managers,12,Administrative and Commercial Managers,121,Business Services and Administration Managers,1213,Policy and Planning Managers,1213.0202,Territory Service Manager,02
1,Managers,12,Administrative and Commercial Managers,121,Business Services and Administration Managers,1213,Policy and Planning Managers,1213.9900,"Managers, Other Services",00
1,Managers,12,Administrative and Commercial Managers,121,Business Services and Administration Managers,1219,Business Services and Administration Managers Not Elsewhere Classified,1219.0100,"Manager, Import and Export",00
1,Managers,12,Administrative and Commercial Managers,121,Business Services and Administration Managers,1219,Business Services and Administration Managers Not Elsewhere Classified,1219.0101,Export Manager,01
1,Managers,12,Administrative and Commercial Managers,121,Business Services and Administration Managers,1219,Business Services and Administration Managers Not Elsewhere Classified,1219.0200,"Manager, Health Club/Manager, Fitness Club/Centre/Gym",00
1,Managers,12,Administrative and Commercial Managers,122,"Sales, Marketing and Development Managers",1221,Sales and Marketing Managers,1221.0100,Sales Manager (Wholesale Trade),00
1,Managers,12,Administrative and Commercial Managers,122,"Sales, Marketing and Development Managers",1221,Sales and Marketing Managers,1221.0200,Sales Manager (Retail Trade),00
1,Managers,12,Administrative and Commercial Managers,122,"Sales, Marketing and Development Managers",1221,Sales and Marketing Managers,1221.0301,Home Delivery Manager,01
1,Managers,12,Administrative and Commercial Managers,122,"Sales, Marketing and Development Managers",1221,Sales and Marketing Managers,1221.0401,Territory Sales Manager (Broadband),01
1,Managers,12,Administrative and Commercial Managers,122,"Sales, Marketing and Development Managers",1221,Sales and Marketing Managers,1221.0501,Territory Sales Manager (Prepaid),01
1,Managers,12,Administrative and Commercial Managers,122,"Sales, Marketing and Development Managers",1221,Sales and Marketing Managers,1221.0601,Sales Co-Ordinator (Media Org),01
1,Managers,12,Administrative and Commercial Managers,122,"Sales, Marketing and Development Managers",1221,Sales and Marketing Managers,1221.0602,Sales Manager (Media Org),02
1,Managers,12,Administrative and Commercial Managers,122,"Sales, Marketing and Development Managers",1221,Sales and Marketing Managers,1221.9900,"Sales and Marketing Managers, Other",00
1,Managers,12,Administrative and Commercial Managers,122,"Sales, Marketing and Development Managers",1222,Advertising and Public Relation Managers,1222.0100,"Manager, Advertising and Promotion",00
1,Managers,12,Administrative and Commercial Managers,122,"Sales, Marketing and Development Managers",1222,Advertising and Public Relation Managers,1222.0102,Advertising Operations Co-Ordinator (Digital),02
1,Managers,12,Administrative and Commercial Managers,122,"Sales, Marketing and Development Managers",1222,Advertising and Public Relation Managers,1222.0200,"Manager, Fashion/Fashion Manager",00
1,Managers,12,Administrative and Commercial Managers,122,"Sales, Marketing and Development Managers",1222,Advertising and Public Relation Managers,1222.9900,"Advertising and Public Relations Department Managers, Others",00
1,Managers,12,Administrative and Commercial Managers,122,"Sales, Marketing and Development Managers",1223,Research and Development Managers,1223.0101,Manager Testing Facility,01
1,Managers,12,Administrative and Commercial Managers,122,"Sales, Marketing and Development Managers",1223,Research and Development Managers,1223.0102,Manager Material Testing,02
1,Managers,12,Administrative and Commercial Managers,122,"Sales, Marketing and Development Managers",1223,Research and Development Managers,1223.0201,Research Associate,01
1,Managers,13,Production and Specialized Services Managers,131,"Production Managers in Agriculture, Forestry and Fisheries",1311,Agricultural and Forestry Production Managers,1311.0100,"General Manager, Plantation",00
1,Managers,13,Production and Specialized Services Managers,131,"Production Managers in Agriculture, Forestry and Fisheries",1311,Agricultural and Forestry Production Managers,1311.0200,"General Manager, Horticulture",00
1,Managers,13,Production and Specialized Services Managers,131,"Production Managers in Agriculture, Forestry and Fisheries",1311,Agricultural and Forestry Production Managers,1311.0300,"General Manager, Agricultural Farm",00
1,Managers,13,Production and Specialized Services Managers,131,"Production Managers in Agriculture, Forestry and Fisheries",1311,Agricultural and Forestry Production Managers,1311.0400,"General Manager, Livestock Farm",00
1,Managers,13,Production and Specialized Services Managers,131,"Production Managers in Agriculture, Forestry and Fisheries",1311,Agricultural and Forestry Production Managers,1311.0500,"General Manager, Dairy Farm",00
1,Managers,13,Production and Specialized Services Managers,131,"Production Managers in Agriculture, Forestry and Fisheries",1311,Agricultural and Forestry Production Managers,1311.0600,"General Manager, Poultry",00
1,Managers,13,Production and Specialized Services Managers,131,"Production Managers in Agriculture, Forestry and Fisheries",1311,Agricultural and Forestry Production Managers,1311.0700,"Manager, Agricultural Farm",00
1,Managers,13,Production and Specialized Services Managers,131,"Production Managers in Agriculture, Forestry and Fisheries",1311,Agricultural and Forestry Production Managers,1311.0800,"Manager, Plantation",00
1,Managers,13,Production and Specialized Services Managers,131,"Production Managers in Agriculture, Forestry and Fisheries",1311,Agricultural and Forestry Production Managers,1311.0900,"Manager, Nursery",00
1,Managers,13,Production and Specialized Services Managers,131,"Production Managers in Agriculture, Forestry and Fisheries",1311,Agricultural and Forestry Production Managers,1311.0901,Rubber Nursery Manager,01
1,Managers,13,Production and Specialized Services Managers,131,"Production Managers in Agriculture, Forestry and Fisheries",1311,Agricultural and Forestry Production Managers,1311.1000,"Manager, Aerial Planting and Cultivation",00
1,Managers,13,Production and Specialized Services Managers,131,"Production Managers in Agriculture, Forestry and Fisheries",1311,Agricultural and Forestry Production Managers,1311.1100,"Manager, Orchard",00
1,Managers,13,Production and Specialized Services Managers,131,"Production Managers in Agriculture, Forestry and Fisheries",1311,Agricultural and Forestry Production Managers,1311.1200,"Manager, Horticulture Farm",00
1,Managers,13,Production and Specialized Services Managers,131,"Production Managers in Agriculture, Forestry and Fisheries",1311,Agricultural and Forestry Production Managers,1311.1300,"Manager, Livestock Farm",00
1,Managers,13,Production and Specialized Services Managers,131,"Production Managers in Agriculture, Forestry and Fisheries",1311,Agricultural and Forestry Production Managers,1311.1400,"Manager, Dairy Farm",00
1,Managers,13,Production and Specialized Services Managers,131,"Production Managers in Agriculture, Forestry and Fisheries",1311,Agricultural and Forestry Production Managers,1311.1500,"Manager, Poultry Farm",00
1,Managers,13,Production and Specialized Services Managers,131,"Production Managers in Agriculture, Forestry and Fisheries",1311,Agricultural and Forestry Production Managers,1311.9900,"Agricultural and Forestry Production Managers, Others",00
1,Managers,13,Production and Specialized Services Managers,132,"Manufacturing, Mining, Construction and Distribution Managers",1321,Manufacturing Managers,1321.0100,"Manager, Electricity",00
1,Managers,13,Production and Specialized Services Managers,132,"Manufacturing, Mining, Construction and Distribution Managers",1321,Manufacturing Managers,1321.0200,Terminal Manager,00
1,Managers,13,Production and Specialized Services Managers,132,"Manufacturing, Mining, Construction and Distribution Managers",1321,Manufacturing Managers,1321.0300,"Manager, Gas",00
1,Managers,13,Production and Specialized Services Managers,132,"Manufacturing, Mining, Construction and Distribution Managers",1321,Manufacturing Managers,1321.0400,"Manager, Water Supply",00
1,Managers,13,Production and Specialized Services Managers,132,"Manufacturing, Mining, Construction and Distribution Managers",1321,Manufacturing Managers,1321.0500,"Manager, Food Processing Plant",00
1,Managers,13,Production and Specialized Services Managers,132,"Manufacturing, Mining, Construction and Distribution Managers",1321,Manufacturing Managers,1321.0600,"Manager, Manufacturing",00
1,Managers,13,Production and Specialized Services Managers,132,"Manufacturing, Mining, Construction and Distribution Managers",1321,Manufacturing Managers,1321.0700,"General Manager, Electricity",00
1,Managers,13,Production and Specialized Services Managers,132,"Manufacturing, Mining, Construction and Distribution Managers",1321,Manufacturing Managers,1321.0800,"General Manager, Gas",00
1,Managers,13,Production and Specialized Services Managers,132,"Manufacturing, Mining, Construction and Distribution Managers",1321,Manufacturing Managers,1321.0900,"General Manager, Water Supply",00
1,Managers,13,Production and Specialized Services Managers,132,"Manufacturing, Mining, Construction and Distribution Managers",1321,Manufacturing Managers,1321.1000,"General Manager, Manufacturing",00
1,Managers,13,Production and Specialized Services Managers,132,"Manufacturing, Mining, Construction and Distribution Managers",1321,Manufacturing Managers,1321.9900,"Manufacturing Managers, Other",00
1,Managers,13,Production and Specialized Services Managers,132,"Manufacturing, Mining, Construction and Distribution Managers",1322,Mining Managers,1322.0100,"Manager, Mine",00
1,Managers,13,Production and Specialized Services Managers,132,"Manufacturing, Mining, Construction and Distribution Managers",1322,Mining Managers,1322.0200,"Manager, Quarry",00
1,Managers,13,Production and Specialized Services Managers,132,"Manufacturing, Mining, Construction and Distribution Managers",1322,Mining Managers,1322.0300,"Manager, Well Drilling",00
1,Managers,13,Production and Specialized Services Managers,132,"Manufacturing, Mining, Construction and Distribution Managers",1322,Mining Managers,1322.0400,"General Manager, Mine",00
1,Managers,13,Production and Specialized Services Managers,132,"Manufacturing, Mining, Construction and Distribution Managers",1322,Mining Managers,1322.0500,"General Manager, Quarry",00
1,Managers,13,Production and Specialized Services Managers,132,"Manufacturing, Mining, Construction and Distribution Managers",1322,Mining Managers,1322.0600,"General Manager, Well Drilling",00
1,Managers,13,Production and Specialized Services Managers,132,"Manufacturing, Mining, Construction and Distribution Managers",1322,Mining Managers,1322.9900,"Mining Managers, Other",00
1,Managers,13,Production and Specialized Services Managers,132,"Manufacturing, Mining, Construction and Distribution Managers",1323,Construction Managers,1323.0100,"Manager, Construction/Manager Construction Projects",00
1,Managers,13,Production and Specialized Services Managers,132,"Manufacturing, Mining, Construction and Distribution Managers",1323,Construction Managers,1323.0200,"Manager, Land Survey",00
1,Managers,13,Production and Specialized Services Managers,132,"Manufacturing, Mining, Construction and Distribution Managers",1323,Construction Managers,1323.0300,"General Manager, Construction/General Manager Construction Projects",00
1,Managers,13,Production and Specialized Services Managers,132,"Manufacturing, Mining, Construction and Distribution Managers",1323,Construction Managers,1323.9900,"Construction Managers, Other",00
1,Managers,13,Production and Specialized Services Managers,132,"Manufacturing, Mining, Construction and Distribution Managers",1324,"Supply, Distribution and Related Managers",1324.0100,"Manager, Material Control/Manager Materials",00
1,Managers,13,Production and Specialized Services Managers,132,"Manufacturing, Mining, Construction and Distribution Managers",1324,"Supply, Distribution and Related Managers",1324.0101,Manager Supplier Quality,01
1,Managers,13,Production and Specialized Services Managers,132,"Manufacturing, Mining, Construction and Distribution Managers",1324,"Supply, Distribution and Related Managers",1324.0102,Material Co-Ordination Manager,02
1,Managers,13,Production and Specialized Services Managers,132,"Manufacturing, Mining, Construction and Distribution Managers",1324,"Supply, Distribution and Related Managers",1324.0103,Manager Vendor Development,03
1,Managers,13,Production and Specialized Services Managers,132,"Manufacturing, Mining, Construction and Distribution Managers",1324,"Supply, Distribution and Related Managers",1324.0200,"Manager, Transport",00
1,Managers,13,Production and Specialized Services Managers,132,"Manufacturing, Mining, Construction and Distribution Managers",1324,"Supply, Distribution and Related Managers",1324.0300,"Station Master, Roadways",00
1,Managers,13,Production and Specialized Services Managers,132,"Manufacturing, Mining, Construction and Distribution Managers",1324,"Supply, Distribution and Related Managers",1324.0400,"Traffic Inspector, Motor Transport",00
1,Managers,13,Production and Specialized Services Managers,132,"Manufacturing, Mining, Construction and Distribution Managers",1324,"Supply, Distribution and Related Managers",1324.0500,"Manager, Traffic",00
1,Managers,13,Production and Specialized Services Managers,132,"Manufacturing, Mining, Construction and Distribution Managers",1324,"Supply, Distribution and Related Managers",1324.0600,"Traffic Inspector, Railway",00
1,Managers,13,Production and Specialized Services Managers,132,"Manufacturing, Mining, Construction and Distribution Managers",1324,"Supply, Distribution and Related Managers",1324.0700,"Traffic Inspector, Tram",00
1,Managers,13,Production and Specialized Services Managers,132,"Manufacturing, Mining, Construction and Distribution Managers",1324,"Supply, Distribution and Related Managers",1324.0800,"Manager, Flight Operation",00
1,Managers,13,Production and Specialized Services Managers,132,"Manufacturing, Mining, Construction and Distribution Managers",1324,"Supply, Distribution and Related Managers",1324.0900,Aerodrome Officer,00
1,Managers,13,Production and Specialized Services Managers,132,"Manufacturing, Mining, Construction and Distribution Managers",1324,"Supply, Distribution and Related Managers",1324.1000,"Flight Operation Officer, Air Service",00
1,Managers,13,Production and Specialized Services Managers,132,"Manufacturing, Mining, Construction and Distribution Managers",1324,"Supply, Distribution and Related Managers",1324.1100,"Traffic Officer, Air Service/Traffic Controller",00
1,Managers,13,Production and Specialized Services Managers,132,"Manufacturing, Mining, Construction and Distribution Managers",1324,"Supply, Distribution and Related Managers",1324.1200,"Manager, Storage and Warehousing",00
1,Managers,13,Production and Specialized Services Managers,132,"Manufacturing, Mining, Construction and Distribution Managers",1324,"Supply, Distribution and Related Managers",1324.1201,Warehouse Supervisor,01
1,Managers,13,Production and Specialized Services Managers,132,"Manufacturing, Mining, Construction and Distribution Managers",1324,"Supply, Distribution and Related Managers",1324.1300,"Goods Supervisor, Railway",00
1,Managers,13,Production and Specialized Services Managers,132,"Manufacturing, Mining, Construction and Distribution Managers",1324,"Supply, Distribution and Related Managers",1324.1400,"Goods Supervisor, Road Transport",00
1,Managers,13,Production and Specialized Services Managers,132,"Manufacturing, Mining, Construction and Distribution Managers",1324,"Supply, Distribution and Related Managers",1324.1500,"Station Master, Railway",00
1,Managers,13,Production and Specialized Services Managers,132,"Manufacturing, Mining, Construction and Distribution Managers",1324,"Supply, Distribution and Related Managers",1324.1600,"Platform Inspector, Railway",00
1,Managers,13,Production and Specialized Services Managers,132,"Manufacturing, Mining, Construction and Distribution Managers",1324,"Supply, Distribution and Related Managers",1324.1700,"Rates Inspector, Railway",00
1,Managers,13,Production and Specialized Services Managers,132,"Manufacturing, Mining, Construction and Distribution Managers",1324,"Supply, Distribution and Related Managers",1324.1800,"Depot Starter, Tram",00
1,Managers,13,Production and Specialized Services Managers,132,"Manufacturing, Mining, Construction and Distribution Managers",1324,"Supply, Distribution and Related Managers",1324.1900,"Section Controller, Railway",00
1,Managers,13,Production and Specialized Services Managers,132,"Manufacturing, Mining, Construction and Distribution Managers",1324,"Supply, Distribution and Related Managers",1324.2000,"Accident Officer, Tram",00
1,Managers,13,Production and Specialized Services Managers,132,"Manufacturing, Mining, Construction and Distribution Managers",1324,"Supply, Distribution and Related Managers",1324.2100,"General Manager, Transport",00
1,Managers,13,Production and Specialized Services Managers,132,"Manufacturing, Mining, Construction and Distribution Managers",1324,"Supply, Distribution and Related Managers",1324.2200,"General Manager, Storage and Warehousing",00
1,Managers,13,Production and Specialized Services Managers,132,"Manufacturing, Mining, Construction and Distribution Managers",1324,"Supply, Distribution and Related Managers",1324.9900,"Supply, Distribution and Related Managers and General Managers, Other",00
1,Managers,13,Production and Specialized Services Managers,133,Information and Communications Technology Services Manager,1330,Information and Communication Technology Services,1330.0100,"Manager, Communication",00
1,Managers,13,Production and Specialized Services Managers,133,Information and Communications Technology Services Manager,1330,Information and Communication Technology Services,1330.0101,Communication Analyst,01
1,Managers,13,Production and Specialized Services Managers,133,Information and Communications Technology Services Manager,1330,Information and Communication Technology Services,1330.0200,"Contract Officer, Telephone/Liaising Officer/ PRO/Business Executive",00
1,Managers,13,Production and Specialized Services Managers,133,Information and Communications Technology Services Manager,1330,Information and Communication Technology Services,1330.0300,Post Master,00
1,Managers,13,Production and Specialized Services Managers,133,Information and Communications Technology Services Manager,1330,Information and Communication Technology Services,1330.0600,"General Manager, Communication",00
1,Managers,13,Production and Specialized Services Managers,133,Information and Communications Technology Services Manager,1330,Information and Communication Technology Services,1330.0701,Cluster Manager,01
1,Managers,13,Production and Specialized Services Managers,133,Information and Communications Technology Services Manager,1330,Information and Communication Technology Services,1330.9900,"Information and Communication Technology Services Manager, Other",00
1,Managers,13,Production and Specialized Services Managers,134,Professional Services Managers,1345,Education Managers,1345.0100,Headmaster,00
1,Managers,13,Production and Specialized Services Managers,134,Professional Services Managers,1346,Financial and Insurance Service Branch,1346.0100,"Manager, Bank",00
1,Managers,13,Production and Specialized Services Managers,134,Professional Services Managers,1346,Financial and Insurance Service Branch,1346.0200,"Manager, Insurance",00
1,Managers,13,Production and Specialized Services Managers,134,Professional Services Managers,1346,Financial and Insurance Service Branch,1346.9900,"Financial and Insurance Service Branch Managers, Other",00
1,Managers,14,"Hospitality, Retail and Other Services Managers",141,Hotel and Restaurant Managers,1411,Hotel Managers,1411.0100,"Manager, Lodging and Catering Services/Resident Manager",00
1,Managers,14,"Hospitality, Retail and Other Services Managers",141,Hotel and Restaurant Managers,1411,Hotel Managers,1411.0200,"General Manager, Lodging and Catering Services",00
1,Managers,14,"Hospitality, Retail and Other Services Managers",141,Hotel and Restaurant Managers,1411,Hotel Managers,1411.9900,"Hotel Managers, Others",00
1,Managers,14,"Hospitality, Retail and Other Services Managers",141,Hotel and Restaurant Managers,1412,Restaurant Managers,1412.0100,"Manager, Fast Food Service",00
1,Managers,14,"Hospitality, Retail and Other Services Managers",141,Hotel and Restaurant Managers,1412,Restaurant Managers,1412.9900,"Restaurant Managers, Other",00
1,Managers,14,"Hospitality, Retail and Other Services Managers",142,Retail and Wholesale Trade Managers,1420,Retail and Wholesale Trade Managers,1420.0100,"Manager, Wholesale Trade",00
1,Managers,14,"Hospitality, Retail and Other Services Managers",142,Retail and Wholesale Trade Managers,1420,Retail and Wholesale Trade Managers,1420.0200,"Manager, Retail Trade",00
1,Managers,14,"Hospitality, Retail and Other Services Managers",142,Retail and Wholesale Trade Managers,1420,Retail and Wholesale Trade Managers,1420.0300,"Manager, Export",00
1,Managers,14,"Hospitality, Retail and Other Services Managers",142,Retail and Wholesale Trade Managers,1420,Retail and Wholesale Trade Managers,1420.0400,"General Manager, Wholesale Trade/Senior",00
1,Managers,14,"Hospitality, Retail and Other Services Managers",142,Retail and Wholesale Trade Managers,1420,Retail and Wholesale Trade Managers,1420.0500,"General Manager, Retail Trade, Senior Manager, Retail Trade",00
1,Managers,14,"Hospitality, Retail and Other Services Managers",142,Retail and Wholesale Trade Managers,1420,Retail and Wholesale Trade Managers,1420.9900,"Retail and Wholesale Trade Managers, Other",00
1,Managers,14,"Hospitality, Retail and Other Services Managers",143,Other Services Managers,1431,"Sports, Recreation and Cultural Centre Managers",1431.0100,"General Manager, Recreation and Entertainment",00
1,Managers,14,"Hospitality, Retail and Other Services Managers",143,Other Services Managers,1431,"Sports, Recreation and Cultural Centre Managers",1431.9900,"Sports, Recreation and Cultural Centre Manager, Other",00
2,Professionals,21,Science and Engineering Professionals,211,Physical and Earth Science Professionals,2111,Physicists and Astronomers,2111.0100,"Physicist, General",00
2,Professionals,21,Science and Engineering Professionals,211,Physical and Earth Science Professionals,2111,Physicists and Astronomers,2111.0200,"Physicist, Mechanics",00
2,Professionals,21,Science and Engineering Professionals,211,Physical and Earth Science Professionals,2111,Physicists and Astronomers,2111.0300,"Physicist, Heat",00
2,Professionals,21,Science and Engineering Professionals,211,Physical and Earth Science Professionals,2111,Physicists and Astronomers,2111.0400,"Physicist, Light",00
2,Professionals,21,Science and Engineering Professionals,211,Physical and Earth Science Professionals,2111,Physicists and Astronomers,2111.0500,"Physicist, Sound",00
2,Professionals,21,Science and Engineering Professionals,211,Physical and Earth Science Professionals,2111,Physicists and Astronomers,2111.0600,"Physicist, Electricity and Magnetism",00
2,Professionals,21,Science and Engineering Professionals,211,Physical and Earth Science Professionals,2111,Physicists and Astronomers,2111.0700,"Physicist, Electronics",00
2,Professionals,21,Science and Engineering Professionals,211,Physical and Earth Science Professionals,2111,Physicists and Astronomers,2111.0800,"Physicist, Nuclear",00
2,Professionals,21,Science and Engineering Professionals,211,Physical and Earth Science Professionals,2111,Physicists and Astronomers,2111.0900,Astronomer,00
2,Professionals,21,Science and Engineering Professionals,211,Physical and Earth Science Professionals,2111,Physicists and Astronomers,2111.1000,Metrologist,00
2,Professionals,21,Science and Engineering Professionals,211,Physical and Earth Science Professionals,2111,Physicists and Astronomers,2111.1100,Material Scientist,00
2,Professionals,21,Science and Engineering Professionals,211,Physical and Earth Science Professionals,2111,Physicists and Astronomers,2111.9900,"Physicists and Astronomers, Other",00
2,Professionals,21,Science and Engineering Professionals,211,Physical and Earth Science Professionals,2112,Meteorologists,2112.0100,Meteorologist,00
2,Professionals,21,Science and Engineering Professionals,211,Physical and Earth Science Professionals,2112,Meteorologists,2112.9900,"Meteorologists, Other",00
2,Professionals,21,Science and Engineering Professionals,211,Physical and Earth Science Professionals,2113,Chemists,2113.0100,"Chemist, General",00
2,Professionals,21,Science and Engineering Professionals,211,Physical and Earth Science Professionals,2113,Chemists,2113.0200,"Chemist, Organic",00
2,Professionals,21,Science and Engineering Professionals,211,Physical and Earth Science Professionals,2113,Chemists,2113.0300,"Chemist, Inorganic",00
2,Professionals,21,Science and Engineering Professionals,211,Physical and Earth Science Professionals,2113,Chemists,2113.0400,"Chemist, Physical",00
2,Professionals,21,Science and Engineering Professionals,211,Physical and Earth Science Professionals,2113,Chemists,2113.0500,"Chemist, Analytical",00
2,Professionals,21,Science and Engineering Professionals,211,Physical and Earth Science Professionals,2113,Chemists,2113.0600,"Chemist, Industrial",00
2,Professionals,21,Science and Engineering Professionals,211,Physical and Earth Science Professionals,2113,Chemists,2113.0601,Quality Control Chemist,01
2,Professionals,21,Science and Engineering Professionals,211,Physical and Earth Science Professionals,2113,Chemists,2113.0621,Lab Chemist – Finished Product Testing,21
2,Professionals,21,Science and Engineering Professionals,211,Physical and Earth Science Professionals,2113,Chemists,2113.0622,Lab Chemist – Incoming Raw Material Testing,22
2,Professionals,21,Science and Engineering Professionals,211,Physical and Earth Science Professionals,2113,Chemists,2113.0623,Lab Chemist – Compound Testing – Batch Release,23
2,Professionals,21,Science and Engineering Professionals,211,Physical and Earth Science Professionals,2113,Chemists,2113.0624,Lab Chemist – Cured Compound Testing,24
2,Professionals,21,Science and Engineering Professionals,211,Physical and Earth Science Professionals,2113,Chemists,2113.0800,"Chemist, Forensic Science",00
2,Professionals,21,Science and Engineering Professionals,211,Physical and Earth Science Professionals,2113,Chemists,2113.0901,Quality Assurance Chemist,01
2,Professionals,21,Science and Engineering Professionals,211,Physical and Earth Science Professionals,2113,Chemists,2113.9900,"Chemists, Other",00
2,Professionals,21,Science and Engineering Professionals,211,Physical and Earth Science Professionals,2114,Geologists and Geophysicists,2114.0100,Geologist,00
2,Professionals,21,Science and Engineering Professionals,211,Physical and Earth Science Professionals,2114,Geologists and Geophysicists,2114.0200,Petrologists,00
2,Professionals,21,Science and Engineering Professionals,211,Physical and Earth Science Professionals,2114,Geologists and Geophysicists,2114.0300,Palaeontologist,00
2,Professionals,21,Science and Engineering Professionals,211,Physical and Earth Science Professionals,2114,Geologists and Geophysicists,2114.0400,Geophysicist,00
2,Professionals,21,Science and Engineering Professionals,211,Physical and Earth Science Professionals,2114,Geologists and Geophysicists,2114.0500,Hydrologist,00
2,Professionals,21,Science and Engineering Professionals,211,Physical and Earth Science Professionals,2114,Geologists and Geophysicists,2114.0600,Mineralogist,00
2,Professionals,21,Science and Engineering Professionals,211,Physical and Earth Science Professionals,2114,Geologists and Geophysicists,2114.0700,Seismologist,00
2,Professionals,21,Science and Engineering Professionals,211,Physical and Earth Science Professionals,2114,Geologists and Geophysicists,2114.0800,Oceanographer,00
2,Professionals,21,Science and Engineering Professionals,211,Physical and Earth Science Professionals,2114,Geologists and Geophysicists,2114.1500,"Geologist, Petroleum",00
2,Professionals,21,Science and Engineering Professionals,211,Physical and Earth Science Professionals,2114,Geologists and Geophysicists,2114.5500,"Hydrographer, Waterworks",00
2,Professionals,21,Science and Engineering Professionals,211,Physical and Earth Science Professionals,2114,Geologists and Geophysicists,2114.9900,"Geologists and Geophysicists, Other",00
2,Professionals,21,Science and Engineering Professionals,212,"Mathematicians, Actuaries and Statisticians",2120,"Mathematicians, Actuaries and Statisticians",2120.0100,Mathematician,00
2,Professionals,21,Science and Engineering Professionals,212,"Mathematicians, Actuaries and Statisticians",2120,"Mathematicians, Actuaries and Statisticians",2120.0200,Actuary,00
2,Professionals,21,Science and Engineering Professionals,212,"Mathematicians, Actuaries and Statisticians",2120,"Mathematicians, Actuaries and Statisticians",2120.0300,Statistician,00
2,Professionals,21,Science and Engineering Professionals,212,"Mathematicians, Actuaries and Statisticians",2120,"Mathematicians, Actuaries and Statisticians",2120.0400,"Statistician, Applied",00
2,Professionals,21,Science and Engineering Professionals,212,"Mathematicians, Actuaries and Statisticians",2120,"Mathematicians, Actuaries and Statisticians",2120.0500,Operation Research Analyst,00
2,Professionals,21,Science and Engineering Professionals,212,"Mathematicians, Actuaries and Statisticians",2120,"Mathematicians, Actuaries and Statisticians",2120.0501,Associate – Analytics,01
2,Professionals,21,Science and Engineering Professionals,212,"Mathematicians, Actuaries and Statisticians",2120,"Mathematicians, Actuaries and Statisticians",2120.9900,"Mathematicians, Actuaries and Statisticians,",00
2,Professionals,21,Science and Engineering Professionals,213,Life Sciences Professionals,2131,"Biologists, Botanists, Zoologists and Related Professionals",2131.0100,"Biologist, General",00
2,Professionals,21,Science and Engineering Professionals,213,Life Sciences Professionals,2131,"Biologists, Botanists, Zoologists and Related Professionals",2131.0200,Marine Biologist,00
2,Professionals,21,Science and Engineering Professionals,213,Life Sciences Professionals,2131,"Biologists, Botanists, Zoologists and Related Professionals",2131.0300,Cytologist,00
2,Professionals,21,Science and Engineering Professionals,213,Life Sciences Professionals,2131,"Biologists, Botanists, Zoologists and Related Professionals",2131.0400,"Botanist, General",00
2,Professionals,21,Science and Engineering Professionals,213,Life Sciences Professionals,2131,"Biologists, Botanists, Zoologists and Related Professionals",2131.0500,Economic Botanist,00
2,Professionals,21,Science and Engineering Professionals,213,Life Sciences Professionals,2131,"Biologists, Botanists, Zoologists and Related Professionals",2131.0600,Plant Breeder,00
2,Professionals,21,Science and Engineering Professionals,213,Life Sciences Professionals,2131,"Biologists, Botanists, Zoologists and Related Professionals",2131.0700,Mycologist,00
2,Professionals,21,Science and Engineering Professionals,213,Life Sciences Professionals,2131,"Biologists, Botanists, Zoologists and Related Professionals",2131.0800,Algologist,00
2,Professionals,21,Science and Engineering Professionals,213,Life Sciences Professionals,2131,"Biologists, Botanists, Zoologists and Related Professionals",2131.0900,"Zoologist, General",00
2,Professionals,21,Science and Engineering Professionals,213,Life Sciences Professionals,2131,"Biologists, Botanists, Zoologists and Related Professionals",2131.1000,Entomologist,00
2,Professionals,21,Science and Engineering Professionals,213,Life Sciences Professionals,2131,"Biologists, Botanists, Zoologists and Related Professionals",2131.1100,Parasitologist,00
2,Professionals,21,Science and Engineering Professionals,213,Life Sciences Professionals,2131,"Biologists, Botanists, Zoologists and Related Professionals",2131.1200,Bacteriologist,00
2,Professionals,21,Science and Engineering Professionals,213,Life Sciences Professionals,2131,"Biologists, Botanists, Zoologists and Related Professionals",2131.1300,"Chemist, Biological",00
2,Professionals,21,Science and Engineering Professionals,213,Life Sciences Professionals,2131,"Biologists, Botanists, Zoologists and Related Professionals",2131.1400,"Chemist, Food",00
2,Professionals,21,Science and Engineering Professionals,213,Life Sciences Professionals,2131,"Biologists, Botanists, Zoologists and Related Professionals",2131.1500,Plant Pathologist,00
2,Professionals,21,Science and Engineering Professionals,213,Life Sciences Professionals,2131,"Biologists, Botanists, Zoologists and Related Professionals",2131.1800,Plant Physiologist,00
2,Professionals,21,Science and Engineering Professionals,213,Life Sciences Professionals,2131,"Biologists, Botanists, Zoologists and Related Professionals",2131.9900,"Biologists, Botanists, Zoologists and Related Professionals, Other",00
2,Professionals,21,Science and Engineering Professionals,213,Life Sciences Professionals,2132,"Farming, Forestry and Fisheries Advisors",2132.0100,Agronomist,00
2,Professionals,21,Science and Engineering Professionals,213,Life Sciences Professionals,2132,"Farming, Forestry and Fisheries Advisors",2132.0200,Horticulturist,00
2,Professionals,21,Science and Engineering Professionals,213,Life Sciences Professionals,2132,"Farming, Forestry and Fisheries Advisors",2132.0300,Soil Scientist,00
2,Professionals,21,Science and Engineering Professionals,213,Life Sciences Professionals,2132,"Farming, Forestry and Fisheries Advisors",2132.0400,Soil Conservationist,00
2,Professionals,21,Science and Engineering Professionals,213,Life Sciences Professionals,2132,"Farming, Forestry and Fisheries Advisors",2132.0500,Silviculturist,00
2,Professionals,21,Science and Engineering Professionals,213,Life Sciences Professionals,2132,"Farming, Forestry and Fisheries Advisors",2132.0600,Wood Anatomist,00
2,Professionals,21,Science and Engineering Professionals,213,Life Sciences Professionals,2132,"Farming, Forestry and Fisheries Advisors",2132.0700,Dairy Scientist,00
2,Professionals,21,Science and Engineering Professionals,213,Life Sciences Professionals,2132,"Farming, Forestry and Fisheries Advisors",2132.0800,Poultry Scientist,00
2,Professionals,21,Science and Engineering Professionals,213,Life Sciences Professionals,2132,"Farming, Forestry and Fisheries Advisors",2132.0900,Pisciculturist,00
2,Professionals,21,Science and Engineering Professionals,213,Life Sciences Professionals,2132,"Farming, Forestry and Fisheries Advisors",2132.1000,"Farm Overseer, Crop Production",00
2,Professionals,21,Science and Engineering Professionals,213,Life Sciences Professionals,2132,"Farming, Forestry and Fisheries Advisors",2132.9900,"Agronomists and Related Professionals, Other",00
2,Professionals,21,Science and Engineering Professionals,213,Life Sciences Professionals,2133,Environmental Protection Professionals,2133.0100,Ecologist,00
2,Professionals,21,Science and Engineering Professionals,213,Life Sciences Professionals,2133,Environmental Protection Professionals,2133.0200,Environment Scientist (Including Health),00
2,Professionals,21,Science and Engineering Professionals,213,Life Sciences Professionals,2133,Environmental Protection Professionals,2133.0300,Taxonomist,00
2,Professionals,21,Science and Engineering Professionals,213,Life Sciences Professionals,2133,Environmental Protection Professionals,2133.0400,Paleobotanist,00
2,Professionals,21,Science and Engineering Professionals,214,Engineering Professionals (Excluding Electrotechnology),2141,Industrial and Production Engineers,2141.0100,"Works Inspector, Engineering/Inspection Engineer",00
2,Professionals,21,Science and Engineering Professionals,214,Engineering Professionals (Excluding Electrotechnology),2141,Industrial and Production Engineers,2141.0200,Instrument Engineer/Instrumentation Engineer,00
2,Professionals,21,Science and Engineering Professionals,214,Engineering Professionals (Excluding Electrotechnology),2141,Industrial and Production Engineers,2141.0300,Industrial Engineer,00
2,Professionals,21,Science and Engineering Professionals,214,Engineering Professionals (Excluding Electrotechnology),2141,Industrial and Production Engineers,2141.0301,Industrial Engineer Executive,01
2,Professionals,21,Science and Engineering Professionals,214,Engineering Professionals (Excluding Electrotechnology),2141,Industrial and Production Engineers,2141.0400,Packaging Engineer,00
2,Professionals,21,Science and Engineering Professionals,214,Engineering Professionals (Excluding Electrotechnology),2141,Industrial and Production Engineers,2141.0500,Planning Engineer,00
2,Professionals,21,Science and Engineering Professionals,214,Engineering Professionals (Excluding Electrotechnology),2141,Industrial and Production Engineers,2141.0501,Production Planning & Control Engineer,01
2,Professionals,21,Science and Engineering Professionals,214,Engineering Professionals (Excluding Electrotechnology),2141,Industrial and Production Engineers,2141.0600,Methods Engineer,00
2,Professionals,21,Science and Engineering Professionals,214,Engineering Professionals (Excluding Electrotechnology),2141,Industrial and Production Engineers,2141.0800,Engineering Estimator/Estimation Engineer,00
2,Professionals,21,Science and Engineering Professionals,214,Engineering Professionals (Excluding Electrotechnology),2141,Industrial and Production Engineers,2141.0900,Agricultural Engineer,00
2,Professionals,21,Science and Engineering Professionals,214,Engineering Professionals (Excluding Electrotechnology),2141,Industrial and Production Engineers,2141.1000,Textile Technologist,00
2,Professionals,21,Science and Engineering Professionals,214,Engineering Professionals (Excluding Electrotechnology),2141,Industrial and Production Engineers,2141.1100,Nuclear Engineer,00
2,Professionals,21,Science and Engineering Professionals,214,Engineering Professionals (Excluding Electrotechnology),2141,Industrial and Production Engineers,2141.1200,Jute Technologist,00
2,Professionals,21,Science and Engineering Professionals,214,Engineering Professionals (Excluding Electrotechnology),2141,Industrial and Production Engineers,2141.1300,Fibre Technologist,00
2,Professionals,21,Science and Engineering Professionals,214,Engineering Professionals (Excluding Electrotechnology),2141,Industrial and Production Engineers,2141.1400,Spinning Master,00
2,Professionals,21,Science and Engineering Professionals,214,Engineering Professionals (Excluding Electrotechnology),2141,Industrial and Production Engineers,2141.1500,Weaving Master,00
2,Professionals,21,Science and Engineering Professionals,214,Engineering Professionals (Excluding Electrotechnology),2141,Industrial and Production Engineers,2141.1600,Dyeing and Bleaching Master (Textiles),00
2,Professionals,21,Science and Engineering Professionals,214,Engineering Professionals (Excluding Electrotechnology),2141,Industrial and Production Engineers,2141.1700,Printing Master (Textile),00
2,Professionals,21,Science and Engineering Professionals,214,Engineering Professionals (Excluding Electrotechnology),2141,Industrial and Production Engineers,2141.1800,Sugar Technologist,00
2,Professionals,21,Science and Engineering Professionals,214,Engineering Professionals (Excluding Electrotechnology),2141,Industrial and Production Engineers,2141.1900,Dairy Technologist,00
2,Professionals,21,Science and Engineering Professionals,214,Engineering Professionals (Excluding Electrotechnology),2141,Industrial and Production Engineers,2141.2000,Wood Technologist,00
2,Professionals,21,Science and Engineering Professionals,214,Engineering Professionals (Excluding Electrotechnology),2141,Industrial and Production Engineers,2141.2100,Leather Technologist,00
2,Professionals,21,Science and Engineering Professionals,214,Engineering Professionals (Excluding Electrotechnology),2141,Industrial and Production Engineers,2141.2200,Glass Technologist,00
2,Professionals,21,Science and Engineering Professionals,214,Engineering Professionals (Excluding Electrotechnology),2141,Industrial and Production Engineers,2141.2300,Ceramic Technologist,00
2,Professionals,21,Science and Engineering Professionals,214,Engineering Professionals (Excluding Electrotechnology),2141,Industrial and Production Engineers,2141.2400,Printing Technologist,00
2,Professionals,21,Science and Engineering Professionals,214,Engineering Professionals (Excluding Electrotechnology),2141,Industrial and Production Engineers,2141.2500,Safety Engineer,00
2,Professionals,21,Science and Engineering Professionals,214,Engineering Professionals (Excluding Electrotechnology),2141,Industrial and Production Engineers,2141.2600,Occupational Health and Safety Specialist,00
2,Professionals,21,Science and Engineering Professionals,214,Engineering Professionals (Excluding Electrotechnology),2142,Civil Engineers,2142.0100,"Civil Engineer, General",00
2,Professionals,21,Science and Engineering Professionals,214,Engineering Professionals (Excluding Electrotechnology),2142,Civil Engineers,2142.0200,"Civil Engineer, Building",00
2,Professionals,21,Science and Engineering Professionals,214,Engineering Professionals (Excluding Electrotechnology),2142,Civil Engineers,2142.0300,"Civil Engineer, Structural",00
2,Professionals,21,Science and Engineering Professionals,214,Engineering Professionals (Excluding Electrotechnology),2142,Civil Engineers,2142.0301,Plumbing Site Engineer,01
2,Professionals,21,Science and Engineering Professionals,214,Engineering Professionals (Excluding Electrotechnology),2142,Civil Engineers,2142.0400,"Civil Engineer, Irrigation",00
2,Professionals,21,Science and Engineering Professionals,214,Engineering Professionals (Excluding Electrotechnology),2142,Civil Engineers,2142.0500,Hydraulic Engineer,00
2,Professionals,21,Science and Engineering Professionals,214,Engineering Professionals (Excluding Electrotechnology),2142,Civil Engineers,2142.0501,Fire Protection Systems Design Engineer,01
2,Professionals,21,Science and Engineering Professionals,214,Engineering Professionals (Excluding Electrotechnology),2142,Civil Engineers,2142.0600,"Civil Engineer, Highways and Roads",00
2,Professionals,21,Science and Engineering Professionals,214,Engineering Professionals (Excluding Electrotechnology),2142,Civil Engineers,2142.0700,"Civil Engineer, Railways",00
2,Professionals,21,Science and Engineering Professionals,214,Engineering Professionals (Excluding Electrotechnology),2142,Civil Engineers,2142.0800,Airport Engineer,00
2,Professionals,21,Science and Engineering Professionals,214,Engineering Professionals (Excluding Electrotechnology),2142,Civil Engineers,2142.0900,"Civil Engineer, Public Health",00
2,Professionals,21,Science and Engineering Professionals,214,Engineering Professionals (Excluding Electrotechnology),2142,Civil Engineers,2142.0901,Public Health System Design Engineer,01
2,Professionals,21,Science and Engineering Professionals,214,Engineering Professionals (Excluding Electrotechnology),2142,Civil Engineers,2142.1000,"Engineer, Waterworks",00
2,Professionals,21,Science and Engineering Professionals,214,Engineering Professionals (Excluding Electrotechnology),2142,Civil Engineers,2142.1001,Groundwater Engineer,01
2,Professionals,21,Science and Engineering Professionals,214,Engineering Professionals (Excluding Electrotechnology),2142,Civil Engineers,2142.1002,Wastewater Systems Design,02
2,Professionals,21,Science and Engineering Professionals,214,Engineering Professionals (Excluding Electrotechnology),2142,Civil Engineers,2142.9900,"Civil Engineers, Other",00
2,Professionals,21,Science and Engineering Professionals,214,Engineering Professionals (Excluding Electrotechnology),2143,Environmental Engineers,2143.0100,Solar Energy System Designer,00
2,Professionals,21,Science and Engineering Professionals,214,Engineering Professionals (Excluding Electrotechnology),2143,Environmental Engineers,2143.0200,Bio-Medical Engineer,00
2,Professionals,21,Science and Engineering Professionals,214,Engineering Professionals (Excluding Electrotechnology),2143,Environmental Engineers,2143.0300,Radiation Protection Engineer,00
2,Professionals,21,Science and Engineering Professionals,214,Engineering Professionals (Excluding Electrotechnology),2143,Environmental Engineers,2143.0400,"Waste Management Engineer, Radioactive Material",00
2,Professionals,21,Science and Engineering Professionals,214,Engineering Professionals (Excluding Electrotechnology),2143,Environmental Engineers,2143.0500,Pollution Control Engineer,00
2,Professionals,21,Science and Engineering Professionals,214,Engineering Professionals (Excluding Electrotechnology),2144,Mechanical Engineers,2144.0100,"Mechanical Engineer, General",00
2,Professionals,21,Science and Engineering Professionals,214,Engineering Professionals (Excluding Electrotechnology),2144,Mechanical Engineers,2144.0101,Process Design Engineer,01
2,Professionals,21,Science and Engineering Professionals,214,Engineering Professionals (Excluding Electrotechnology),2144,Mechanical Engineers,2144.0102,Process Try-Out Engineer,02
2,Professionals,21,Science and Engineering Professionals,214,Engineering Professionals (Excluding Electrotechnology),2144,Mechanical Engineers,2144.0103,Process Try-Out Technician,03
2,Professionals,21,Science and Engineering Professionals,214,Engineering Professionals (Excluding Electrotechnology),2144,Mechanical Engineers,2144.0104,Process Validation Executive,04
2,Professionals,21,Science and Engineering Professionals,214,Engineering Professionals (Excluding Electrotechnology),2144,Mechanical Engineers,2144.0105,"Manager, Process Engineering",05
2,Professionals,21,Science and Engineering Professionals,214,Engineering Professionals (Excluding Electrotechnology),2144,Mechanical Engineers,2144.0106,Manager – Product Lifecycle Management,06
2,Professionals,21,Science and Engineering Professionals,214,Engineering Professionals (Excluding Electrotechnology),2144,Mechanical Engineers,2144.0200,"Designer, Machine",00
2,Professionals,21,Science and Engineering Professionals,214,Engineering Professionals (Excluding Electrotechnology),2144,Mechanical Engineers,2144.0201,Designer - Mechanical,01
2,Professionals,21,Science and Engineering Professionals,214,Engineering Professionals (Excluding Electrotechnology),2144,Mechanical Engineers,2144.0300,Tool Engineer,00
2,Professionals,21,Science and Engineering Professionals,214,Engineering Professionals (Excluding Electrotechnology),2144,Mechanical Engineers,2144.0301,Equipment Designer,01
2,Professionals,21,Science and Engineering Professionals,214,Engineering Professionals (Excluding Electrotechnology),2144,Mechanical Engineers,2144.0401,"Mechanical Engineer, Production",01
2,Professionals,21,Science and Engineering Professionals,214,Engineering Professionals (Excluding Electrotechnology),2144,Mechanical Engineers,2144.0402,Product Conceptualization Engineer,02
2,Professionals,21,Science and Engineering Professionals,214,Engineering Professionals (Excluding Electrotechnology),2144,Mechanical Engineers,2144.0403,Production Engineer,03
2,Professionals,21,Science and Engineering Professionals,214,Engineering Professionals (Excluding Electrotechnology),2144,Mechanical Engineers,2144.0500,"Mechanical Engineer, Structural",00
2,Professionals,21,Science and Engineering Professionals,214,Engineering Professionals (Excluding Electrotechnology),2144,Mechanical Engineers,2144.0600,"Mechanical Engineer, Maintenance",00
2,Professionals,21,Science and Engineering Professionals,214,Engineering Professionals (Excluding Electrotechnology),2144,Mechanical Engineers,2144.0601,Service Engineer – Breakdown Service,01
2,Professionals,21,Science and Engineering Professionals,214,Engineering Professionals (Excluding Electrotechnology),2144,Mechanical Engineers,2144.0700,"Mechanical Engineer, Automobile",00
2,Professionals,21,Science and Engineering Professionals,214,Engineering Professionals (Excluding Electrotechnology),2144,Mechanical Engineers,2144.0701,Prototyping Engineer,01
2,Professionals,21,Science and Engineering Professionals,214,Engineering Professionals (Excluding Electrotechnology),2144,Mechanical Engineers,2144.0800,Automobile Designer,00
2,Professionals,21,Science and Engineering Professionals,214,Engineering Professionals (Excluding Electrotechnology),2144,Mechanical Engineers,2144.0801,Product Design Manager,01
2,Professionals,21,Science and Engineering Professionals,214,Engineering Professionals (Excluding Electrotechnology),2144,Mechanical Engineers,2144.0802,Modeller,02
2,Professionals,21,Science and Engineering Professionals,214,Engineering Professionals (Excluding Electrotechnology),2144,Mechanical Engineers,2144.0803,Product Design Engineer,03
2,Professionals,21,Science and Engineering Professionals,214,Engineering Professionals (Excluding Electrotechnology),2144,Mechanical Engineers,2144.0804,Prototyping Manager,04
2,Professionals,21,Science and Engineering Professionals,214,Engineering Professionals (Excluding Electrotechnology),2144,Mechanical Engineers,2144.0900,"Mechanical Engineer, Aeronautical",00
2,Professionals,21,Science and Engineering Professionals,214,Engineering Professionals (Excluding Electrotechnology),2144,Mechanical Engineers,2144.1000,"Mechanical Engineer, Marine",00
2,Professionals,21,Science and Engineering Professionals,214,Engineering Professionals (Excluding Electrotechnology),2144,Mechanical Engineers,2144.1100,"Architect, Naval",00
2,Professionals,21,Science and Engineering Professionals,214,Engineering Professionals (Excluding Electrotechnology),2144,Mechanical Engineers,2144.1200,"Mechanical Engineer, Air-Conditioning",00
2,Professionals,21,Science and Engineering Professionals,214,Engineering Professionals (Excluding Electrotechnology),2144,Mechanical Engineers,2144.1301,Layout Engineer,01
2,Professionals,21,Science and Engineering Professionals,214,Engineering Professionals (Excluding Electrotechnology),2144,Mechanical Engineers,2144.1302,Industrial Engineer (Workstation Design),02
2,Professionals,21,Science and Engineering Professionals,214,Engineering Professionals (Excluding Electrotechnology),2144,Mechanical Engineers,2144.1401,Service Engineer – Installation,01
2,Professionals,21,Science and Engineering Professionals,214,Engineering Professionals (Excluding Electrotechnology),2144,Mechanical Engineers,2144.1402,Service Engineer – Installation and Commissioning,02
2,Professionals,21,Science and Engineering Professionals,214,Engineering Professionals (Excluding Electrotechnology),2144,Mechanical Engineers,2144.9900,"Mechanical Engineers, Other",00
2,Professionals,21,Science and Engineering Professionals,214,Engineering Professionals (Excluding Electrotechnology),2145,Chemical Engineers,2145.0100,"Chemical Engineer, General",00
2,Professionals,21,Science and Engineering Professionals,214,Engineering Professionals (Excluding Electrotechnology),2145,Chemical Engineers,2145.0200,"Designer, Chemical Engineering",00
2,Professionals,21,Science and Engineering Professionals,214,Engineering Professionals (Excluding Electrotechnology),2145,Chemical Engineers,2145.0300,"Chemical Engineer, Paints and Varnish",00
2,Professionals,21,Science and Engineering Professionals,214,Engineering Professionals (Excluding Electrotechnology),2145,Chemical Engineers,2145.0400,"Chemical Engineer, Drugs and Acids",00
2,Professionals,21,Science and Engineering Professionals,214,Engineering Professionals (Excluding Electrotechnology),2145,Chemical Engineers,2145.0500,"Chemical Engineer, Petroleum",00
2,Professionals,21,Science and Engineering Professionals,214,Engineering Professionals (Excluding Electrotechnology),2145,Chemical Engineers,2145.0600,"Chemical Engineer, Fertilizers",00
2,Professionals,21,Science and Engineering Professionals,214,Engineering Professionals (Excluding Electrotechnology),2145,Chemical Engineers,2145.0700,"Chemical Engineer, Food",00
2,Professionals,21,Science and Engineering Professionals,214,Engineering Professionals (Excluding Electrotechnology),2145,Chemical Engineers,2145.0800,"Technologist, Food/Chemical Engineer",00
2,Professionals,21,Science and Engineering Professionals,214,Engineering Professionals (Excluding Electrotechnology),2145,Chemical Engineers,2145.0900,"Technologist, Fuel",00
2,Professionals,21,Science and Engineering Professionals,214,Engineering Professionals (Excluding Electrotechnology),2145,Chemical Engineers,2145.1000,Oil Technologist,00
2,Professionals,21,Science and Engineering Professionals,214,Engineering Professionals (Excluding Electrotechnology),2145,Chemical Engineers,2145.1100,"Technologist, Paper",00
2,Professionals,21,Science and Engineering Professionals,214,Engineering Professionals (Excluding Electrotechnology),2145,Chemical Engineers,2145.1200,"Technologist, Alcohol",00
2,Professionals,21,Science and Engineering Professionals,214,Engineering Professionals (Excluding Electrotechnology),2145,Chemical Engineers,2145.1300,"Technologist, Rubber",00
2,Professionals,21,Science and Engineering Professionals,214,Engineering Professionals (Excluding Electrotechnology),2145,Chemical Engineers,2145.1400,"Technologist, Plastics",00
2,Professionals,21,Science and Engineering Professionals,214,Engineering Professionals (Excluding Electrotechnology),2145,Chemical Engineers,2145.9900,"Chemical Engineers and Technologists, Other",00
2,Professionals,21,Science and Engineering Professionals,214,Engineering Professionals (Excluding Electrotechnology),2146,"Mining Engineers, Metallurgists and Related Professionals",2146.0100,"Mining Engineer, General",00
2,Professionals,21,Science and Engineering Professionals,214,Engineering Professionals (Excluding Electrotechnology),2146,"Mining Engineers, Metallurgists and Related Professionals",2146.0200,"Mining Engineer, Non-Metals",00
2,Professionals,21,Science and Engineering Professionals,214,Engineering Professionals (Excluding Electrotechnology),2146,"Mining Engineers, Metallurgists and Related Professionals",2146.0300,"Mining Engineer, Metal",00
2,Professionals,21,Science and Engineering Professionals,214,Engineering Professionals (Excluding Electrotechnology),2146,"Mining Engineers, Metallurgists and Related Professionals",2146.0400,"Mining Engineer, Petroleum and Gas",00
2,Professionals,21,Science and Engineering Professionals,214,Engineering Professionals (Excluding Electrotechnology),2146,"Mining Engineers, Metallurgists and Related Professionals",2146.0500,"Metallurgist, Extractive",00
2,Professionals,21,Science and Engineering Professionals,214,Engineering Professionals (Excluding Electrotechnology),2146,"Mining Engineers, Metallurgists and Related Professionals",2146.0501,Manager Heat Treatment/Metallurgist,01
2,Professionals,21,Science and Engineering Professionals,214,Engineering Professionals (Excluding Electrotechnology),2146,"Mining Engineers, Metallurgists and Related Professionals",2146.0600,"Metallurgists, Adaptive",00
2,Professionals,21,Science and Engineering Professionals,214,Engineering Professionals (Excluding Electrotechnology),2146,"Mining Engineers, Metallurgists and Related Professionals",2146.9900,"Mining Engineers, Metallurgists and Related Professionals, Other",00
2,Professionals,21,Science and Engineering Professionals,214,Engineering Professionals (Excluding Electrotechnology),2149,Engineering Professionals Not Elsewhere Classified,2149.0100,"Engineers and Related Technologists, Other",00
2,Professionals,21,Science and Engineering Professionals,215,Electrotechnology Engineers,2151,Electrical Engineers,2151.0100,"Electrical Engineer, General",00
2,Professionals,21,Science and Engineering Professionals,215,Electrotechnology Engineers,2151,Electrical Engineers,2151.0200,"Designer, Electrical Engineering",00
2,Professionals,21,Science and Engineering Professionals,215,Electrotechnology Engineers,2151,Electrical Engineers,2151.0201,Design Engineer,01
2,Professionals,21,Science and Engineering Professionals,215,Electrotechnology Engineers,2151,Electrical Engineers,2151.0202,Electrical Design Developer,02
2,Professionals,21,Science and Engineering Professionals,215,Electrotechnology Engineers,2151,Electrical Engineers,2151.0300,"Electrical Engineer, Generation and Supply",00
2,Professionals,21,Science and Engineering Professionals,215,Electrotechnology Engineers,2151,Electrical Engineers,2151.0400,Illumination Engineer,00
2,Professionals,21,Science and Engineering Professionals,215,Electrotechnology Engineers,2151,Electrical Engineers,2151.0403,LED Light Design Engineer,03
2,Professionals,21,Science and Engineering Professionals,215,Electrotechnology Engineers,2151,Electrical Engineers,2151.0404,LED Light Design Validation Engineer,04
2,Professionals,21,Science and Engineering Professionals,215,Electrotechnology Engineers,2151,Electrical Engineers,2151.0601,System Analyst (PCB Design),01
2,Professionals,21,Science and Engineering Professionals,215,Electrotechnology Engineers,2151,Electrical Engineers,2151.0602,Systems Designer (PCB Design),02
2,Professionals,21,Science and Engineering Professionals,215,Electrotechnology Engineers,2151,Electrical Engineers,2151.0701,Design-For-Manufacture Engineer,01
2,Professionals,21,Science and Engineering Professionals,215,Electrotechnology Engineers,2151,Electrical Engineers,2151.9900,"Electrical Engineers, Other",00
2,Professionals,21,Science and Engineering Professionals,215,Electrotechnology Engineers,2152,Electronics Engineers,2152.0200,Electronic Engineer,00
2,Professionals,21,Science and Engineering Professionals,215,Electrotechnology Engineers,2152,Electronics Engineers,2152.0301,Stress Analyst/Computer-Aided Test Executive,01
2,Professionals,21,Science and Engineering Professionals,215,Electrotechnology Engineers,2152,Electronics Engineers,2152.0400,Electro-Optical Engineer,00
2,Professionals,21,Science and Engineering Professionals,215,Electrotechnology Engineers,2152,Electronics Engineers,2152.0501,Design Engineer,01
2,Professionals,21,Science and Engineering Professionals,215,Electrotechnology Engineers,2152,Electronics Engineers,2152.0502,Design-For-Test Engineer,02
2,Professionals,21,Science and Engineering Professionals,215,Electrotechnology Engineers,2152,Electronics Engineers,2152.0601,Quality Engineer,01
2,Professionals,21,Science and Engineering Professionals,215,Electrotechnology Engineers,2152,Electronics Engineers,2152.0801,Electronic Hardware Design Engineer,01
2,Professionals,21,Science and Engineering Professionals,215,Electrotechnology Engineers,2152,Electronics Engineers,2152.0901,Verification Engineer,01
2,Professionals,21,Science and Engineering Professionals,215,Electrotechnology Engineers,2152,Electronics Engineers,2152.0902,Testing and Validation Engineer,02
2,Professionals,21,Science and Engineering Professionals,215,Electrotechnology Engineers,2152,Electronics Engineers,2152.9900,"Electronics Engineers, Other",00
2,Professionals,21,Science and Engineering Professionals,215,Electrotechnology Engineers,2153,Telecommunication Engineers,2153.0100,"Telecommunication Engineer, General",00
2,Professionals,21,Science and Engineering Professionals,215,Electrotechnology Engineers,2153,Telecommunication Engineers,2153.0101,Telecom Terminal Equipment Application Developer (Android),01
2,Professionals,21,Science and Engineering Professionals,215,Electrotechnology Engineers,2153,Telecommunication Engineers,2153.0102,Telecom Terminal Equipment Application (Native Applications),02
2,Professionals,21,Science and Engineering Professionals,215,Electrotechnology Engineers,2153,Telecommunication Engineers,2153.0200,"Radio Engineer, Telecommunication",00
2,Professionals,21,Science and Engineering Professionals,215,Electrotechnology Engineers,2153,Telecommunication Engineers,2153.0300,"Microwave Engineer, Telecommunication",00
2,Professionals,21,Science and Engineering Professionals,215,Electrotechnology Engineers,2153,Telecommunication Engineers,2153.0400,"Line Communication Engineer, Tele- Communication/Telecommunication Engineer/Technician",00
2,Professionals,21,Science and Engineering Professionals,215,Electrotechnology Engineers,2153,Telecommunication Engineers,2153.0500,Sound Engineer,00
2,Professionals,21,Science and Engineering Professionals,215,Electrotechnology Engineers,2153,Telecommunication Engineers,2153.0501,"Sound Engineer, Media",01
2,Professionals,21,Science and Engineering Professionals,215,Electrotechnology Engineers,2153,Telecommunication Engineers,2153.0511,Sound Designer,11
2,Professionals,21,Science and Engineering Professionals,215,Electrotechnology Engineers,2153,Telecommunication Engineers,2153.0601,Core Engineer,01
2,Professionals,21,Science and Engineering Professionals,215,Electrotechnology Engineers,2153,Telecommunication Engineers,2153.9900,"Telecommunication Engineers, Other",00
2,Professionals,21,Science and Engineering Professionals,216,"Architects, Planners, Surveyors and Designers",2161,Building Architects,2161.0100,Architect,00
2,Professionals,21,Science and Engineering Professionals,216,"Architects, Planners, Surveyors and Designers",2161,Building Architects,2161.9900,"Building Architects, Other",00
2,Professionals,21,Science and Engineering Professionals,216,"Architects, Planners, Surveyors and Designers",2163,Product and Garment Designers,2163.0100,Package Designer/Packaging Designer,00
2,Professionals,21,Science and Engineering Professionals,216,"Architects, Planners, Surveyors and Designers",2163,Product and Garment Designers,2163.0201,Design Merchandiser,01
2,Professionals,21,Science and Engineering Professionals,216,"Architects, Planners, Surveyors and Designers",2163,Product and Garment Designers,2163.0301,Hand Sketch Designer (Basic),01
2,Professionals,21,Science and Engineering Professionals,216,"Architects, Planners, Surveyors and Designers",2163,Product and Garment Designers,2163.0400,Furniture Designer,00
2,Professionals,21,Science and Engineering Professionals,216,"Architects, Planners, Surveyors and Designers",2163,Product and Garment Designers,2163.0500,Fashion Designer,00
2,Professionals,21,Science and Engineering Professionals,216,"Architects, Planners, Surveyors and Designers",2163,Product and Garment Designers,2163.0600,Textile Designer,00
2,Professionals,21,Science and Engineering Professionals,216,"Architects, Planners, Surveyors and Designers",2164,Town and Traffic Planners,2164.0100,Town Planner,00
2,Professionals,21,Science and Engineering Professionals,216,"Architects, Planners, Surveyors and Designers",2164,Town and Traffic Planners,2164.0200,Traffic Planner,00
2,Professionals,21,Science and Engineering Professionals,216,"Architects, Planners, Surveyors and Designers",2165,Cartographers and Surveyors,2165.0100,Cartographer,00
2,Professionals,21,Science and Engineering Professionals,216,"Architects, Planners, Surveyors and Designers",2165,Cartographers and Surveyors,2165.0200,"Surveyor, Topographical",00
2,Professionals,21,Science and Engineering Professionals,216,"Architects, Planners, Surveyors and Designers",2165,Cartographers and Surveyors,2165.0300,Aerial – Photograph Interpreter,00
2,Professionals,21,Science and Engineering Professionals,216,"Architects, Planners, Surveyors and Designers",2165,Cartographers and Surveyors,2165.0400,"Surveyor, Photogrammetric",00
2,Professionals,21,Science and Engineering Professionals,216,"Architects, Planners, Surveyors and Designers",2165,Cartographers and Surveyors,2165.0500,"Surveyor, Mine",00
2,Professionals,21,Science and Engineering Professionals,216,"Architects, Planners, Surveyors and Designers",2165,Cartographers and Surveyors,2165.0600,"Surveyor, Hydrographic",00
2,Professionals,21,Science and Engineering Professionals,216,"Architects, Planners, Surveyors and Designers",2165,Cartographers and Surveyors,2165.9900,"Cartographers and Surveyors, Other",00
2,Professionals,21,Science and Engineering Professionals,216,"Architects, Planners, Surveyors and Designers",2166,Graphic and Multimedia Designers,2166.0100,Commercial Artist,00
2,Professionals,21,Science and Engineering Professionals,216,"Architects, Planners, Surveyors and Designers",2166,Graphic and Multimedia Designers,2166.0111,Art Director,11
2,Professionals,21,Science and Engineering Professionals,216,"Architects, Planners, Surveyors and Designers",2166,Graphic and Multimedia Designers,2166.0201,Multimedia Artist and Animator/Animator,01
2,Professionals,21,Science and Engineering Professionals,216,"Architects, Planners, Surveyors and Designers",2166,Graphic and Multimedia Designers,2166.0202,Modeller,02
2,Professionals,21,Science and Engineering Professionals,216,"Architects, Planners, Surveyors and Designers",2166,Graphic and Multimedia Designers,2166.0203,Rigging Artist,03
2,Professionals,21,Science and Engineering Professionals,216,"Architects, Planners, Surveyors and Designers",2166,Graphic and Multimedia Designers,2166.0204,Texturing Artist,04
2,Professionals,21,Science and Engineering Professionals,216,"Architects, Planners, Surveyors and Designers",2166,Graphic and Multimedia Designers,2166.0205,Animation Director,05
2,Professionals,21,Science and Engineering Professionals,216,"Architects, Planners, Surveyors and Designers",2166,Graphic and Multimedia Designers,2166.0206,Character Designer,06
2,Professionals,21,Science and Engineering Professionals,216,"Architects, Planners, Surveyors and Designers",2166,Graphic and Multimedia Designers,2166.0207,Clean-Up Artist,07
2,Professionals,21,Science and Engineering Professionals,216,"Architects, Planners, Surveyors and Designers",2166,Graphic and Multimedia Designers,2166.0208,Compositor,08
2,Professionals,21,Science and Engineering Professionals,216,"Architects, Planners, Surveyors and Designers",2166,Graphic and Multimedia Designers,2166.0209,Storyboard Artist,09
2,Professionals,21,Science and Engineering Professionals,216,"Architects, Planners, Surveyors and Designers",2166,Graphic and Multimedia Designers,2166.0210,Rendering Artist,10
2,Professionals,21,Science and Engineering Professionals,216,"Architects, Planners, Surveyors and Designers",2166,Graphic and Multimedia Designers,2166.0211,VFX Editor,11
2,Professionals,21,Science and Engineering Professionals,216,"Architects, Planners, Surveyors and Designers",2166,Graphic and Multimedia Designers,2166.0212,Roto Artist,12
2,Professionals,21,Science and Engineering Professionals,216,"Architects, Planners, Surveyors and Designers",2166,Graphic and Multimedia Designers,2166.0300,Web Designer,00
2,Professionals,21,Science and Engineering Professionals,216,"Architects, Planners, Surveyors and Designers",2166,Graphic and Multimedia Designers,2166.0401,Designer (CAD),01
2,Professionals,21,Science and Engineering Professionals,216,"Architects, Planners, Surveyors and Designers",2166,Graphic and Multimedia Designers,2166.0501,Graphic Designer,01
2,Professionals,21,Science and Engineering Professionals,216,"Architects, Planners, Surveyors and Designers",2166,Graphic and Multimedia Designers,2166.0511,Colour Key Artist,11
2,Professionals,21,Science and Engineering Professionals,216,"Architects, Planners, Surveyors and Designers",2166,Graphic and Multimedia Designers,2166.0512,Colourist,12
2,Professionals,22,Health Professionals,221,Medical Doctors,2211,Generalist Medical Practitioners,2211.0100,"Physician, General",00
2,Professionals,22,Health Professionals,221,Medical Doctors,2211,Generalist Medical Practitioners,2211.0200,"Surgeon, General",00
2,Professionals,22,Health Professionals,221,Medical Doctors,2211,Generalist Medical Practitioners,2211.0300,"Anatomist, Medical",00
2,Professionals,22,Health Professionals,221,Medical Doctors,2211,Generalist Medical Practitioners,2211.0400,Anaesthetist,00
2,Professionals,22,Health Professionals,221,Medical Doctors,2211,Generalist Medical Practitioners,2211.0500,Psychiatrist,00
2,Professionals,22,Health Professionals,221,Medical Doctors,2211,Generalist Medical Practitioners,2211.9900,"Generalist Medical Practitioners, Allopathic, Other",00
2,Professionals,22,Health Professionals,221,Medical Doctors,2212,Specialist Medical Practitioners,2212.0100,Neurologist,00
2,Professionals,22,Health Professionals,221,Medical Doctors,2212,Specialist Medical Practitioners,2212.0200,Dermatologist,00
2,Professionals,22,Health Professionals,221,Medical Doctors,2212,Specialist Medical Practitioners,2212.0300,Allergy Specialist,00
2,Professionals,22,Health Professionals,221,Medical Doctors,2212,Specialist Medical Practitioners,2212.0400,"Ear, Nose and Throat Specialist",00
2,Professionals,22,Health Professionals,221,Medical Doctors,2212,Specialist Medical Practitioners,2212.0500,Cardiologist,00
2,Professionals,22,Health Professionals,221,Medical Doctors,2212,Specialist Medical Practitioners,2212.0600,Radiologist,00
2,Professionals,22,Health Professionals,221,Medical Doctors,2212,Specialist Medical Practitioners,2212.0700,Tuberculosis Specialist,00
2,Professionals,22,Health Professionals,221,Medical Doctors,2212,Specialist Medical Practitioners,2212.0800,Ophthalmologist,00
2,Professionals,22,Health Professionals,221,Medical Doctors,2212,Specialist Medical Practitioners,2212.0900,Urologist,00
2,Professionals,22,Health Professionals,221,Medical Doctors,2212,Specialist Medical Practitioners,2212.1000,Venereologist,00
2,Professionals,22,Health Professionals,221,Medical Doctors,2212,Specialist Medical Practitioners,2212.1100,Obstetrician,00
2,Professionals,22,Health Professionals,221,Medical Doctors,2212,Specialist Medical Practitioners,2212.1200,Gynaecologist,00
2,Professionals,22,Health Professionals,221,Medical Doctors,2212,Specialist Medical Practitioners,2212.1300,Paediatrician,00
2,Professionals,22,Health Professionals,221,Medical Doctors,2212,Specialist Medical Practitioners,2212.1400,Orthopaedist,00
2,Professionals,22,Health Professionals,221,Medical Doctors,2212,Specialist Medical Practitioners,2212.1500,Pharmacologist,00
2,Professionals,22,Health Professionals,221,Medical Doctors,2212,Specialist Medical Practitioners,2212.1600,Toxicologist (Pharmaceutical),00
2,Professionals,22,Health Professionals,221,Medical Doctors,2212,Specialist Medical Practitioners,2212.1700,"Pathologist, Medical",00
2,Professionals,22,Health Professionals,221,Medical Doctors,2212,Specialist Medical Practitioners,2212.1800,"Malariologist, Medical",00
2,Professionals,22,Health Professionals,221,Medical Doctors,2212,Specialist Medical Practitioners,2212.1900,"Physiologist, Medical",00
2,Professionals,22,Health Professionals,221,Medical Doctors,2212,Specialist Medical Practitioners,2212.9900,"Specialist Medical Practitioners, Other",00
2,Professionals,22,Health Professionals,222,Nursing and Midwifery Professionals,2221,Nursing Professionals,2221.0100,"Nurse, Specialist",00
2,Professionals,22,Health Professionals,222,Nursing and Midwifery Professionals,2221,Nursing Professionals,2221.9900,"Professional Nurses, Other",00
2,Professionals,22,Health Professionals,223,Traditional and Complementary Medicine Professionals,2230,Traditional and Complementary Medicine Professionals,2230.0100,"Physician, Ayurvedic",00
2,Professionals,22,Health Professionals,223,Traditional and Complementary Medicine Professionals,2230,Traditional and Complementary Medicine Professionals,2230.0200,"Physician, Homeopathic",00
2,Professionals,22,Health Professionals,223,Traditional and Complementary Medicine Professionals,2230,Traditional and Complementary Medicine Professionals,2230.0300,"Physician, Bio-Chemic/Bio Chemist",00
2,Professionals,22,Health Professionals,223,Traditional and Complementary Medicine Professionals,2230,Traditional and Complementary Medicine Professionals,2230.0400,"Physician, Unani",00
2,Professionals,22,Health Professionals,223,Traditional and Complementary Medicine Professionals,2230,Traditional and Complementary Medicine Professionals,2230.9900,"Traditional Medicine Practitioners, Other",00
2,Professionals,22,Health Professionals,224,Paramedical Practitioners,2240,Paramedical Practitioners,2240.0100,"Laboratory Assistant, Clinical",00
2,Professionals,22,Health Professionals,224,Paramedical Practitioners,2240,Paramedical Practitioners,2240.0400,Dresser,00
2,Professionals,22,Health Professionals,224,Paramedical Practitioners,2240,Paramedical Practitioners,2240.0501,Emergency Medical Technician – Basic,01
2,Professionals,22,Health Professionals,224,Paramedical Practitioners,2240,Paramedical Practitioners,2240.0502,Emergency Medical Technician – Advanced,02
2,Professionals,22,Health Professionals,224,Paramedical Practitioners,2240,Paramedical Practitioners,2240.9900,"Paramedical Practitioners, Other",00
2,Professionals,22,Health Professionals,225,Veterinarians,2250,Veterinarians,2250.0100,Animal Pathologist,00
2,Professionals,22,Health Professionals,225,Veterinarians,2250,Veterinarians,2250.0200,"Veterinarian, General",00
2,Professionals,22,Health Professionals,225,Veterinarians,2250,Veterinarians,2250.0300,"Veterinarian, Surgeon",00
2,Professionals,22,Health Professionals,225,Veterinarians,2250,Veterinarians,2250.0400,Animal Genetist,00
2,Professionals,22,Health Professionals,225,Veterinarians,2250,Veterinarians,2250.0500,Zoo Veterinarian,00
2,Professionals,22,Health Professionals,225,Veterinarians,2250,Veterinarians,2250.0600,"Veterinarian, Poultry",00
2,Professionals,22,Health Professionals,225,Veterinarians,2250,Veterinarians,2250.9900,"Veterinarians, Other",00
2,Professionals,22,Health Professionals,226,Other Health Professionals,2261,Dentists,2261.0100,Dentist,00
2,Professionals,22,Health Professionals,226,Other Health Professionals,2261,Dentists,2261.0200,Oral and Maxillofacial Surgeon,00
2,Professionals,22,Health Professionals,226,Other Health Professionals,2261,Dentists,2261.0300,Orthodontist,00
2,Professionals,22,Health Professionals,226,Other Health Professionals,2261,Dentists,2261.0400,Periodontist,00
2,Professionals,22,Health Professionals,226,Other Health Professionals,2261,Dentists,2261.0500,Prosthodontist,00
2,Professionals,22,Health Professionals,226,Other Health Professionals,2261,Dentists,2261.0600,Paediatric Dentist,00
2,Professionals,22,Health Professionals,226,Other Health Professionals,2261,Dentists,2261.9900,"Dental Specialists, Other",00
2,Professionals,22,Health Professionals,226,Other Health Professionals,2262,Pharmacists,2262.0100,"Chemist, Pharmaceuticals",00
2,Professionals,22,Health Professionals,226,Other Health Professionals,2262,Pharmacists,2262.0101,"Chemist, Pharmaceuticals",01
2,Professionals,22,Health Professionals,226,Other Health Professionals,2263,Environmental and Occupational Health and Hygiene Professionals,2263.0100,Health Officer,00
2,Professionals,22,Health Professionals,226,Other Health Professionals,2263,Environmental and Occupational Health and Hygiene Professionals,2263.0200,"Administrator, Hospital",00
2,Professionals,22,Health Professionals,226,Other Health Professionals,2263,Environmental and Occupational Health and Hygiene Professionals,2263.9900,"Environmental and Occupational Health and Hygiene Professionals, Other",00
2,Professionals,22,Health Professionals,226,Other Health Professionals,2264,Physiotherapists,2264.0100,Physiotherapist,00
2,Professionals,22,Health Professionals,226,Other Health Professionals,2264,Physiotherapists,2264.0200,Occupational Therapist,00
2,Professionals,22,Health Professionals,226,Other Health Professionals,2264,Physiotherapists,2264.0300,Chiropodist,00
2,Professionals,22,Health Professionals,226,Other Health Professionals,2264,Physiotherapists,2264.0400,Masseur,00
2,Professionals,22,Health Professionals,226,Other Health Professionals,2264,Physiotherapists,2264.0401,Sports Masseur,01
2,Professionals,22,Health Professionals,226,Other Health Professionals,2264,Physiotherapists,2264.9900,"Physiotherapists and Related Associate Professionals, Other",00
2,Professionals,22,Health Professionals,226,Other Health Professionals,2265,Dieticians and Nutritionists,2265.0100,"Nutritionist, General",00
2,Professionals,22,Health Professionals,226,Other Health Professionals,2265,Dieticians and Nutritionists,2265.0200,"Dietician, General",00
2,Professionals,22,Health Professionals,226,Other Health Professionals,2265,Dieticians and Nutritionists,2265.0201,Dietician Assistant,01
2,Professionals,22,Health Professionals,226,Other Health Professionals,2265,Dieticians and Nutritionists,2265.0300,Animal Nutritionist,00
2,Professionals,22,Health Professionals,226,Other Health Professionals,2265,Dieticians and Nutritionists,2265.9900,"Dieticians and Nutritionists, Other",00
2,Professionals,22,Health Professionals,226,Other Health Professionals,2266,Audiologists and Speech Therapists,2266.0100,Speech Therapist and Audiologist,00
2,Professionals,22,Health Professionals,226,Other Health Professionals,2266,Audiologists and Speech Therapists,2266.0200,Speech Pathologist,00
2,Professionals,22,Health Professionals,226,Other Health Professionals,2266,Audiologists and Speech Therapists,2266.0300,Voice Pathologist,00
2,Professionals,22,Health Professionals,226,Other Health Professionals,2266,Audiologists and Speech Therapists,2266.0401,Speech Language Pathologist and Audiologist,01
2,Professionals,22,Health Professionals,226,Other Health Professionals,2267,Optometrists and Ophthalmic Opticians,2267.9900,"Optometrists and Opticians, Other",00
2,Professionals,22,Health Professionals,226,Other Health Professionals,2269,Health Professionals Not Elsewhere Classified,2269.0100,Naturopath,00
2,Professionals,22,Health Professionals,226,Other Health Professionals,2269,Health Professionals Not Elsewhere Classified,2269.0200,"Physician, Osteopathic",00
2,Professionals,22,Health Professionals,226,Other Health Professionals,2269,Health Professionals Not Elsewhere Classified,2269.0300,"Physician, Sidha",00
2,Professionals,22,Health Professionals,226,Other Health Professionals,2269,Health Professionals Not Elsewhere Classified,2269.0400,"Physicians and Surgeons, Other",00
2,Professionals,22,Health Professionals,226,Other Health Professionals,2269,Health Professionals Not Elsewhere Classified,2269.0500,Orthotist and Prosthetist,00
2,Professionals,22,Health Professionals,226,Other Health Professionals,2269,Health Professionals Not Elsewhere Classified,2269.0600,Orientation & Mobility Instructor,00
2,Professionals,22,Health Professionals,226,Other Health Professionals,2269,Health Professionals Not Elsewhere Classified,2269.0700,"Medical and Health Technicians, Other",00
2,Professionals,23,Teaching Professionals,231,University and Higher Education Teachers,2310,University and Higher Education Teachers,2310.0100,"University and College Teacher, Arts Subjects/Professors/Assistant Professors, Arts",00
2,Professionals,23,Teaching Professionals,231,University and Higher Education Teachers,2310,University and Higher Education Teachers,2310.0200,"University and College Teacher, Commerce Subjects/Professors/Assistant Professors, Commerce Subjects",00
2,Professionals,23,Teaching Professionals,231,University and Higher Education Teachers,2310,University and Higher Education Teachers,2310.0300,"University and College Teacher, Management Subjects/Professors/Assistant Professors, Management Subjects",00
2,Professionals,23,Teaching Professionals,231,University and Higher Education Teachers,2310,University and Higher Education Teachers,2310.0400,"University and College Teacher, Law/Professors/Assistant Professors, Education",00
2,Professionals,23,Teaching Professionals,231,University and Higher Education Teachers,2310,University and Higher Education Teachers,2310.0500,"University and College Teacher, Law/Professors/Assistant Professors, Law",00
2,Professionals,23,Teaching Professionals,231,University and Higher Education Teachers,2310,University and Higher Education Teachers,2310.0600,"University and College Teacher, Science Subjects/Professors/Assistant Professors, Science Subjects",00
2,Professionals,23,Teaching Professionals,231,University and Higher Education Teachers,2310,University and Higher Education Teachers,2310.0700,"University and College Teacher, Engineering/ Professors/Assistant Professors, Engineering",00
2,Professionals,23,Teaching Professionals,231,University and Higher Education Teachers,2310,University and Higher Education Teachers,2310.0800,"University and College Teacher, Information Technology/Professors/Assistant Professors, Information Technology",00
2,Professionals,23,Teaching Professionals,231,University and Higher Education Teachers,2310,University and Higher Education Teachers,2310.0900,"University and College Teacher, Medicine and Surgery/Professors/Assistant Professors, Medicine and Surgery",00
2,Professionals,23,Teaching Professionals,231,University and Higher Education Teachers,2310,University and Higher Education Teachers,2310.1000,"University and College Teacher, Veterinary Science/Professors/Assistant Professors, Veterinary Science",00
2,Professionals,23,Teaching Professionals,231,University and Higher Education Teachers,2310,University and Higher Education Teachers,2310.1100,"University and College Teacher, Agricultural Subjects",00
2,Professionals,23,Teaching Professionals,231,University and Higher Education Teachers,2310,University and Higher Education Teachers,2310.1200,"University and College Teacher, Fine Arts/Professors/Assistant Professors, Fine Arts",00
2,Professionals,23,Teaching Professionals,231,University and Higher Education Teachers,2310,University and Higher Education Teachers,2310.9900,"Professors/Assistant Professors, Other",00
2,Professionals,23,Teaching Professionals,232,Vocational Education Teachers,2320,Vocational Education Teachers,2320.0101,Certified Training Assessor,01
2,Professionals,23,Teaching Professionals,232,Vocational Education Teachers,2320,Vocational Education Teachers,2320.0102,Physical Security Trainer,02
2,Professionals,23,Teaching Professionals,233,Secondary Education Teachers,2330,Secondary Education Teachers,2330.0100,"Senior Secondary and Secondary School Teacher, Arts",00
2,Professionals,23,Teaching Professionals,233,Secondary Education Teachers,2330,Secondary Education Teachers,2330.0200,"Senior Secondary and Secondary School Teacher, Science",00
2,Professionals,23,Teaching Professionals,233,Secondary Education Teachers,2330,Secondary Education Teachers,2330.0300,"Senior Secondary and Secondary School Teacher, Commerce",00
2,Professionals,23,Teaching Professionals,233,Secondary Education Teachers,2330,Secondary Education Teachers,2330.0400,"Language Teacher, Senior Secondary and Secondary School",00
2,Professionals,23,Teaching Professionals,233,Secondary Education Teachers,2330,Secondary Education Teachers,2330.9900,"Senior Secondary and Secondary School Teachers, Other",00
2,Professionals,23,Teaching Professionals,234,Primary School and Early Childhood Teachers,2341,Primary School Teachers,2341.0100,Middle School Teacher,00
2,Professionals,23,Teaching Professionals,234,Primary School and Early Childhood Teachers,2341,Primary School Teachers,2341.0200,"Language Teacher, Middle School",00
2,Professionals,23,Teaching Professionals,234,Primary School and Early Childhood Teachers,2341,Primary School Teachers,2341.0400,Primary School Teacher,00
2,Professionals,23,Teaching Professionals,234,Primary School and Early Childhood Teachers,2341,Primary School Teachers,2341.9900,"Primary School Teachers, Other",00
2,Professionals,23,Teaching Professionals,234,Primary School and Early Childhood Teachers,2342,Early Childhood Educators,2342.0100,"Teacher, Infant School/Teacher Pre-Primary",00
2,Professionals,23,Teaching Professionals,234,Primary School and Early Childhood Teachers,2342,Early Childhood Educators,2342.9900,"Pre-Primary Education Teaching Associate Professionals, Other",00
2,Professionals,23,Teaching Professionals,235,Other Teaching Professionals,2351,Education Method Specialists,2351.0100,School Inspector,00
2,Professionals,23,Teaching Professionals,235,Other Teaching Professionals,2351,Education Method Specialists,2351.9900,"Education Methods Specialists, Other",00
2,Professionals,23,Teaching Professionals,235,Other Teaching Professionals,2351,Education Method Specialists,2352.0100,Teacher for Visually Impaired,00
2,Professionals,23,Teaching Professionals,235,Other Teaching Professionals,2351,Education Method Specialists,2352.0200,Teacher for Hearing-Impaired,00
2,Professionals,23,Teaching Professionals,235,Other Teaching Professionals,2351,Education Method Specialists,2352.0300,Teacher for Differently-Abled (Mental),00
2,Professionals,23,Teaching Professionals,235,Other Teaching Professionals,2351,Education Method Specialists,2352.0400,Teacher for Differently-Abled (Physical),00
2,Professionals,23,Teaching Professionals,235,Other Teaching Professionals,2351,Education Method Specialists,2352.9900,"Teacher for Differently-Abled, Other",00
2,Professionals,23,Teaching Professionals,235,Other Teaching Professionals,2355,Other Arts Teachers,2355.0100,Art Teacher,00
2,Professionals,23,Teaching Professionals,235,Other Teaching Professionals,2355,Other Arts Teachers,2355.9900,"Arts Teacher, Other",00
2,Professionals,23,Teaching Professionals,235,Other Teaching Professionals,2356,Information Technology Trainers,2356.0100,Manual Training Teacher/Craft Instructor,00
2,Professionals,23,Teaching Professionals,235,Other Teaching Professionals,2356,Information Technology Trainers,2356.0301,Master Trainer for Junior Software Developer,01
2,Professionals,23,Teaching Professionals,235,Other Teaching Professionals,2356,Information Technology Trainers,2356.9900,"Information Technology Trainers, Other",00
2,Professionals,23,Teaching Professionals,235,Other Teaching Professionals,2359,Teaching Professionals Not Elsewhere Classified,2359.0100,"Handwork Teacher/Teacher, Art and Craft",00
2,Professionals,24,Business and Administrative Professionals,241,Finance Professionals,2411,Accountants,2411.0100,Accountant,00
2,Professionals,24,Business and Administrative Professionals,241,Finance Professionals,2411,Accountants,2411.0101,Associate – Transactional Finance & Accounting,01
2,Professionals,24,Business and Administrative Professionals,241,Finance Professionals,2411,Accountants,2411.0200,Auditor,00
2,Professionals,24,Business and Administrative Professionals,241,Finance Professionals,2411,Accountants,2411.0201,Associate – Finance & Accounting Complex,01
2,Professionals,24,Business and Administrative Professionals,241,Finance Professionals,2411,Accountants,2411.0300,Cost Accountant,00
2,Professionals,24,Business and Administrative Professionals,241,Finance Professionals,2412,Financial and Investment Advisors,2412.0100,Financial Examiner,00
2,Professionals,24,Business and Administrative Professionals,241,Finance Professionals,2412,Financial and Investment Advisors,2412.0200,Financial Analyst,00
2,Professionals,24,Business and Administrative Professionals,241,Finance Professionals,2412,Financial and Investment Advisors,2412.0300,Budget Analyst,00
2,Professionals,24,Business and Administrative Professionals,241,Finance Professionals,2412,Financial and Investment Advisors,2412.0400,Risk Management Analyst,00
2,Professionals,24,Business and Administrative Professionals,241,Finance Professionals,2412,Financial and Investment Advisors,2412.0501,Agriculture Field Officer,01
2,Professionals,24,Business and Administrative Professionals,241,Finance Professionals,2412,Financial and Investment Advisors,2412.0600,Commission Agent,00
2,Professionals,24,Business and Administrative Professionals,241,Finance Professionals,2412,Financial and Investment Advisors,2412.9900,"Financial and Investment Advisors, Other",00
2,Professionals,24,Business and Administrative Professionals,242,Administration Professionals,2421,Management and Organization Analysts,2421.0101,Analyst – Research,01
2,Professionals,24,Business and Administrative Professionals,242,Administration Professionals,2423,Personal and Careers Professionals,2423.0100,Vocational Guidance Officer/Career Counsellors,00
2,Professionals,24,Business and Administrative Professionals,242,Administration Professionals,2423,Personal and Careers Professionals,2423.0101,Associate – Recruitment,01
2,Professionals,24,Business and Administrative Professionals,242,Administration Professionals,2423,Personal and Careers Professionals,2423.0200,Counsellor,00
2,Professionals,24,Business and Administrative Professionals,242,Administration Professionals,2423,Personal and Careers Professionals,2423.0500,Occupational Analyst,00
2,Professionals,24,Business and Administrative Professionals,242,Administration Professionals,2423,Personal and Careers Professionals,2423.9900,"Personal and Careers Professionals, Other",00
2,Professionals,24,Business and Administrative Professionals,242,Administration Professionals,2424,Training and Staff Development Professionals,2424.0100,"Manpower Officer/Area Manager, Human Resource",00
2,Professionals,24,Business and Administrative Professionals,242,Administration Professionals,2424,Training and Staff Development Professionals,2424.0200,"Employment Officer/Operation Head, Employment",00
2,Professionals,24,Business and Administrative Professionals,242,Administration Professionals,2424,Training and Staff Development Professionals,2424.0300,Human Resource Manager,00
2,Professionals,24,Business and Administrative Professionals,242,Administration Professionals,2424,Training and Staff Development Professionals,2424.0401,Sales Training Manager,01
2,Professionals,24,Business and Administrative Professionals,242,Administration Professionals,2424,Training and Staff Development Professionals,2424.0402,Sales/Service Trainer (Dealer),02
2,Professionals,24,Business and Administrative Professionals,242,Administration Professionals,2424,Training and Staff Development Professionals,2424.0501,Service Training Centre In-Charge,01
2,Professionals,24,Business and Administrative Professionals,242,Administration Professionals,2424,Training and Staff Development Professionals,2424.0502,Field Service Trainer,02
2,Professionals,24,Business and Administrative Professionals,242,Administration Professionals,2424,Training and Staff Development Professionals,2424.9900,"Training and Staff Development Professionals, Other",00
2,Professionals,24,Business and Administrative Professionals,243,"Sales, Marketing and Public Relations Professionals",2431,Advertising and Marketing Professionals,2431.0100,Market Research Analyst,00
2,Professionals,24,Business and Administrative Professionals,243,"Sales, Marketing and Public Relations Professionals",2431,Advertising and Marketing Professionals,2431.0101,Regional Service Marketing Manager,01
2,Professionals,24,Business and Administrative Professionals,243,"Sales, Marketing and Public Relations Professionals",2431,Advertising and Marketing Professionals,2431.0102,Regional Service Process Manager,02
2,Professionals,24,Business and Administrative Professionals,243,"Sales, Marketing and Public Relations Professionals",2431,Advertising and Marketing Professionals,2431.0201,Product Brand Manager (Automotive),01
2,Professionals,24,Business and Administrative Professionals,243,"Sales, Marketing and Public Relations Professionals",2431,Advertising and Marketing Professionals,2431.0202,Account Executive (Advertising Agency),02
2,Professionals,24,Business and Administrative Professionals,243,"Sales, Marketing and Public Relations Professionals",2431,Advertising and Marketing Professionals,2431.0300,Caption Writer,00
2,Professionals,24,Business and Administrative Professionals,243,"Sales, Marketing and Public Relations Professionals",2431,Advertising and Marketing Professionals,2431.0400,Advertisement Writer,00
2,Professionals,24,Business and Administrative Professionals,243,"Sales, Marketing and Public Relations Professionals",2431,Advertising and Marketing Professionals,2431.0501,Market Research Associate – Sales & Marketing/Business Development,01
2,Professionals,24,Business and Administrative Professionals,243,"Sales, Marketing and Public Relations Professionals",2431,Advertising and Marketing Professionals,2431.0502,Management Trainee – Sales & Marketing/Business Development,02
2,Professionals,24,Business and Administrative Professionals,243,"Sales, Marketing and Public Relations Professionals",2431,Advertising and Marketing Professionals,2431.0503,Market Research Associate – Product Marketing,03
2,Professionals,24,Business and Administrative Professionals,243,"Sales, Marketing and Public Relations Professionals",2431,Advertising and Marketing Professionals,2431.0504,Management Trainee – Product Marketing,04
2,Professionals,24,Business and Administrative Professionals,243,"Sales, Marketing and Public Relations Professionals",2431,Advertising and Marketing Professionals,2431.0601,Product Executive,01
2,Professionals,24,Business and Administrative Professionals,243,"Sales, Marketing and Public Relations Professionals",2431,Advertising and Marketing Professionals,2431.0651,Sales Executive (Media Org),51
2,Professionals,24,Business and Administrative Professionals,243,"Sales, Marketing and Public Relations Professionals",2431,Advertising and Marketing Professionals,2431.0671,Traffic Co-Ordinator,71
2,Professionals,24,Business and Administrative Professionals,243,"Sales, Marketing and Public Relations Professionals",2431,Advertising and Marketing Professionals,2431.0700,Creative Writer,00
2,Professionals,24,Business and Administrative Professionals,243,"Sales, Marketing and Public Relations Professionals",2431,Advertising and Marketing Professionals,2431.0800,Propagandist,00
2,Professionals,24,Business and Administrative Professionals,243,"Sales, Marketing and Public Relations Professionals",2431,Advertising and Marketing Professionals,2431.9900,"Advertising and Marketing Professionals, Other",00
2,Professionals,24,Business and Administrative Professionals,243,"Sales, Marketing and Public Relations Professionals",2432,Public Relations Professionals,2432.0100,Publicity Officer,00
2,Professionals,24,Business and Administrative Professionals,243,"Sales, Marketing and Public Relations Professionals",2432,Public Relations Professionals,2432.0200,Public Relations Officer,00
2,Professionals,24,Business and Administrative Professionals,243,"Sales, Marketing and Public Relations Professionals",2432,Public Relations Professionals,2432.0201,Digital Marketing/Social Media Manager,01
2,Professionals,24,Business and Administrative Professionals,243,"Sales, Marketing and Public Relations Professionals",2432,Public Relations Professionals,2432.0300,Information Officer,00
2,Professionals,24,Business and Administrative Professionals,243,"Sales, Marketing and Public Relations Professionals",2432,Public Relations Professionals,2432.9900,"Public Relations Professionals, Other",00
2,Professionals,24,Business and Administrative Professionals,243,"Sales, Marketing and Public Relations Professionals",2433,Technical and Medical Sales Professional (Excluding ICT),2433.0101,Area Sales Officer,01
2,Professionals,24,Business and Administrative Professionals,243,"Sales, Marketing and Public Relations Professionals",2433,Technical and Medical Sales Professional (Excluding ICT),2433.0201,Medical Representative,01
2,Professionals,24,Business and Administrative Professionals,243,"Sales, Marketing and Public Relations Professionals",2433,Technical and Medical Sales Professional (Excluding ICT),2433.0301,Sales Executive – Medical Electronics,01
2,Professionals,24,Business and Administrative Professionals,243,"Sales, Marketing and Public Relations Professionals",2433,Technical and Medical Sales Professional (Excluding ICT),2433.0401,Sales Executive – Consumer Electronics,01
2,Professionals,24,Business and Administrative Professionals,243,"Sales, Marketing and Public Relations Professionals",2433,Technical and Medical Sales Professional (Excluding ICT),2433.0501,Sales Executive – Solar Electronics,01
2,Professionals,24,Business and Administrative Professionals,243,"Sales, Marketing and Public Relations Professionals",2433,Technical and Medical Sales Professional (Excluding ICT),2433.0601,Business Development Executive,01
2,Professionals,24,Business and Administrative Professionals,243,"Sales, Marketing and Public Relations Professionals",2433,Technical and Medical Sales Professional (Excluding ICT),2433.0700,"Field Officer, Insurance",00
2,Professionals,24,Business and Administrative Professionals,243,"Sales, Marketing and Public Relations Professionals",2434,Information and Communications Technology Sales Professionals,2434.0101,Sales and Pre-Sales Analyst,01
2,Professionals,24,Business and Administrative Professionals,243,"Sales, Marketing and Public Relations Professionals",2434,Information and Communications Technology Sales Professionals,2434.0201,Sales/Pre-Sales Executive,01
2,Professionals,25,Information and Communication Technology Professionals,251,"Software and Application Developers, and Analysts",2511,System Analysts,2511.0100,System Analysts,00
2,Professionals,25,Information and Communication Technology Professionals,251,"Software and Application Developers, and Analysts",2511,System Analysts,2511.0101,Deployment Engineer,01
2,Professionals,25,Information and Communication Technology Professionals,251,"Software and Application Developers, and Analysts",2511,System Analysts,2511.0102,Engineer – Software Transition,02
2,Professionals,25,Information and Communication Technology Professionals,251,"Software and Application Developers, and Analysts",2511,System Analysts,2511.0103,Engineer – Packaging,03
2,Professionals,25,Information and Communication Technology Professionals,251,"Software and Application Developers, and Analysts",2511,System Analysts,2511.0104,Engineer – Product Lifecycle Management (PLM),04
2,Professionals,25,Information and Communication Technology Professionals,251,"Software and Application Developers, and Analysts",2511,System Analysts,2511.0105,Analyst,05
2,Professionals,25,Information and Communication Technology Professionals,251,"Software and Application Developers, and Analysts",2511,System Analysts,2511.0106,Support Engineer,06
2,Professionals,25,Information and Communication Technology Professionals,251,"Software and Application Developers, and Analysts",2511,System Analysts,2511.9900,"System Analysts, Other",00
2,Professionals,25,Information and Communication Technology Professionals,251,"Software and Application Developers, and Analysts",2512,Software Developers,2512.0100,Computer Programmer/Software Engineer,00
2,Professionals,25,Information and Communication Technology Professionals,251,"Software and Application Developers, and Analysts",2512,Software Developers,2512.0201,Software Engineer,01
2,Professionals,25,Information and Communication Technology Professionals,251,"Software and Application Developers, and Analysts",2512,Software Developers,2512.0202,Test Engineer – Software,02
2,Professionals,25,Information and Communication Technology Professionals,251,"Software and Application Developers, and Analysts",2512,Software Developers,2512.0203,Design Engineer(Product Engineer),03
2,Professionals,25,Information and Communication Technology Professionals,251,"Software and Application Developers, and Analysts",2512,Software Developers,2512.0204,Software Developer – Application Development,04
2,Professionals,25,Information and Communication Technology Professionals,251,"Software and Application Developers, and Analysts",2512,Software Developers,2512.0205,Junior Software Developer,05
2,Professionals,25,Information and Communication Technology Professionals,251,"Software and Application Developers, and Analysts",2512,Software Developers,2512.0206,Engineer Trainee – IT Services,06
2,Professionals,25,Information and Communication Technology Professionals,251,"Software and Application Developers, and Analysts",2512,Software Developers,2512.0207,Engineer Trainee – Engineering Analysis,07
2,Professionals,25,Information and Communication Technology Professionals,251,"Software and Application Developers, and Analysts",2512,Software Developers,2512.0300,Programmer Analyst,00
2,Professionals,25,Information and Communication Technology Professionals,251,"Software and Application Developers, and Analysts",2512,Software Developers,2512.0301,Software Developer – Product Development and Delivery,01
2,Professionals,25,Information and Communication Technology Professionals,251,"Software and Application Developers, and Analysts",2512,Software Developers,2512.0401,FPGA Design Engineer,01
2,Professionals,25,Information and Communication Technology Professionals,251,"Software and Application Developers, and Analysts",2512,Software Developers,2512.0501,Embedded Software Engineer,01
2,Professionals,25,Information and Communication Technology Professionals,251,"Software and Application Developers, and Analysts",2512,Software Developers,2512.0601,Design Engineer – Engineering Analysis,01
2,Professionals,25,Information and Communication Technology Professionals,251,"Software and Application Developers, and Analysts",2512,Software Developers,2512.0701,Application Maintenance Engineer,01
2,Professionals,25,Information and Communication Technology Professionals,251,"Software and Application Developers, and Analysts",2512,Software Developers,2512.0800,"Programmer, Engineering and Scientific/System Programmer",00
2,Professionals,25,Information and Communication Technology Professionals,251,"Software and Application Developers, and Analysts",2513,Web and Multimedia Developers,2513.0101,Web Developer,01
2,Professionals,25,Information and Communication Technology Professionals,251,"Software and Application Developers, and Analysts",2513,Web and Multimedia Developers,2513.0201,User Interface Developer,01
2,Professionals,25,Information and Communication Technology Professionals,251,"Software and Application Developers, and Analysts",2513,Web and Multimedia Developers,2513.0301,Media Developer – Product Development and Delivery,01
2,Professionals,25,Information and Communication Technology Professionals,251,"Software and Application Developers, and Analysts",2513,Web and Multimedia Developers,2513.0302,Media Developer – Application Development,02
2,Professionals,25,Information and Communication Technology Professionals,251,"Software and Application Developers, and Analysts",2514,Applications Programmers,2514.9900,"Computer Programmers, Other",00
2,Professionals,25,Information and Communication Technology Professionals,251,"Software and Application Developers, and Analysts",2519,Software and Application Developers and Analysts Not Elsewhere Classified,2519.0100,System Programmer,00
2,Professionals,25,Information and Communication Technology Professionals,251,"Software and Application Developers, and Analysts",2519,Software and Application Developers and Analysts Not Elsewhere Classified,2519.0300,Quality Assurance Analyst (Computers),00
2,Professionals,25,Information and Communication Technology Professionals,251,"Software and Application Developers, and Analysts",2519,Software and Application Developers and Analysts Not Elsewhere Classified,2519.0301,Quality Assurance Engineer – IT Services,01
2,Professionals,25,Information and Communication Technology Professionals,251,"Software and Application Developers, and Analysts",2519,Software and Application Developers and Analysts Not Elsewhere Classified,2519.0302,Test Engineer – IT Services,02
2,Professionals,25,Information and Communication Technology Professionals,251,"Software and Application Developers, and Analysts",2519,Software and Application Developers and Analysts Not Elsewhere Classified,2519.0401,Quality Assurance Engineer – Software Products,01
2,Professionals,25,Information and Communication Technology Professionals,251,"Software and Application Developers, and Analysts",2519,Software and Application Developers and Analysts Not Elsewhere Classified,2519.0402,Test Engineer – Software Products,02
2,Professionals,25,Information and Communication Technology Professionals,251,"Software and Application Developers, and Analysts",2519,Software and Application Developers and Analysts Not Elsewhere Classified,2519.0501,Quality Engineer,01
2,Professionals,25,Information and Communication Technology Professionals,252,Database and Network Professionals,2521,Database designers and Administrators,2521.0100,Database Design Analyst,00
2,Professionals,25,Information and Communication Technology Professionals,252,Database and Network Professionals,2521,Database designers and Administrators,2521.0202,Junior Data Associate,02
2,Professionals,25,Information and Communication Technology Professionals,252,Database and Network Professionals,2522,Systems Administrators,2522.0100,Database Administrator,00
2,Professionals,25,Information and Communication Technology Professionals,252,Database and Network Professionals,2522,Systems Administrators,2522.0201,Security Analyst,01
2,Professionals,25,Information and Communication Technology Professionals,252,Database and Network Professionals,2523,Computer Network Professionals,2523.0100,Data Communication Analyst/Network Administrator,00
2,Professionals,25,Information and Communication Technology Professionals,252,Database and Network Professionals,2523,Computer Network Professionals,2523.0200,Computer System Hardware Analyst/Hardware Engineer,00
2,Professionals,25,Information and Communication Technology Professionals,252,Database and Network Professionals,2523,Computer Network Professionals,2523.0301,Tester/Test Engineer – Hardware,01
2,Professionals,25,Information and Communication Technology Professionals,252,Database and Network Professionals,2523,Computer Network Professionals,2523.0401,Design Engineer,01
2,Professionals,25,Information and Communication Technology Professionals,252,Database and Network Professionals,2523,Computer Network Professionals,2523.0501,Hardware Engineer,01
2,Professionals,25,Information and Communication Technology Professionals,252,Database and Network Professionals,2523,Computer Network Professionals,2523.9900,"Computer Network Professionals, Other",00
2,Professionals,26,"Legal, Social and Cultural Professionals",261,Legal Professionals,2611,Lawyers,2611.0100,Attorney General of India,00
2,Professionals,26,"Legal, Social and Cultural Professionals",261,Legal Professionals,2611,Lawyers,2611.0200,Solicitor General of India,00
2,Professionals,26,"Legal, Social and Cultural Professionals",261,Legal Professionals,2611,Lawyers,2611.0300,Advocate General,00
2,Professionals,26,"Legal, Social and Cultural Professionals",261,Legal Professionals,2611,Lawyers,2611.0400,Legal Remembrancer,00
2,Professionals,26,"Legal, Social and Cultural Professionals",261,Legal Professionals,2611,Lawyers,2611.0500,Government Advocate,00
2,Professionals,26,"Legal, Social and Cultural Professionals",261,Legal Professionals,2611,Lawyers,2611.0600,Public Prosecutor,00
2,Professionals,26,"Legal, Social and Cultural Professionals",261,Legal Professionals,2611,Lawyers,2611.0700,Police Prosecutor,00
2,Professionals,26,"Legal, Social and Cultural Professionals",261,Legal Professionals,2611,Lawyers,2611.0800,Attorney at Law,00
2,Professionals,26,"Legal, Social and Cultural Professionals",261,Legal Professionals,2611,Lawyers,2611.0900,Advocate,00
2,Professionals,26,"Legal, Social and Cultural Professionals",261,Legal Professionals,2611,Lawyers,2611.1001,Intellectual Property Executive,01
2,Professionals,26,"Legal, Social and Cultural Professionals",261,Legal Professionals,2611,Lawyers,2611.1002,Legal Associate,02
2,Professionals,26,"Legal, Social and Cultural Professionals",261,Legal Professionals,2611,Lawyers,2611.9900,"Lawyers, Other",00
2,Professionals,26,"Legal, Social and Cultural Professionals",261,Legal Professionals,2612,Judges,2612.0100,"Judge, Supreme Court",00
2,Professionals,26,"Legal, Social and Cultural Professionals",261,Legal Professionals,2612,Judges,2612.0200,"Judge, High Court",00
2,Professionals,26,"Legal, Social and Cultural Professionals",261,Legal Professionals,2612,Judges,2612.0300,District and Session Judge,00
2,Professionals,26,"Legal, Social and Cultural Professionals",261,Legal Professionals,2612,Judges,2612.0400,Munsif,00
2,Professionals,26,"Legal, Social and Cultural Professionals",261,Legal Professionals,2612,Judges,2612.0500,"Judge, Subordinate Court",00
2,Professionals,26,"Legal, Social and Cultural Professionals",261,Legal Professionals,2612,Judges,2612.0600,Magistrate,00
2,Professionals,26,"Legal, Social and Cultural Professionals",261,Legal Professionals,2612,Judges,2612.0700,"Magistrate, Juvenile Court",00
2,Professionals,26,"Legal, Social and Cultural Professionals",261,Legal Professionals,2612,Judges,2612.0800,"Chairman, Administrative Tribunal",00
2,Professionals,26,"Legal, Social and Cultural Professionals",261,Legal Professionals,2612,Judges,2612.0900,"Member, Administrative Tribunal",00
2,Professionals,26,"Legal, Social and Cultural Professionals",261,Legal Professionals,2612,Judges,2612.1000,"President, Industrial Tribunal",00
2,Professionals,26,"Legal, Social and Cultural Professionals",261,Legal Professionals,2612,Judges,2612.1100,"Member, Industrial Tribunal",00
2,Professionals,26,"Legal, Social and Cultural Professionals",261,Legal Professionals,2612,Judges,2612.1200,"President, Consumer Redressal Forum",00
2,Professionals,26,"Legal, Social and Cultural Professionals",261,Legal Professionals,2612,Judges,2612.1300,"Member, Consumer Redressal Forum",00
2,Professionals,26,"Legal, Social and Cultural Professionals",261,Legal Professionals,2612,Judges,2612.9900,"Judges and Magistrates, Other",00
2,Professionals,26,"Legal, Social and Cultural Professionals",261,Legal Professionals,2619,"Legal Professionals, Not Elsewhere Classified",2619.0100,Prothonotary and Senior Master,00
2,Professionals,26,"Legal, Social and Cultural Professionals",261,Legal Professionals,2619,"Legal Professionals, Not Elsewhere Classified",2619.0200,"Registrar (Appellate Side, High Court)",00
2,Professionals,26,"Legal, Social and Cultural Professionals",261,Legal Professionals,2619,"Legal Professionals, Not Elsewhere Classified",2619.0300,Registrar,00
2,Professionals,26,"Legal, Social and Cultural Professionals",261,Legal Professionals,2619,"Legal Professionals, Not Elsewhere Classified",2619.0400,Master Official Referee and Registrar in Equity and Commissioner for Taking Accounts (High Court),00
2,Professionals,26,"Legal, Social and Cultural Professionals",261,Legal Professionals,2619,"Legal Professionals, Not Elsewhere Classified",2619.0500,Taxing Master,00
2,Professionals,26,"Legal, Social and Cultural Professionals",261,Legal Professionals,2619,"Legal Professionals, Not Elsewhere Classified",2619.0600,Insolvency Registrar,00
2,Professionals,26,"Legal, Social and Cultural Professionals",261,Legal Professionals,2619,"Legal Professionals, Not Elsewhere Classified",2619.0700,Official Assignee (High Court),00
2,Professionals,26,"Legal, Social and Cultural Professionals",261,Legal Professionals,2619,"Legal Professionals, Not Elsewhere Classified",2619.0800,Court Receiver and Liquidator,00
2,Professionals,26,"Legal, Social and Cultural Professionals",261,Legal Professionals,2619,"Legal Professionals, Not Elsewhere Classified",2619.0900,Sheriff,00
2,Professionals,26,"Legal, Social and Cultural Professionals",261,Legal Professionals,2619,"Legal Professionals, Not Elsewhere Classified",2619.1000,Coroner,00
2,Professionals,26,"Legal, Social and Cultural Professionals",261,Legal Professionals,2619,"Legal Professionals, Not Elsewhere Classified",2619.9900,"Legal Professionals, Other",00
2,Professionals,26,"Legal, Social and Cultural Professionals",262,"Librarians, Archivists and Curators",2621,Archivists and Curators,2621.0100,Archivist,00
2,Professionals,26,"Legal, Social and Cultural Professionals",262,"Librarians, Archivists and Curators",2621,Archivists and Curators,2621.0200,Curator (Museum),00
2,Professionals,26,"Legal, Social and Cultural Professionals",262,"Librarians, Archivists and Curators",2621,Archivists and Curators,2621.0300,"Restorer, Painting",00
2,Professionals,26,"Legal, Social and Cultural Professionals",262,"Librarians, Archivists and Curators",2621,Archivists and Curators,2621.0400,"Restorer, Lace and Textile",00
2,Professionals,26,"Legal, Social and Cultural Professionals",262,"Librarians, Archivists and Curators",2621,Archivists and Curators,2621.0500,"Restorer, Ceramics",00
2,Professionals,26,"Legal, Social and Cultural Professionals",262,"Librarians, Archivists and Curators",2621,Archivists and Curators,2621.0600,"Restorer, Paper and Prints",00
2,Professionals,26,"Legal, Social and Cultural Professionals",262,"Librarians, Archivists and Curators",2621,Archivists and Curators,2621.0700,"Restorer, Furniture",00
2,Professionals,26,"Legal, Social and Cultural Professionals",262,"Librarians, Archivists and Curators",2621,Archivists and Curators,2621.9900,"Archivists and Curators, Other",00
2,Professionals,26,"Legal, Social and Cultural Professionals",262,"Librarians, Archivists and Curators",2622,Librarians and Related Information,2622.0100,Librarian,00
2,Professionals,26,"Legal, Social and Cultural Professionals",262,"Librarians, Archivists and Curators",2622,Librarians and Related Information,2622.0200,Librarian (Film),00
2,Professionals,26,"Legal, Social and Cultural Professionals",262,"Librarians, Archivists and Curators",2622,Librarians and Related Information,2622.0300,Tape Librarian/Librarian Digital/Librarian Media,00
2,Professionals,26,"Legal, Social and Cultural Professionals",262,"Librarians, Archivists and Curators",2622,Librarians and Related Information,2622.0500,News Librarian,00
2,Professionals,26,"Legal, Social and Cultural Professionals",262,"Librarians, Archivists and Curators",2622,Librarians and Related Information,2622.0601,Document Coder/Processor,01
2,Professionals,26,"Legal, Social and Cultural Professionals",262,"Librarians, Archivists and Curators",2622,Librarians and Related Information,2622.9900,"Librarians and Related Information Professionals, Other",00
2,Professionals,26,"Legal, Social and Cultural Professionals",263,Social and Religious Professionals,2631,Economists,2631.0100,Economist,00
2,Professionals,26,"Legal, Social and Cultural Professionals",263,Social and Religious Professionals,2631,Economists,2631.0200,Energy Economist,00
2,Professionals,26,"Legal, Social and Cultural Professionals",263,Social and Religious Professionals,2631,Economists,2631.0300,Home Economist,00
2,Professionals,26,"Legal, Social and Cultural Professionals",263,Social and Religious Professionals,2631,Economists,2631.9900,"Economists, Other",00
2,Professionals,26,"Legal, Social and Cultural Professionals",263,Social and Religious Professionals,2632,"Sociologists, Anthropologists and Related Professionals",2632.0100,"Sociologist, General",00
2,Professionals,26,"Legal, Social and Cultural Professionals",263,Social and Religious Professionals,2632,"Sociologists, Anthropologists and Related Professionals",2632.0200,Social Ecologist,00
2,Professionals,26,"Legal, Social and Cultural Professionals",263,Social and Religious Professionals,2632,"Sociologists, Anthropologists and Related Professionals",2632.0300,Clinical Sociologist,00
2,Professionals,26,"Legal, Social and Cultural Professionals",263,Social and Religious Professionals,2632,"Sociologists, Anthropologists and Related Professionals",2632.0400,Demographer,00
2,Professionals,26,"Legal, Social and Cultural Professionals",263,Social and Religious Professionals,2632,"Sociologists, Anthropologists and Related Professionals",2632.0500,Criminologists,00
2,Professionals,26,"Legal, Social and Cultural Professionals",263,Social and Religious Professionals,2632,"Sociologists, Anthropologists and Related Professionals",2632.0600,Penologist,00
2,Professionals,26,"Legal, Social and Cultural Professionals",263,Social and Religious Professionals,2632,"Sociologists, Anthropologists and Related Professionals",2632.0700,"Anthropologist, General",00
2,Professionals,26,"Legal, Social and Cultural Professionals",263,Social and Religious Professionals,2632,"Sociologists, Anthropologists and Related Professionals",2632.0800,"Anthropologist, Physical",00
2,Professionals,26,"Legal, Social and Cultural Professionals",263,Social and Religious Professionals,2632,"Sociologists, Anthropologists and Related Professionals",2632.0900,"Anthropologist, Cultural",00
2,Professionals,26,"Legal, Social and Cultural Professionals",263,Social and Religious Professionals,2632,"Sociologists, Anthropologists and Related Professionals",2632.1000,Genealogist,00
2,Professionals,26,"Legal, Social and Cultural Professionals",263,Social and Religious Professionals,2632,"Sociologists, Anthropologists and Related Professionals",2632.1100,Archaeologist,00
2,Professionals,26,"Legal, Social and Cultural Professionals",263,Social and Religious Professionals,2632,"Sociologists, Anthropologists and Related Professionals",2632.1200,Geographer,00
2,Professionals,26,"Legal, Social and Cultural Professionals",263,Social and Religious Professionals,2632,"Sociologists, Anthropologists and Related Professionals",2632.9900,"Sociologists, Anthropologists and Related Professionals, Other",00
2,Professionals,26,"Legal, Social and Cultural Professionals",263,Social and Religious Professionals,2633,"Philosophers, Historians and Political Scientists",2633.0100,Historian,00
2,Professionals,26,"Legal, Social and Cultural Professionals",263,Social and Religious Professionals,2633,"Philosophers, Historians and Political Scientists",2633.0200,Biographer,00
2,Professionals,26,"Legal, Social and Cultural Professionals",263,Social and Religious Professionals,2633,"Philosophers, Historians and Political Scientists",2633.0300,Epigraphist,00
2,Professionals,26,"Legal, Social and Cultural Professionals",263,Social and Religious Professionals,2633,"Philosophers, Historians and Political Scientists",2633.0400,Numismatist,00
2,Professionals,26,"Legal, Social and Cultural Professionals",263,Social and Religious Professionals,2633,"Philosophers, Historians and Political Scientists",2633.0500,Philatelist,00
2,Professionals,26,"Legal, Social and Cultural Professionals",263,Social and Religious Professionals,2633,"Philosophers, Historians and Political Scientists",2633.0600,Political Scientist,00
2,Professionals,26,"Legal, Social and Cultural Professionals",263,Social and Religious Professionals,2633,"Philosophers, Historians and Political Scientists",2633.9900,"Philosophers, Historians and Political Scientists, Other",00
2,Professionals,26,"Legal, Social and Cultural Professionals",263,Social and Religious Professionals,2634,Psychologists,2634.0100,Psychologist,00
2,Professionals,26,"Legal, Social and Cultural Professionals",263,Social and Religious Professionals,2634,Psychologists,2634.0200,Psychometrist,00
2,Professionals,26,"Legal, Social and Cultural Professionals",263,Social and Religious Professionals,2634,Psychologists,2634.0300,"Psychologist, Engineering",00
2,Professionals,26,"Legal, Social and Cultural Professionals",263,Social and Religious Professionals,2634,Psychologists,2634.0400,"Psychologist, Educational",00
2,Professionals,26,"Legal, Social and Cultural Professionals",263,Social and Religious Professionals,2634,Psychologists,2634.0500,"Psychologist, Social",00
2,Professionals,26,"Legal, Social and Cultural Professionals",263,Social and Religious Professionals,2634,Psychologists,2634.0600,Clinical Psychologist,00
2,Professionals,26,"Legal, Social and Cultural Professionals",263,Social and Religious Professionals,2634,Psychologists,2634.0700,Industrial – Organizational Psychologist,00
2,Professionals,26,"Legal, Social and Cultural Professionals",263,Social and Religious Professionals,2634,Psychologists,2634.0800,"Psychologist, Counselling",00
2,Professionals,26,"Legal, Social and Cultural Professionals",263,Social and Religious Professionals,2634,Psychologists,2634.9900,"Psychologists, Other",00
2,Professionals,26,"Legal, Social and Cultural Professionals",263,Social and Religious Professionals,2635,Social Work and Counselling Professionals,2635.0100,Labour Welfare Officer,00
2,Professionals,26,"Legal, Social and Cultural Professionals",263,Social and Religious Professionals,2635,Social Work and Counselling Professionals,2635.0200,Women’s Welfare Officer,00
2,Professionals,26,"Legal, Social and Cultural Professionals",263,Social and Religious Professionals,2635,Social Work and Counselling Professionals,2635.0300,Probation Officer,00
2,Professionals,26,"Legal, Social and Cultural Professionals",263,Social and Religious Professionals,2635,Social Work and Counselling Professionals,2635.0400,Medical Social Worker,00
2,Professionals,26,"Legal, Social and Cultural Professionals",263,Social and Religious Professionals,2635,Social Work and Counselling Professionals,2635.0500,Child and Family Social Worker,00
2,Professionals,26,"Legal, Social and Cultural Professionals",263,Social and Religious Professionals,2635,Social Work and Counselling Professionals,2635.0600,Health Educator,00
2,Professionals,26,"Legal, Social and Cultural Professionals",263,Social and Religious Professionals,2635,Social Work and Counselling Professionals,2635.0700,Women’s Welfare Organizer,00
2,Professionals,26,"Legal, Social and Cultural Professionals",263,Social and Religious Professionals,2635,Social Work and Counselling Professionals,2635.0800,Child Welfare Organizer,00
2,Professionals,26,"Legal, Social and Cultural Professionals",263,Social and Religious Professionals,2635,Social Work and Counselling Professionals,2635.0900,Family Planning Organizer,00
2,Professionals,26,"Legal, Social and Cultural Professionals",263,Social and Religious Professionals,2635,Social Work and Counselling Professionals,2635.1000,Vocational Rehabilitation Counsellor,00
2,Professionals,26,"Legal, Social and Cultural Professionals",263,Social and Religious Professionals,2635,Social Work and Counselling Professionals,2635.1100,"Counsellor, Marriage and Family",00
2,Professionals,26,"Legal, Social and Cultural Professionals",263,Social and Religious Professionals,2635,Social Work and Counselling Professionals,2635.9900,"Social Work Professionals, Other",00
2,Professionals,26,"Legal, Social and Cultural Professionals",263,Social and Religious Professionals,2636,Religious Professionals,2636.0100,Priest,00
2,Professionals,26,"Legal, Social and Cultural Professionals",263,Social and Religious Professionals,2636,Religious Professionals,2636.0200,Purohit,00
2,Professionals,26,"Legal, Social and Cultural Professionals",263,Social and Religious Professionals,2636,Religious Professionals,2636.9900,Ordained Religious and Non-Ordained Religious Workers,00
2,Professionals,26,"Legal, Social and Cultural Professionals",264,"Authors, Journalists and Linguists",2641,Authors and Related Writers,2641.0100,Author,00
2,Professionals,26,"Legal, Social and Cultural Professionals",264,"Authors, Journalists and Linguists",2641,Authors and Related Writers,2641.0200,Critic,00
2,Professionals,26,"Legal, Social and Cultural Professionals",264,"Authors, Journalists and Linguists",2641,Authors and Related Writers,2641.0300,Editor,00
2,Professionals,26,"Legal, Social and Cultural Professionals",264,"Authors, Journalists and Linguists",2641,Authors and Related Writers,2641.0302,Script Editor,02
2,Professionals,26,"Legal, Social and Cultural Professionals",264,"Authors, Journalists and Linguists",2641,Authors and Related Writers,2641.0400,Sub-Editor,00
2,Professionals,26,"Legal, Social and Cultural Professionals",264,"Authors, Journalists and Linguists",2641,Authors and Related Writers,2641.0500,Poet,00
2,Professionals,26,"Legal, Social and Cultural Professionals",264,"Authors, Journalists and Linguists",2641,Authors and Related Writers,2641.0601,Script Writer,01
2,Professionals,26,"Legal, Social and Cultural Professionals",264,"Authors, Journalists and Linguists",2641,Authors and Related Writers,2641.0602,Script Researcher,02
2,Professionals,26,"Legal, Social and Cultural Professionals",264,"Authors, Journalists and Linguists",2641,Authors and Related Writers,2641.0701,Associate – Editorial,01
2,Professionals,26,"Legal, Social and Cultural Professionals",264,"Authors, Journalists and Linguists",2641,Authors and Related Writers,2641.0801,Associate – Learning,01
2,Professionals,26,"Legal, Social and Cultural Professionals",264,"Authors, Journalists and Linguists",2641,Authors and Related Writers,2641.0901,Technical Writer – Product Documentation,01
2,Professionals,26,"Legal, Social and Cultural Professionals",264,"Authors, Journalists and Linguists",2641,Authors and Related Writers,2641.0902,Technical Writer – Application Development,02
2,Professionals,26,"Legal, Social and Cultural Professionals",264,"Authors, Journalists and Linguists",2641,Authors and Related Writers,2641.0903,Technical Writer – Technical Documentation/ Writing,03
2,Professionals,26,"Legal, Social and Cultural Professionals",264,"Authors, Journalists and Linguists",2641,Authors and Related Writers,2641.9900,"Authors, Journalists and Other Writers",00
2,Professionals,26,"Legal, Social and Cultural Professionals",264,"Authors, Journalists and Linguists",2642,Journalists,2642.0100,News Reporter,00
2,Professionals,26,"Legal, Social and Cultural Professionals",264,"Authors, Journalists and Linguists",2642,Journalists,2642.0200,Columnist,00
2,Professionals,26,"Legal, Social and Cultural Professionals",264,"Authors, Journalists and Linguists",2642,Journalists,2642.0300,Freelance Journalist,00
2,Professionals,26,"Legal, Social and Cultural Professionals",264,"Authors, Journalists and Linguists",2642,Journalists,2642.0400,Commentary Writer,00
2,Professionals,26,"Legal, Social and Cultural Professionals",264,"Authors, Journalists and Linguists",2642,Journalists,2642.0500,Radio Commentator,00
2,Professionals,26,"Legal, Social and Cultural Professionals",264,"Authors, Journalists and Linguists",2642,Journalists,2642.0600,Commentator (Motion Picture),00
2,Professionals,26,"Legal, Social and Cultural Professionals",264,"Authors, Journalists and Linguists",2643,"Translators, Interpreters and Other Linguists",2643.0100,Language Specialist,00
2,Professionals,26,"Legal, Social and Cultural Professionals",264,"Authors, Journalists and Linguists",2643,"Translators, Interpreters and Other Linguists",2643.0200,Translator,00
2,Professionals,26,"Legal, Social and Cultural Professionals",264,"Authors, Journalists and Linguists",2643,"Translators, Interpreters and Other Linguists",2643.0300,Interpreter,00
2,Professionals,26,"Legal, Social and Cultural Professionals",264,"Authors, Journalists and Linguists",2643,"Translators, Interpreters and Other Linguists",2643.0401,Language Translator – Software Products,01
2,Professionals,26,"Legal, Social and Cultural Professionals",264,"Authors, Journalists and Linguists",2643,"Translators, Interpreters and Other Linguists",2643.0402,Language Translator – IT Services,02
2,Professionals,26,"Legal, Social and Cultural Professionals",264,"Authors, Journalists and Linguists",2643,"Translators, Interpreters and Other Linguists",2643.9900,"Philologists, Translators and Interpreters, Other",00
2,Professionals,26,"Legal, Social and Cultural Professionals",265,Creative and Performing Artists,2651,Visual Artists,2651.0100,Sculptor,00
2,Professionals,26,"Legal, Social and Cultural Professionals",265,Creative and Performing Artists,2651,Visual Artists,2651.0200,Modeller (Except Stone),00
2,Professionals,26,"Legal, Social and Cultural Professionals",265,Creative and Performing Artists,2651,Visual Artists,2651.0300,Stone Modeller,00
2,Professionals,26,"Legal, Social and Cultural Professionals",265,Creative and Performing Artists,2651,Visual Artists,2651.0400,"Painter, Fine Art",00
2,Professionals,26,"Legal, Social and Cultural Professionals",265,Creative and Performing Artists,2651,Visual Artists,2651.0500,"Renovator, Paintings",00
2,Professionals,26,"Legal, Social and Cultural Professionals",265,Creative and Performing Artists,2651,Visual Artists,2651.0600,Cartoonist,00
2,Professionals,26,"Legal, Social and Cultural Professionals",265,Creative and Performing Artists,2651,Visual Artists,2651.9900,"Visual Artists, Other",00
2,Professionals,26,"Legal, Social and Cultural Professionals",265,Creative and Performing Artists,2652,"Musicians, Singers and Composers",2652.0100,Music Composer,00
2,Professionals,26,"Legal, Social and Cultural Professionals",265,Creative and Performing Artists,2652,"Musicians, Singers and Composers",2652.0200,Orchestra Conductor,00
2,Professionals,26,"Legal, Social and Cultural Professionals",265,Creative and Performing Artists,2652,"Musicians, Singers and Composers",2652.0300,Singer,00
2,Professionals,26,"Legal, Social and Cultural Professionals",265,Creative and Performing Artists,2652,"Musicians, Singers and Composers",2652.0400,"Instrumental Musician, String Instrument",00
2,Professionals,26,"Legal, Social and Cultural Professionals",265,Creative and Performing Artists,2652,"Musicians, Singers and Composers",2652.0500,"Instrumental Musician, Percussion Instrument",00
2,Professionals,26,"Legal, Social and Cultural Professionals",265,Creative and Performing Artists,2652,"Musicians, Singers and Composers",2652.0600,"Instrumental Musician, Wind Instrument",00
2,Professionals,26,"Legal, Social and Cultural Professionals",265,Creative and Performing Artists,2652,"Musicians, Singers and Composers",2652.9900,"Musicians, Singers and Composers, Other",00
2,Professionals,26,"Legal, Social and Cultural Professionals",265,Creative and Performing Artists,2653,Dancers and Choreographers,2653.0100,Choreographer,00
2,Professionals,26,"Legal, Social and Cultural Professionals",265,Creative and Performing Artists,2653,Dancers and Choreographers,2653.0200,Nattuvan,00
2,Professionals,26,"Legal, Social and Cultural Professionals",265,Creative and Performing Artists,2653,Dancers and Choreographers,2653.0300,Dancer,00
2,Professionals,26,"Legal, Social and Cultural Professionals",265,Creative and Performing Artists,2653,Dancers and Choreographers,2653.9900,"Choreographers and Dancers, Other",00
2,Professionals,26,"Legal, Social and Cultural Professionals",265,Creative and Performing Artists,2654,"Film, Stage and Related Directors and Producers",2654.0100,"Director, Theatrical",00
2,Professionals,26,"Legal, Social and Cultural Professionals",265,Creative and Performing Artists,2654,"Film, Stage and Related Directors and Producers",2654.0200,"Director, Music",00
2,Professionals,26,"Legal, Social and Cultural Professionals",265,Creative and Performing Artists,2654,"Film, Stage and Related Directors and Producers",2654.0300,Dance Director,00
2,Professionals,26,"Legal, Social and Cultural Professionals",265,Creative and Performing Artists,2654,"Film, Stage and Related Directors and Producers",2654.0351,Live Action Director,51
2,Professionals,26,"Legal, Social and Cultural Professionals",265,Creative and Performing Artists,2654,"Film, Stage and Related Directors and Producers",2654.0400,"Director, Research (Motion Picture, Radio & TV)",00
2,Professionals,26,"Legal, Social and Cultural Professionals",265,Creative and Performing Artists,2654,"Film, Stage and Related Directors and Producers",2654.0500,"Manager, Recreation and Entertainment",00
2,Professionals,26,"Legal, Social and Cultural Professionals",265,Creative and Performing Artists,2654,"Film, Stage and Related Directors and Producers",2654.0600,"Producer, Stage",00
2,Professionals,26,"Legal, Social and Cultural Professionals",265,Creative and Performing Artists,2654,"Film, Stage and Related Directors and Producers",2654.0700,"Producer, Film",00
2,Professionals,26,"Legal, Social and Cultural Professionals",265,Creative and Performing Artists,2654,"Film, Stage and Related Directors and Producers",2654.0800,Production Manager (Motion Picture),00
2,Professionals,26,"Legal, Social and Cultural Professionals",265,Creative and Performing Artists,2654,"Film, Stage and Related Directors and Producers",2654.0901,Lighting Artist,01
2,Professionals,26,"Legal, Social and Cultural Professionals",265,Creative and Performing Artists,2654,"Film, Stage and Related Directors and Producers",2654.9900,"Stage and Film Directors, Other",00
2,Professionals,26,"Legal, Social and Cultural Professionals",265,Creative and Performing Artists,2655,Actors,2655.0100,Actor and Actress,00
2,Professionals,26,"Legal, Social and Cultural Professionals",265,Creative and Performing Artists,2655,Actors,2655.0200,Extra,00
2,Professionals,26,"Legal, Social and Cultural Professionals",265,Creative and Performing Artists,2655,Actors,2655.0301,Voice Over Artist,01
2,Professionals,26,"Legal, Social and Cultural Professionals",265,Creative and Performing Artists,2656,"Announcers on Radio, Television and Other Media",2656.0100,Programme Announcer,00
2,Professionals,26,"Legal, Social and Cultural Professionals",265,Creative and Performing Artists,2656,"Announcers on Radio, Television and Other Media",2656.0200,Disc Jockey,00
2,Professionals,26,"Legal, Social and Cultural Professionals",265,Creative and Performing Artists,2656,"Announcers on Radio, Television and Other Media",2656.9900,"Radio, Television and Other Announcers, Other",00
2,Professionals,26,"Legal, Social and Cultural Professionals",265,Creative and Performing Artists,2659,Creative and Performing Artists Not Elsewhere Classified,2659.0100,Rope Dancer,00
2,Professionals,26,"Legal, Social and Cultural Professionals",265,Creative and Performing Artists,2659,Creative and Performing Artists Not Elsewhere Classified,2659.0200,Acrobat,00
2,Professionals,26,"Legal, Social and Cultural Professionals",265,Creative and Performing Artists,2659,Creative and Performing Artists Not Elsewhere Classified,2659.0300,Equestrian,00
2,Professionals,26,"Legal, Social and Cultural Professionals",265,Creative and Performing Artists,2659,Creative and Performing Artists Not Elsewhere Classified,2659.0400,Contortionist,00
2,Professionals,26,"Legal, Social and Cultural Professionals",265,Creative and Performing Artists,2659,Creative and Performing Artists Not Elsewhere Classified,2659.0500,"Circus Performers, Other",00
2,Professionals,26,"Legal, Social and Cultural Professionals",265,Creative and Performing Artists,2659,Creative and Performing Artists Not Elsewhere Classified,2659.0600,Ventriloquist,00
2,Professionals,26,"Legal, Social and Cultural Professionals",265,Creative and Performing Artists,2659,Creative and Performing Artists Not Elsewhere Classified,2659.0700,Buffoon; Clown,00
2,Professionals,26,"Legal, Social and Cultural Professionals",265,Creative and Performing Artists,2659,Creative and Performing Artists Not Elsewhere Classified,2659.0800,Mimic,00
2,Professionals,26,"Legal, Social and Cultural Professionals",265,Creative and Performing Artists,2659,Creative and Performing Artists Not Elsewhere Classified,2659.0900,Magician,00
2,Professionals,26,"Legal, Social and Cultural Professionals",265,Creative and Performing Artists,2659,Creative and Performing Artists Not Elsewhere Classified,2659.1000,Juggler,00
2,Professionals,26,"Legal, Social and Cultural Professionals",265,Creative and Performing Artists,2659,Creative and Performing Artists Not Elsewhere Classified,2659.1100,Snake Charmer,00
2,Professionals,26,"Legal, Social and Cultural Professionals",265,Creative and Performing Artists,2659,Creative and Performing Artists Not Elsewhere Classified,2659.1200,Puppeteer,00
2,Professionals,26,"Legal, Social and Cultural Professionals",265,Creative and Performing Artists,2659,Creative and Performing Artists Not Elsewhere Classified,2659.1300,"Trainer, Animal",00
2,Professionals,26,"Legal, Social and Cultural Professionals",265,Creative and Performing Artists,2659,Creative and Performing Artists Not Elsewhere Classified,2659.1400,Race Horse Trainer,00
3,Technicians and Associate Professionals,31,Science and Engineering Associate Professionals,311,Physical and Engineering Science Technicians,3111,Chemical and Physical Science Technicians,3111.0100,"Laboratory Assistant, Physical",00
3,Technicians and Associate Professionals,31,Science and Engineering Associate Professionals,311,Physical and Engineering Science Technicians,3111,Chemical and Physical Science Technicians,3111.0200,"Laboratory Assistant, Soil",00
3,Technicians and Associate Professionals,31,Science and Engineering Associate Professionals,311,Physical and Engineering Science Technicians,3111,Chemical and Physical Science Technicians,3111.0300,"Laboratory Assistant, Chemical",00
3,Technicians and Associate Professionals,31,Science and Engineering Associate Professionals,311,Physical and Engineering Science Technicians,3111,Chemical and Physical Science Technicians,3111.0400,Chemical Radiation Technician,00
3,Technicians and Associate Professionals,31,Science and Engineering Associate Professionals,311,Physical and Engineering Science Technicians,3111,Chemical and Physical Science Technicians,3111.0500,"Laboratory Assistant, Geological",00
3,Technicians and Associate Professionals,31,Science and Engineering Associate Professionals,311,Physical and Engineering Science Technicians,3111,Chemical and Physical Science Technicians,3111.0600,"Slide Examiner, Petrology",00
3,Technicians and Associate Professionals,31,Science and Engineering Associate Professionals,311,Physical and Engineering Science Technicians,3111,Chemical and Physical Science Technicians,3111.0700,"Slide Examiner, Palaeontology",00
3,Technicians and Associate Professionals,31,Science and Engineering Associate Professionals,311,Physical and Engineering Science Technicians,3111,Chemical and Physical Science Technicians,3111.9900,"Physical Science Technicians, Other",00
3,Technicians and Associate Professionals,31,Science and Engineering Associate Professionals,311,Physical and Engineering Science Technicians,3112,Civil Engineering Technicians,3112.0100,"Overseer, Civil Engineering",00
3,Technicians and Associate Professionals,31,Science and Engineering Associate Professionals,311,Physical and Engineering Science Technicians,3112,Civil Engineering Technicians,3112.0200,Permanent Way Inspector,00
3,Technicians and Associate Professionals,31,Science and Engineering Associate Professionals,311,Physical and Engineering Science Technicians,3112,Civil Engineering Technicians,3112.0300,Plain Tabler,00
3,Technicians and Associate Professionals,31,Science and Engineering Associate Professionals,311,Physical and Engineering Science Technicians,3112,Civil Engineering Technicians,3112.0400,Topographical Auxiliary,00
3,Technicians and Associate Professionals,31,Science and Engineering Associate Professionals,311,Physical and Engineering Science Technicians,3112,Civil Engineering Technicians,3112.0500,Computer Topographical,00
3,Technicians and Associate Professionals,31,Science and Engineering Associate Professionals,311,Physical and Engineering Science Technicians,3112,Civil Engineering Technicians,3112.0600,"Surveyor, Tidal",00
3,Technicians and Associate Professionals,31,Science and Engineering Associate Professionals,311,Physical and Engineering Science Technicians,3112,Civil Engineering Technicians,3112.0701,Assistant Laboratory and Field Technician,01
3,Technicians and Associate Professionals,31,Science and Engineering Associate Professionals,311,Physical and Engineering Science Technicians,3112,Civil Engineering Technicians,3112.9900,"Civil Engineering Technicians, Other",00
3,Technicians and Associate Professionals,31,Science and Engineering Associate Professionals,311,Physical and Engineering Science Technicians,3113,Electrical Engineering Technicians,3113.0101,"Electrical Engineering, Technician/Maintenance Technician Electrical",01
3,Technicians and Associate Professionals,31,Science and Engineering Associate Professionals,311,Physical and Engineering Science Technicians,3113,Electrical Engineering Technicians,3113.0102,Maintenance Technician Electrical,02
3,Technicians and Associate Professionals,31,Science and Engineering Associate Professionals,311,Physical and Engineering Science Technicians,3113,Electrical Engineering Technicians,3113.0111,Technician Furnace Transformers: Ferro Alloys,11
3,Technicians and Associate Professionals,31,Science and Engineering Associate Professionals,311,Physical and Engineering Science Technicians,3113,Electrical Engineering Technicians,3113.0200,Electrical Technician (High Voltage),00
3,Technicians and Associate Professionals,31,Science and Engineering Associate Professionals,311,Physical and Engineering Science Technicians,3113,Electrical Engineering Technicians,3113.0300,Energy Auditor,00
3,Technicians and Associate Professionals,31,Science and Engineering Associate Professionals,311,Physical and Engineering Science Technicians,3113,Electrical Engineering Technicians,3113.0401,Machine Maintenance Technician,01
3,Technicians and Associate Professionals,31,Science and Engineering Associate Professionals,311,Physical and Engineering Science Technicians,3113,Electrical Engineering Technicians,3113.0501,Maintenance Executive,01
3,Technicians and Associate Professionals,31,Science and Engineering Associate Professionals,311,Physical and Engineering Science Technicians,3113,Electrical Engineering Technicians,3113.0601,Maintenance Technician,01
3,Technicians and Associate Professionals,31,Science and Engineering Associate Professionals,311,Physical and Engineering Science Technicians,3113,Electrical Engineering Technicians,3113.0701,Customer Inspection Technician,01
3,Technicians and Associate Professionals,31,Science and Engineering Associate Professionals,311,Physical and Engineering Science Technicians,3113,Electrical Engineering Technicians,3113.0801,In-Process and Final Quality Engineer,01
3,Technicians and Associate Professionals,31,Science and Engineering Associate Professionals,311,Physical and Engineering Science Technicians,3113,Electrical Engineering Technicians,3113.0802,Final Testing Technician,02
3,Technicians and Associate Professionals,31,Science and Engineering Associate Professionals,311,Physical and Engineering Science Technicians,3113,Electrical Engineering Technicians,3113.0803,Automated Optical Inspection Machine Operator,03
3,Technicians and Associate Professionals,31,Science and Engineering Associate Professionals,311,Physical and Engineering Science Technicians,3113,Electrical Engineering Technicians,3113.0901,Cluster In-Charge,01
3,Technicians and Associate Professionals,31,Science and Engineering Associate Professionals,311,Physical and Engineering Science Technicians,3113,Electrical Engineering Technicians,3113.1001,LED Luminaries Testing and Measurement,01
3,Technicians and Associate Professionals,31,Science and Engineering Associate Professionals,311,Physical and Engineering Science Technicians,3113,Electrical Engineering Technicians,3113.1002,LED Light Repair Technician,02
3,Technicians and Associate Professionals,31,Science and Engineering Associate Professionals,311,Physical and Engineering Science Technicians,3113,Electrical Engineering Technicians,3113.9900,"Electrical Technicians, Other",00
3,Technicians and Associate Professionals,31,Science and Engineering Associate Professionals,311,Physical and Engineering Science Technicians,3114,Electronics Engineering Technicians,3114.0100,Electronics Technician,00
3,Technicians and Associate Professionals,31,Science and Engineering Associate Professionals,311,Physical and Engineering Science Technicians,3114,Electronics Engineering Technicians,3114.0200,Television Chassis Inspector/Television Technician,00
3,Technicians and Associate Professionals,31,Science and Engineering Associate Professionals,311,Physical and Engineering Science Technicians,3114,Electronics Engineering Technicians,3114.0601,BSS Support Engineer,01
3,Technicians and Associate Professionals,31,Science and Engineering Associate Professionals,311,Physical and Engineering Science Technicians,3114,Electronics Engineering Technicians,3114.0701,Field Maintenance Engineer,01
3,Technicians and Associate Professionals,31,Science and Engineering Associate Professionals,311,Physical and Engineering Science Technicians,3114,Electronics Engineering Technicians,3114.0801,ICT Engineer,01
3,Technicians and Associate Professionals,31,Science and Engineering Associate Professionals,311,Physical and Engineering Science Technicians,3114,Electronics Engineering Technicians,3114.0802,ICT Technician,02
3,Technicians and Associate Professionals,31,Science and Engineering Associate Professionals,311,Physical and Engineering Science Technicians,3114,Electronics Engineering Technicians,3114.0804,Broadband Technician,04
3,Technicians and Associate Professionals,31,Science and Engineering Associate Professionals,311,Physical and Engineering Science Technicians,3114,Electronics Engineering Technicians,3114.0901,Installation Engineer – L2 & L3,01
3,Technicians and Associate Professionals,31,Science and Engineering Associate Professionals,311,Physical and Engineering Science Technicians,3114,Electronics Engineering Technicians,3114.0902,Installation Engineer Installation Engineer – SDH & DWDM,02
3,Technicians and Associate Professionals,31,Science and Engineering Associate Professionals,311,Physical and Engineering Science Technicians,3114,Electronics Engineering Technicians,3114.1101,Product Specialist Engineer,01
3,Technicians and Associate Professionals,31,Science and Engineering Associate Professionals,311,Physical and Engineering Science Technicians,3114,Electronics Engineering Technicians,3114.1201,Transmission Engineer,01
3,Technicians and Associate Professionals,31,Science and Engineering Associate Professionals,311,Physical and Engineering Science Technicians,3114,Electronics Engineering Technicians,3114.1301,Network Management Engineer,01
3,Technicians and Associate Professionals,31,Science and Engineering Associate Professionals,311,Physical and Engineering Science Technicians,3114,Electronics Engineering Technicians,3114.9900,"Electronics and Telecommunications Engineering Technicians, Other",00
3,Technicians and Associate Professionals,31,Science and Engineering Associate Professionals,311,Physical and Engineering Science Technicians,3115,Mechanical Engineering Technicians,3115.0101,Mechanical Engineering Technician/Supervisor R&D Testing,01
3,Technicians and Associate Professionals,31,Science and Engineering Associate Professionals,311,Physical and Engineering Science Technicians,3115,Mechanical Engineering Technicians,3115.0102,Maintenance Technician – Mechanical,02
3,Technicians and Associate Professionals,31,Science and Engineering Associate Professionals,311,Physical and Engineering Science Technicians,3115,Mechanical Engineering Technicians,3115.0103,Maintenance Technician Assistant – Mechanical,03
3,Technicians and Associate Professionals,31,Science and Engineering Associate Professionals,311,Physical and Engineering Science Technicians,3115,Mechanical Engineering Technicians,3115.0104,Body Shop In-Charge,04
3,Technicians and Associate Professionals,31,Science and Engineering Associate Professionals,311,Physical and Engineering Science Technicians,3115,Mechanical Engineering Technicians,3115.0105,Workshop Manager,05
3,Technicians and Associate Professionals,31,Science and Engineering Associate Professionals,311,Physical and Engineering Science Technicians,3115,Mechanical Engineering Technicians,3115.0201,Automotive Engineering Technician/Testing Manager,01
3,Technicians and Associate Professionals,31,Science and Engineering Associate Professionals,311,Physical and Engineering Science Technicians,3115,Mechanical Engineering Technicians,3115.0202,Test Engineer Product/Vehicle,02
3,Technicians and Associate Professionals,31,Science and Engineering Associate Professionals,311,Physical and Engineering Science Technicians,3115,Mechanical Engineering Technicians,3115.0301,"Executive, Proto Manufacturing",01
3,Technicians and Associate Professionals,31,Science and Engineering Associate Professionals,311,Physical and Engineering Science Technicians,3115,Mechanical Engineering Technicians,3115.0401,Method Study Executive,01
3,Technicians and Associate Professionals,31,Science and Engineering Associate Professionals,311,Physical and Engineering Science Technicians,3115,Mechanical Engineering Technicians,3115.0501,Manager Maintenance Mechanical & Electrical,01
3,Technicians and Associate Professionals,31,Science and Engineering Associate Professionals,311,Physical and Engineering Science Technicians,3115,Mechanical Engineering Technicians,3115.0601,Master Auto Service Technician/Auto Service Technician,01
3,Technicians and Associate Professionals,31,Science and Engineering Associate Professionals,311,Physical and Engineering Science Technicians,3115,Mechanical Engineering Technicians,3115.0602,Auto Service Technical Manager/Auto Service Technician,02
3,Technicians and Associate Professionals,31,Science and Engineering Associate Professionals,311,Physical and Engineering Science Technicians,3115,Mechanical Engineering Technicians,3115.1000,Aeronautical Engineering Technician,00
3,Technicians and Associate Professionals,31,Science and Engineering Associate Professionals,311,Physical and Engineering Science Technicians,3115,Mechanical Engineering Technicians,3115.1100,"Heating, Ventilation and Refrigeration Engineering Technician",00
3,Technicians and Associate Professionals,31,Science and Engineering Associate Professionals,311,Physical and Engineering Science Technicians,3115,Mechanical Engineering Technicians,3115.1200,Die Designer,00
3,Technicians and Associate Professionals,31,Science and Engineering Associate Professionals,311,Physical and Engineering Science Technicians,3115,Mechanical Engineering Technicians,3115.1301,Tool Designer,01
3,Technicians and Associate Professionals,31,Science and Engineering Associate Professionals,311,Physical and Engineering Science Technicians,3115,Mechanical Engineering Technicians,3115.1302,Tool Room Supervisor,02
3,Technicians and Associate Professionals,31,Science and Engineering Associate Professionals,311,Physical and Engineering Science Technicians,3115,Mechanical Engineering Technicians,3115.1400,Loco Foreman,00
3,Technicians and Associate Professionals,31,Science and Engineering Associate Professionals,311,Physical and Engineering Science Technicians,3115,Mechanical Engineering Technicians,3115.1500,"Yard Foreman, Railway",00
3,Technicians and Associate Professionals,31,Science and Engineering Associate Professionals,311,Physical and Engineering Science Technicians,3115,Mechanical Engineering Technicians,3115.1600,Train Examiner,00
3,Technicians and Associate Professionals,31,Science and Engineering Associate Professionals,311,Physical and Engineering Science Technicians,3115,Mechanical Engineering Technicians,3115.9900,"Mechanical Engineering Technicians, Other",00
3,Technicians and Associate Professionals,31,Science and Engineering Associate Professionals,311,Physical and Engineering Science Technicians,3116,Chemical Engineering Technicians,3116.0100,"Laboratory Assistant, Glass and Ceramics",00
3,Technicians and Associate Professionals,31,Science and Engineering Associate Professionals,311,Physical and Engineering Science Technicians,3116,Chemical Engineering Technicians,3116.0200,"Laboratory Assistant, Food & Beverages/ Chemist/ Analytical Supervisor/Lab Chemist",00
3,Technicians and Associate Professionals,31,Science and Engineering Associate Professionals,311,Physical and Engineering Science Technicians,3116,Chemical Engineering Technicians,3116.0300,"Laboratory Assistant, Chemical Engineering General",00
3,Technicians and Associate Professionals,31,Science and Engineering Associate Professionals,311,Physical and Engineering Science Technicians,3116,Chemical Engineering Technicians,3116.0400,"Core Analyst, Petrol and Natural Gas",00
3,Technicians and Associate Professionals,31,Science and Engineering Associate Professionals,311,Physical and Engineering Science Technicians,3116,Chemical Engineering Technicians,3116.0500,"Laboratory Assistant, Petroleum and Lubricants",00
3,Technicians and Associate Professionals,31,Science and Engineering Associate Professionals,311,Physical and Engineering Science Technicians,3116,Chemical Engineering Technicians,3116.0600,"Chemist, Water Purification/Water Treatment",00
3,Technicians and Associate Professionals,31,Science and Engineering Associate Professionals,311,Physical and Engineering Science Technicians,3116,Chemical Engineering Technicians,3116.9900,"Chemical Engineering Technicians, Other/Chemical Process Technicians",00
3,Technicians and Associate Professionals,31,Science and Engineering Associate Professionals,311,Physical and Engineering Science Technicians,3117,Mining and Metallurgical Technicians,3117.0100,Rock Slicer,00
3,Technicians and Associate Professionals,31,Science and Engineering Associate Professionals,311,Physical and Engineering Science Technicians,3117,Mining and Metallurgical Technicians,3117.0200,Petroleum and Natural Gas Extraction Technician,00
3,Technicians and Associate Professionals,31,Science and Engineering Associate Professionals,311,Physical and Engineering Science Technicians,3117,Mining and Metallurgical Technicians,3117.0300,"Laboratory Assistant, Metallurgical",00
3,Technicians and Associate Professionals,31,Science and Engineering Associate Professionals,311,Physical and Engineering Science Technicians,3117,Mining and Metallurgical Technicians,3117.9900,"Mining and Metallurgical Technicians, Other",00
3,Technicians and Associate Professionals,31,Science and Engineering Associate Professionals,311,Physical and Engineering Science Technicians,3118,Draughtpersons,3118.0100,"Draughtperson, Architectural",00
3,Technicians and Associate Professionals,31,Science and Engineering Associate Professionals,311,Physical and Engineering Science Technicians,3118,Draughtpersons,3118.0200,"Draughtperson, Civil",00
3,Technicians and Associate Professionals,31,Science and Engineering Associate Professionals,311,Physical and Engineering Science Technicians,3118,Draughtpersons,3118.0201,Plumbing Draftsman,01
3,Technicians and Associate Professionals,31,Science and Engineering Associate Professionals,311,Physical and Engineering Science Technicians,3118,Draughtpersons,3118.0300,"Draughtperson, Electrical",00
3,Technicians and Associate Professionals,31,Science and Engineering Associate Professionals,311,Physical and Engineering Science Technicians,3118,Draughtpersons,3118.0301,Draftsman,01
3,Technicians and Associate Professionals,31,Science and Engineering Associate Professionals,311,Physical and Engineering Science Technicians,3118,Draughtpersons,3118.0302,Physical Design Engineer,02
3,Technicians and Associate Professionals,31,Science and Engineering Associate Professionals,311,Physical and Engineering Science Technicians,3118,Draughtpersons,3118.0401,"Draughtperson, Mechanical",01
3,Technicians and Associate Professionals,31,Science and Engineering Associate Professionals,311,Physical and Engineering Science Technicians,3118,Draughtpersons,3118.0402,Draughtsman – Mechanical,02
3,Technicians and Associate Professionals,31,Science and Engineering Associate Professionals,311,Physical and Engineering Science Technicians,3118,Draughtpersons,3118.0500,"Draughtperson, Structural",00
3,Technicians and Associate Professionals,31,Science and Engineering Associate Professionals,311,Physical and Engineering Science Technicians,3118,Draughtpersons,3118.0600,"Draughtperson, Topographical",00
3,Technicians and Associate Professionals,31,Science and Engineering Associate Professionals,311,Physical and Engineering Science Technicians,3118,Draughtpersons,3118.0700,Lithographic Designer,00
3,Technicians and Associate Professionals,31,Science and Engineering Associate Professionals,311,Physical and Engineering Science Technicians,3118,Draughtpersons,3118.0800,Tracer,00
3,Technicians and Associate Professionals,31,Science and Engineering Associate Professionals,311,Physical and Engineering Science Technicians,3118,Draughtpersons,3118.0900,Blue Printer,00
3,Technicians and Associate Professionals,31,Science and Engineering Associate Professionals,311,Physical and Engineering Science Technicians,3118,Draughtpersons,3118.9900,"Draughtpersons, Other",00
3,Technicians and Associate Professionals,31,Science and Engineering Associate Professionals,311,Physical and Engineering Science Technicians,3119,Physical and Engineering Science Technicians Not Elsewhere Classified,3119.0100,"Laboratory Assistant, Engineering",00
3,Technicians and Associate Professionals,31,Science and Engineering Associate Professionals,311,Physical and Engineering Science Technicians,3119,Physical and Engineering Science Technicians Not Elsewhere Classified,3119.0200,Forensic Science Technician,00
3,Technicians and Associate Professionals,31,Science and Engineering Associate Professionals,311,Physical and Engineering Science Technicians,3119,Physical and Engineering Science Technicians Not Elsewhere Classified,3119.0300,Fingerprint Expert,00
3,Technicians and Associate Professionals,31,Science and Engineering Associate Professionals,311,Physical and Engineering Science Technicians,3119,Physical and Engineering Science Technicians Not Elsewhere Classified,3119.0400,Handwriting Expert,00
3,Technicians and Associate Professionals,31,Science and Engineering Associate Professionals,311,Physical and Engineering Science Technicians,3119,Physical and Engineering Science Technicians Not Elsewhere Classified,3119.0500,Impression Taker,00
3,Technicians and Associate Professionals,31,Science and Engineering Associate Professionals,311,Physical and Engineering Science Technicians,3119,Physical and Engineering Science Technicians Not Elsewhere Classified,3119.0600,Weather Observer,00
3,Technicians and Associate Professionals,31,Science and Engineering Associate Professionals,311,Physical and Engineering Science Technicians,3119,Physical and Engineering Science Technicians Not Elsewhere Classified,3119.0700,"Methods, Time and Motion Study Technician",00
3,Technicians and Associate Professionals,31,Science and Engineering Associate Professionals,311,Physical and Engineering Science Technicians,3119,Physical and Engineering Science Technicians Not Elsewhere Classified,3119.0800,Fire Prevention Officer,00
3,Technicians and Associate Professionals,31,Science and Engineering Associate Professionals,311,Physical and Engineering Science Technicians,3119,Physical and Engineering Science Technicians Not Elsewhere Classified,3119.0900,Fire Officer,00
3,Technicians and Associate Professionals,31,Science and Engineering Associate Professionals,311,Physical and Engineering Science Technicians,3119,Physical and Engineering Science Technicians Not Elsewhere Classified,3119.1000,"Fire Inspectors, Other",00
3,Technicians and Associate Professionals,31,Science and Engineering Associate Professionals,311,Physical and Engineering Science Technicians,3119,Physical and Engineering Science Technicians Not Elsewhere Classified,3119.1100,Laser Technician,00
3,Technicians and Associate Professionals,31,Science and Engineering Associate Professionals,311,Physical and Engineering Science Technicians,3119,Physical and Engineering Science Technicians Not Elsewhere Classified,3119.9900,"Optical and Electronic Equipment Controllers, Other",00
3,Technicians and Associate Professionals,31,Science and Engineering Associate Professionals,312,"Mining, Manufacturing and Construction Supervisors",3121,Mining Supervisors,3121.0100,"Supervisor and Foreman, Mining and Quarrying",00
3,Technicians and Associate Professionals,31,Science and Engineering Associate Professionals,312,"Mining, Manufacturing and Construction Supervisors",3121,Mining Supervisors,3121.0200,"Supervisor and Foreman, Well Drilling",00
3,Technicians and Associate Professionals,31,Science and Engineering Associate Professionals,312,"Mining, Manufacturing and Construction Supervisors",3121,Mining Supervisors,3121.0300,"Supervisor and Foreman, Mineral Treating",00
3,Technicians and Associate Professionals,31,Science and Engineering Associate Professionals,312,"Mining, Manufacturing and Construction Supervisors",3121,Mining Supervisors,3121.0400,"Overman, Colliery",00
3,Technicians and Associate Professionals,31,Science and Engineering Associate Professionals,312,"Mining, Manufacturing and Construction Supervisors",3121,Mining Supervisors,3121.0500,"Sirdar, Colliery",00
3,Technicians and Associate Professionals,31,Science and Engineering Associate Professionals,312,"Mining, Manufacturing and Construction Supervisors",3121,Mining Supervisors,3121.0600,Mud Supervisor,00
3,Technicians and Associate Professionals,31,Science and Engineering Associate Professionals,312,"Mining, Manufacturing and Construction Supervisors",3121,Mining Supervisors,3121.0700,Well Pulling Supervisor,00
3,Technicians and Associate Professionals,31,Science and Engineering Associate Professionals,312,"Mining, Manufacturing and Construction Supervisors",3121,Mining Supervisors,3121.0800,Gas Supervisor,00
3,Technicians and Associate Professionals,31,Science and Engineering Associate Professionals,312,"Mining, Manufacturing and Construction Supervisors",3121,Mining Supervisors,3121.9900,"Supervisors and Foremen in Mining and Mineral Processing Plant Operation Activities, Other",00
3,Technicians and Associate Professionals,31,Science and Engineering Associate Professionals,312,"Mining, Manufacturing and Construction Supervisors",3122,Manufacturing Supervisors,3122.0100,"Supervisors and Foremen, Metal Making, Converting and Refining",00
3,Technicians and Associate Professionals,31,Science and Engineering Associate Professionals,312,"Mining, Manufacturing and Construction Supervisors",3122,Manufacturing Supervisors,3122.0200,"Foreman, Blast Furnace",00
3,Technicians and Associate Professionals,31,Science and Engineering Associate Professionals,312,"Mining, Manufacturing and Construction Supervisors",3122,Manufacturing Supervisors,3122.0300,Stock House Foreman,00
3,Technicians and Associate Professionals,31,Science and Engineering Associate Professionals,312,"Mining, Manufacturing and Construction Supervisors",3122,Manufacturing Supervisors,3122.0400,"Supervisor and Foreman, Metal Treating",00
3,Technicians and Associate Professionals,31,Science and Engineering Associate Professionals,312,"Mining, Manufacturing and Construction Supervisors",3122,Manufacturing Supervisors,3122.0500,"Supervisor and Foreman, Metal Drawing and Extruding",00
3,Technicians and Associate Professionals,31,Science and Engineering Associate Professionals,312,"Mining, Manufacturing and Construction Supervisors",3122,Manufacturing Supervisors,3122.0601,Assembly Line Supervisor,01
3,Technicians and Associate Professionals,31,Science and Engineering Associate Professionals,312,"Mining, Manufacturing and Construction Supervisors",3122,Manufacturing Supervisors,3122.0800,"Supervisor and Foreman, Glass Forming and Related Activities",00
3,Technicians and Associate Professionals,31,Science and Engineering Associate Professionals,312,"Mining, Manufacturing and Construction Supervisors",3122,Manufacturing Supervisors,3122.0900,"Supervisor and Foreman, Ceramics and Related Activities",00
3,Technicians and Associate Professionals,31,Science and Engineering Associate Professionals,312,"Mining, Manufacturing and Construction Supervisors",3122,Manufacturing Supervisors,3122.1000,"Supervisor and Foreman, Wood Preparation and Papermaking",00
3,Technicians and Associate Professionals,31,Science and Engineering Associate Professionals,312,"Mining, Manufacturing and Construction Supervisors",3122,Manufacturing Supervisors,3122.1100,"Supervisor and Foreman, Paper Pulp and Papermaking",00
3,Technicians and Associate Professionals,31,Science and Engineering Associate Professionals,312,"Mining, Manufacturing and Construction Supervisors",3122,Manufacturing Supervisors,3122.1300,"Supervisor and Foreman, Chemical Processing and Related Activities",00
3,Technicians and Associate Professionals,31,Science and Engineering Associate Professionals,312,"Mining, Manufacturing and Construction Supervisors",3122,Manufacturing Supervisors,3122.1400,"Supervisor and Foreman, Petroleum Refining and Related Activities/Operator/Engineering Assistant (Mechanical/Electrical/Civil/Chemical) Related Activities",00
3,Technicians and Associate Professionals,31,Science and Engineering Associate Professionals,312,"Mining, Manufacturing and Construction Supervisors",3122,Manufacturing Supervisors,3122.1600,Boiler Supervisor,00
3,Technicians and Associate Professionals,31,Science and Engineering Associate Professionals,312,"Mining, Manufacturing and Construction Supervisors",3122,Manufacturing Supervisors,3122.1700,"Supervisors and Foremen, Stationary Engine and Related Equipment",00
3,Technicians and Associate Professionals,31,Science and Engineering Associate Professionals,312,"Mining, Manufacturing and Construction Supervisors",3122,Manufacturing Supervisors,3122.1800,"Supervisor and Foreman, Stone Cutting and Carving",00
3,Technicians and Associate Professionals,31,Science and Engineering Associate Professionals,312,"Mining, Manufacturing and Construction Supervisors",3122,Manufacturing Supervisors,3122.1900,"Supervisor and Foreman, Machine Tool Operations",00
3,Technicians and Associate Professionals,31,Science and Engineering Associate Professionals,312,"Mining, Manufacturing and Construction Supervisors",3122,Manufacturing Supervisors,3122.2000,"Supervisor and Foreman, Rubber Goods Making",00
3,Technicians and Associate Professionals,31,Science and Engineering Associate Professionals,312,"Mining, Manufacturing and Construction Supervisors",3122,Manufacturing Supervisors,3122.2100,"Supervisor and Foreman, Plastic Products Making",00
3,Technicians and Associate Professionals,31,Science and Engineering Associate Professionals,312,"Mining, Manufacturing and Construction Supervisors",3122,Manufacturing Supervisors,3122.2200,Plastic Moulding Shop Supervisor,00
3,Technicians and Associate Professionals,31,Science and Engineering Associate Professionals,312,"Mining, Manufacturing and Construction Supervisors",3122,Manufacturing Supervisors,3122.2300,Plastic Moulding Shift In-Charge,00
3,Technicians and Associate Professionals,31,Science and Engineering Associate Professionals,312,"Mining, Manufacturing and Construction Supervisors",3122,Manufacturing Supervisors,3122.2400,"Supervisor and Foreman, Wood Working (Machine)",00
3,Technicians and Associate Professionals,31,Science and Engineering Associate Professionals,312,"Mining, Manufacturing and Construction Supervisors",3122,Manufacturing Supervisors,3122.2500,"Supervisor and Foreman, Carpentry, Cabinet Making and Related Wood Working Processes",00
3,Technicians and Associate Professionals,31,Science and Engineering Associate Professionals,312,"Mining, Manufacturing and Construction Supervisors",3122,Manufacturing Supervisors,3122.2600,"Supervisor and Foreman, Paper and Paper Board Product Making",00
3,Technicians and Associate Professionals,31,Science and Engineering Associate Professionals,312,"Mining, Manufacturing and Construction Supervisors",3122,Manufacturing Supervisors,3122.2800,Jobber (Textile),00
3,Technicians and Associate Professionals,31,Science and Engineering Associate Professionals,312,"Mining, Manufacturing and Construction Supervisors",3122,Manufacturing Supervisors,3122.2900,"Supervisor and Foreman, Hosiery",00
3,Technicians and Associate Professionals,31,Science and Engineering Associate Professionals,312,"Mining, Manufacturing and Construction Supervisors",3122,Manufacturing Supervisors,3122.3000,"Supervisor and Foreman, Tanning and Pelt Dressing",00
3,Technicians and Associate Professionals,31,Science and Engineering Associate Professionals,312,"Mining, Manufacturing and Construction Supervisors",3122,Manufacturing Supervisors,3122.3100,"Supervisor and Foreman, Shoemaking",00
3,Technicians and Associate Professionals,31,Science and Engineering Associate Professionals,312,"Mining, Manufacturing and Construction Supervisors",3122,Manufacturing Supervisors,3122.3200,"Supervisor and Foreman, Harness and Saddle Making",00
3,Technicians and Associate Professionals,31,Science and Engineering Associate Professionals,312,"Mining, Manufacturing and Construction Supervisors",3122,Manufacturing Supervisors,3122.3300,"Supervisor and Foreman, Leather Goods Making",00
3,Technicians and Associate Professionals,31,Science and Engineering Associate Professionals,312,"Mining, Manufacturing and Construction Supervisors",3122,Manufacturing Supervisors,3122.3400,"Supervisors and Foremen, Textile-Related Products",00
3,Technicians and Associate Professionals,31,Science and Engineering Associate Professionals,312,"Mining, Manufacturing and Construction Supervisors",3122,Manufacturing Supervisors,3122.3450,"Scouring Supervisor, Wool",50
3,Technicians and Associate Professionals,31,Science and Engineering Associate Professionals,312,"Mining, Manufacturing and Construction Supervisors",3122,Manufacturing Supervisors,3122.3500,"Supervisors and Foremen, Tailoring and Dress Making",00
3,Technicians and Associate Professionals,31,Science and Engineering Associate Professionals,312,"Mining, Manufacturing and Construction Supervisors",3122,Manufacturing Supervisors,3122.3551,Production Supervisor – Sewing,51
3,Technicians and Associate Professionals,31,Science and Engineering Associate Professionals,312,"Mining, Manufacturing and Construction Supervisors",3122,Manufacturing Supervisors,3122.3600,"Supervisor and Foreman, Brush Making",00
3,Technicians and Associate Professionals,31,Science and Engineering Associate Professionals,312,"Mining, Manufacturing and Construction Supervisors",3122,Manufacturing Supervisors,3122.3800,"Supervisor and Foreman, Tobacco Preparation, Cigar and Cigarette Making",00
3,Technicians and Associate Professionals,31,Science and Engineering Associate Professionals,312,"Mining, Manufacturing and Construction Supervisors",3122,Manufacturing Supervisors,3122.3900,"Supervisor and Foreman, Tobacco Product Making",00
3,Technicians and Associate Professionals,31,Science and Engineering Associate Professionals,312,"Mining, Manufacturing and Construction Supervisors",3122,Manufacturing Supervisors,3122.4000,"Supervisor and Foreman, Material and Freight Handling",00
3,Technicians and Associate Professionals,31,Science and Engineering Associate Professionals,312,"Mining, Manufacturing and Construction Supervisors",3122,Manufacturing Supervisors,3122.4100,"Supervisor and Foreman, Checking, Sorting, Packing and Related Activities",00
3,Technicians and Associate Professionals,31,Science and Engineering Associate Professionals,312,"Mining, Manufacturing and Construction Supervisors",3122,Manufacturing Supervisors,3122.4200,"Supervisor and Foreman, Welding and Flame Cutting",00
3,Technicians and Associate Professionals,31,Science and Engineering Associate Professionals,312,"Mining, Manufacturing and Construction Supervisors",3122,Manufacturing Supervisors,3122.4300,"Supervisor and Foreman, Sheet and Structural Metal Working",00
3,Technicians and Associate Professionals,31,Science and Engineering Associate Professionals,312,"Mining, Manufacturing and Construction Supervisors",3122,Manufacturing Supervisors,3122.4401,Casting Line In-Charge,01
3,Technicians and Associate Professionals,31,Science and Engineering Associate Professionals,312,"Mining, Manufacturing and Construction Supervisors",3122,Manufacturing Supervisors,3122.4402,Casting Line Supervisor,02
3,Technicians and Associate Professionals,31,Science and Engineering Associate Professionals,312,"Mining, Manufacturing and Construction Supervisors",3122,Manufacturing Supervisors,3122.4501,Forging Shop Shift In-Charge,01
3,Technicians and Associate Professionals,31,Science and Engineering Associate Professionals,312,"Mining, Manufacturing and Construction Supervisors",3122,Manufacturing Supervisors,3122.4502,Forging Shop Supervisor,02
3,Technicians and Associate Professionals,31,Science and Engineering Associate Professionals,312,"Mining, Manufacturing and Construction Supervisors",3122,Manufacturing Supervisors,3122.4601,Press Shop Shift In-Charge,01
3,Technicians and Associate Professionals,31,Science and Engineering Associate Professionals,312,"Mining, Manufacturing and Construction Supervisors",3122,Manufacturing Supervisors,3122.4602,Press Shop Supervisor,02
3,Technicians and Associate Professionals,31,Science and Engineering Associate Professionals,312,"Mining, Manufacturing and Construction Supervisors",3122,Manufacturing Supervisors,3122.4701,Welding Machine Setter,01
3,Technicians and Associate Professionals,31,Science and Engineering Associate Professionals,312,"Mining, Manufacturing and Construction Supervisors",3122,Manufacturing Supervisors,3122.4702,Welding Supervisor,02
3,Technicians and Associate Professionals,31,Science and Engineering Associate Professionals,312,"Mining, Manufacturing and Construction Supervisors",3122,Manufacturing Supervisors,3122.4900,"Supervisor and Foreman, Blacksmith",00
3,Technicians and Associate Professionals,31,Science and Engineering Associate Professionals,312,"Mining, Manufacturing and Construction Supervisors",3122,Manufacturing Supervisors,3122.5000,"Supervisor and Foreman, Tool Making/Die Making",00
3,Technicians and Associate Professionals,31,Science and Engineering Associate Professionals,312,"Mining, Manufacturing and Construction Supervisors",3122,Manufacturing Supervisors,3122.5200,"Supervisor and Foreman, Machinery Fitting and Repairing",00
3,Technicians and Associate Professionals,31,Science and Engineering Associate Professionals,312,"Mining, Manufacturing and Construction Supervisors",3122,Manufacturing Supervisors,3122.5300,"Supervisor and Foreman, Motor Vehicle Repairing",00
3,Technicians and Associate Professionals,31,Science and Engineering Associate Professionals,312,"Mining, Manufacturing and Construction Supervisors",3122,Manufacturing Supervisors,3122.5400,"Supervisor and Foreman, Aircraft Repairing",00
3,Technicians and Associate Professionals,31,Science and Engineering Associate Professionals,312,"Mining, Manufacturing and Construction Supervisors",3122,Manufacturing Supervisors,3122.5600,"Supervisor and Foreman, Electrical and Electronic Equipment",00
3,Technicians and Associate Professionals,31,Science and Engineering Associate Professionals,312,"Mining, Manufacturing and Construction Supervisors",3122,Manufacturing Supervisors,3122.5700,"Engineering Supervisor, Telephone",00
3,Technicians and Associate Professionals,31,Science and Engineering Associate Professionals,312,"Mining, Manufacturing and Construction Supervisors",3122,Manufacturing Supervisors,3122.5800,"Sub-Inspector, Telephone",00
3,Technicians and Associate Professionals,31,Science and Engineering Associate Professionals,312,"Mining, Manufacturing and Construction Supervisors",3122,Manufacturing Supervisors,3122.5900,"Charge Hand, Rack Wiring (Telephone Equipment) Manufacturing",00
3,Technicians and Associate Professionals,31,Science and Engineering Associate Professionals,312,"Mining, Manufacturing and Construction Supervisors",3122,Manufacturing Supervisors,3122.6000,"Line Supervisor, Electrical",00
3,Technicians and Associate Professionals,31,Science and Engineering Associate Professionals,312,"Mining, Manufacturing and Construction Supervisors",3122,Manufacturing Supervisors,3122.6200,"Supervisor and Foreman, Precision Instrument Making (Except Electrical)",00
3,Technicians and Associate Professionals,31,Science and Engineering Associate Professionals,312,"Mining, Manufacturing and Construction Supervisors",3122,Manufacturing Supervisors,3122.6300,"Supervisor and Foreman, Musical Instrument Making",00
3,Technicians and Associate Professionals,31,Science and Engineering Associate Professionals,312,"Mining, Manufacturing and Construction Supervisors",3122,Manufacturing Supervisors,3122.6400,"Supervisor, Jewellery, Engraving and Precision Metal Workers",00
3,Technicians and Associate Professionals,31,Science and Engineering Associate Professionals,312,"Mining, Manufacturing and Construction Supervisors",3122,Manufacturing Supervisors,3122.6501,Wax Model Making Supervisor,01
3,Technicians and Associate Professionals,31,Science and Engineering Associate Professionals,312,"Mining, Manufacturing and Construction Supervisors",3122,Manufacturing Supervisors,3122.6502,Product Development Manager,02
3,Technicians and Associate Professionals,31,Science and Engineering Associate Professionals,312,"Mining, Manufacturing and Construction Supervisors",3122,Manufacturing Supervisors,3122.6503,Planning Supervisor,03
3,Technicians and Associate Professionals,31,Science and Engineering Associate Professionals,312,"Mining, Manufacturing and Construction Supervisors",3122,Manufacturing Supervisors,3122.6504,Blade Sawing Supervisor,04
3,Technicians and Associate Professionals,31,Science and Engineering Associate Professionals,312,"Mining, Manufacturing and Construction Supervisors",3122,Manufacturing Supervisors,3122.6505,Laser Supervisor,05
3,Technicians and Associate Professionals,31,Science and Engineering Associate Professionals,312,"Mining, Manufacturing and Construction Supervisors",3122,Manufacturing Supervisors,3122.6506,Bruting Supervisor,06
3,Technicians and Associate Professionals,31,Science and Engineering Associate Professionals,312,"Mining, Manufacturing and Construction Supervisors",3122,Manufacturing Supervisors,3122.6507,Blocking Supervisor,07
3,Technicians and Associate Professionals,31,Science and Engineering Associate Professionals,312,"Mining, Manufacturing and Construction Supervisors",3122,Manufacturing Supervisors,3122.6508,Polishing Supervisor,08
3,Technicians and Associate Professionals,31,Science and Engineering Associate Professionals,312,"Mining, Manufacturing and Construction Supervisors",3122,Manufacturing Supervisors,3122.6509,Final Assortment Supervisor,09
3,Technicians and Associate Professionals,31,Science and Engineering Associate Professionals,312,"Mining, Manufacturing and Construction Supervisors",3122,Manufacturing Supervisors,3122.6511,Supervisor Faceting and Polishing,11
3,Technicians and Associate Professionals,31,Science and Engineering Associate Professionals,312,"Mining, Manufacturing and Construction Supervisors",3122,Manufacturing Supervisors,3122.6600,"Supervisor and Foreman, Photolitho, Photo Engraving and Dark Room Operations",00
3,Technicians and Associate Professionals,31,Science and Engineering Associate Professionals,312,"Mining, Manufacturing and Construction Supervisors",3122,Manufacturing Supervisors,3122.6700,"Supervisor and Foreman, Printing and Related Work",00
3,Technicians and Associate Professionals,31,Science and Engineering Associate Professionals,312,"Mining, Manufacturing and Construction Supervisors",3122,Manufacturing Supervisors,3122.6900,"Supervisor and Foreman, Food Processing/Production Supervisor",00
3,Technicians and Associate Professionals,31,Science and Engineering Associate Professionals,312,"Mining, Manufacturing and Construction Supervisors",3122,Manufacturing Supervisors,3122.7000,Juice Clarification Supervisor,00
3,Technicians and Associate Professionals,31,Science and Engineering Associate Professionals,312,"Mining, Manufacturing and Construction Supervisors",3122,Manufacturing Supervisors,3122.7100,"Supervisor and Foreman, Brewing, Aerated Water and Beverage Making",00
3,Technicians and Associate Professionals,31,Science and Engineering Associate Professionals,312,"Mining, Manufacturing and Construction Supervisors",3122,Manufacturing Supervisors,3122.7200,"Supervisor and Foreman, Dairy Products/Dairy Technologist",00
3,Technicians and Associate Professionals,31,Science and Engineering Associate Professionals,312,"Mining, Manufacturing and Construction Supervisors",3122,Manufacturing Supervisors,3122.8001,Rubber Nursery Supervisor,01
3,Technicians and Associate Professionals,31,Science and Engineering Associate Professionals,312,"Mining, Manufacturing and Construction Supervisors",3122,Manufacturing Supervisors,3122.9900,"Manufacturing Supervisors, Other",00
3,Technicians and Associate Professionals,31,Science and Engineering Associate Professionals,312,"Mining, Manufacturing and Construction Supervisors",3123,Construction Supervisors,3123.0100,"Work Supervisor, Construction",00
3,Technicians and Associate Professionals,31,Science and Engineering Associate Professionals,312,"Mining, Manufacturing and Construction Supervisors",3123,Construction Supervisors,3123.0200,"Supervisor and Foreman, Insulation",00
3,Technicians and Associate Professionals,31,Science and Engineering Associate Professionals,312,"Mining, Manufacturing and Construction Supervisors",3123,Construction Supervisors,3123.0300,"Supervisor and Foreman, Plumbing and Pipe Fitting",00
3,Technicians and Associate Professionals,31,Science and Engineering Associate Professionals,312,"Mining, Manufacturing and Construction Supervisors",3123,Construction Supervisors,3123.0301,Plumbing Foreman,01
3,Technicians and Associate Professionals,31,Science and Engineering Associate Professionals,312,"Mining, Manufacturing and Construction Supervisors",3123,Construction Supervisors,3123.0302,Plumbing Supervisor,02
3,Technicians and Associate Professionals,31,Science and Engineering Associate Professionals,312,"Mining, Manufacturing and Construction Supervisors",3123,Construction Supervisors,3123.0400,"Electrical Supervisor, Wiring,",00
3,Technicians and Associate Professionals,31,Science and Engineering Associate Professionals,312,"Mining, Manufacturing and Construction Supervisors",3123,Construction Supervisors,3123.0500,"Supervisor and Foreman, Painting",00
3,Technicians and Associate Professionals,31,Science and Engineering Associate Professionals,312,"Mining, Manufacturing and Construction Supervisors",3123,Construction Supervisors,3123.0600,Painting and Surface Treatment Line In-Charge,00
3,Technicians and Associate Professionals,31,Science and Engineering Associate Professionals,312,"Mining, Manufacturing and Construction Supervisors",3123,Construction Supervisors,3123.0700,Painting Supervisor,00
3,Technicians and Associate Professionals,31,Science and Engineering Associate Professionals,312,"Mining, Manufacturing and Construction Supervisors",3123,Construction Supervisors,3123.9900,"Supervisors and Foremen and Related Trades Workers in Painting, Building Structure Cleaning, Other",00
3,Technicians and Associate Professionals,31,Science and Engineering Associate Professionals,313,Process Control Technicians,3131,Power Production Plant Operators,3131.0100,"Stationary Engine Driver, Steam",00
3,Technicians and Associate Professionals,31,Science and Engineering Associate Professionals,313,Process Control Technicians,3131,Power Production Plant Operators,3131.0200,"Stationary Engine Driver, Internal Combustion",00
3,Technicians and Associate Professionals,31,Science and Engineering Associate Professionals,313,Process Control Technicians,3131,Power Production Plant Operators,3131.0300,"Turbine Operator, Steam",00
3,Technicians and Associate Professionals,31,Science and Engineering Associate Professionals,313,Process Control Technicians,3131,Power Production Plant Operators,3131.0400,"Turbine Operator, Hydel",00
3,Technicians and Associate Professionals,31,Science and Engineering Associate Professionals,313,Process Control Technicians,3131,Power Production Plant Operators,3131.0500,Power Plant Operator,00
3,Technicians and Associate Professionals,31,Science and Engineering Associate Professionals,313,Process Control Technicians,3131,Power Production Plant Operators,3131.0600,Electrical Switch Board Operator,00
3,Technicians and Associate Professionals,31,Science and Engineering Associate Professionals,313,Process Control Technicians,3131,Power Production Plant Operators,3131.0700,"Oiler and Greaser, Stationary Engine and Machinery",00
3,Technicians and Associate Professionals,31,Science and Engineering Associate Professionals,313,Process Control Technicians,3131,Power Production Plant Operators,3131.0800,Nuclear Plant Control Operator,00
3,Technicians and Associate Professionals,31,Science and Engineering Associate Professionals,313,Process Control Technicians,3131,Power Production Plant Operators,3131.0900,Breaker Tender,00
3,Technicians and Associate Professionals,31,Science and Engineering Associate Professionals,313,Process Control Technicians,3131,Power Production Plant Operators,3131.1000,Hopper Attendant/Hopper Machine Operator,00
3,Technicians and Associate Professionals,31,Science and Engineering Associate Professionals,313,Process Control Technicians,3131,Power Production Plant Operators,3131.1100,Load Dispatcher,00
3,Technicians and Associate Professionals,31,Science and Engineering Associate Professionals,313,Process Control Technicians,3131,Power Production Plant Operators,3131.9900,"Power Production Plant Operators, Other",00
3,Technicians and Associate Professionals,31,Science and Engineering Associate Professionals,313,Process Control Technicians,3132,Incinerator and Water Treatment Plant Operators,3132.0100,Ice Maker,00
3,Technicians and Associate Professionals,31,Science and Engineering Associate Professionals,313,Process Control Technicians,3132,Incinerator and Water Treatment Plant Operators,3132.0200,Reservoir Caretaker,00
3,Technicians and Associate Professionals,31,Science and Engineering Associate Professionals,313,Process Control Technicians,3132,Incinerator and Water Treatment Plant Operators,3132.0300,Gas-Compressor Operator,00
3,Technicians and Associate Professionals,31,Science and Engineering Associate Professionals,313,Process Control Technicians,3132,Incinerator and Water Treatment Plant Operators,3132.0400,Wastewater Treatment Plant Operator,00
3,Technicians and Associate Professionals,31,Science and Engineering Associate Professionals,313,Process Control Technicians,3132,Incinerator and Water Treatment Plant Operators,3132.0500,Heating Plant Superintendent,00
3,Technicians and Associate Professionals,31,Science and Engineering Associate Professionals,313,Process Control Technicians,3132,Incinerator and Water Treatment Plant Operators,3132.0600,"Pump Station Operator, Waterworks",00
3,Technicians and Associate Professionals,31,Science and Engineering Associate Professionals,313,Process Control Technicians,3132,Incinerator and Water Treatment Plant Operators,3132.0700,Air Compressor Operator,00
3,Technicians and Associate Professionals,31,Science and Engineering Associate Professionals,313,Process Control Technicians,3132,Incinerator and Water Treatment Plant Operators,3132.0800,Ammonia Compressor Attendant,00
3,Technicians and Associate Professionals,31,Science and Engineering Associate Professionals,313,Process Control Technicians,3132,Incinerator and Water Treatment Plant Operators,3132.0900,Air Conditioning and Refrigeration Plant Attendant,00
3,Technicians and Associate Professionals,31,Science and Engineering Associate Professionals,313,Process Control Technicians,3132,Incinerator and Water Treatment Plant Operators,3132.1000,Pumpman,00
3,Technicians and Associate Professionals,31,Science and Engineering Associate Professionals,313,Process Control Technicians,3132,Incinerator and Water Treatment Plant Operators,3132.1100,Exhaust Fan Operator,00
3,Technicians and Associate Professionals,31,Science and Engineering Associate Professionals,313,Process Control Technicians,3132,Incinerator and Water Treatment Plant Operators,3132.1200,Blower Operator,00
3,Technicians and Associate Professionals,31,Science and Engineering Associate Professionals,313,Process Control Technicians,3132,Incinerator and Water Treatment Plant Operators,3132.1300,Incinerator Operator,00
3,Technicians and Associate Professionals,31,Science and Engineering Associate Professionals,313,Process Control Technicians,3132,Incinerator and Water Treatment Plant Operators,3132.9900,"Incinerator and Water Treatment Plant Operators, Other",00
3,Technicians and Associate Professionals,31,Science and Engineering Associate Professionals,313,Process Control Technicians,3133,Chemical Processing Plant Controllers,3133.0100,"Process Man, Chemical",00
3,Technicians and Associate Professionals,31,Science and Engineering Associate Professionals,313,Process Control Technicians,3133,Chemical Processing Plant Controllers,3133.0200,Furnace Operator (Chemical),00
3,Technicians and Associate Professionals,31,Science and Engineering Associate Professionals,313,Process Control Technicians,3133,Chemical Processing Plant Controllers,3133.0300,Boiling Tub Operator (Chemical),00
3,Technicians and Associate Professionals,31,Science and Engineering Associate Professionals,313,Process Control Technicians,3133,Chemical Processing Plant Controllers,3133.0400,"Batch Still Operator, Chemical",00
3,Technicians and Associate Professionals,31,Science and Engineering Associate Professionals,313,Process Control Technicians,3133,Chemical Processing Plant Controllers,3133.0500,"Continuous Still Operator, Chemical",00
3,Technicians and Associate Professionals,31,Science and Engineering Associate Professionals,313,Process Control Technicians,3133,Chemical Processing Plant Controllers,3133.0600,"Bleaching Operator, Chemical",00
3,Technicians and Associate Professionals,31,Science and Engineering Associate Professionals,313,Process Control Technicians,3133,Chemical Processing Plant Controllers,3133.0700,Chemical Process Operator (Radioactive Materials),00
3,Technicians and Associate Professionals,31,Science and Engineering Associate Professionals,313,Process Control Technicians,3133,Chemical Processing Plant Controllers,3133.0800,Hot Cell Technician,00
3,Technicians and Associate Professionals,31,Science and Engineering Associate Professionals,313,Process Control Technicians,3133,Chemical Processing Plant Controllers,3133.9900,"Chemical Processing Plant Controllers, Other",00
3,Technicians and Associate Professionals,31,Science and Engineering Associate Professionals,313,Process Control Technicians,3134,Petroleum and Natural Gas Refining Plant Operators,3134.0100,"Continuous Still Operator, Petroleum",00
3,Technicians and Associate Professionals,31,Science and Engineering Associate Professionals,313,Process Control Technicians,3134,Petroleum and Natural Gas Refining Plant Operators,3134.0200,Still Man Gas Plant/Gas Plant Operator (Petrol Refining),00
3,Technicians and Associate Professionals,31,Science and Engineering Associate Professionals,313,Process Control Technicians,3134,Petroleum and Natural Gas Refining Plant Operators,3134.0300,Pump Man (Petroleum Refining),00
3,Technicians and Associate Professionals,31,Science and Engineering Associate Professionals,313,Process Control Technicians,3134,Petroleum and Natural Gas Refining Plant Operators,3134.0400,Control Man (Petroleum Refining),00
3,Technicians and Associate Professionals,31,Science and Engineering Associate Professionals,313,Process Control Technicians,3134,Petroleum and Natural Gas Refining Plant Operators,3134.0500,Blender (Petroleum Refining),00
3,Technicians and Associate Professionals,31,Science and Engineering Associate Professionals,313,Process Control Technicians,3134,Petroleum and Natural Gas Refining Plant Operators,3134.0600,Paraffin Plant Operator (Petrol Refining),00
3,Technicians and Associate Professionals,31,Science and Engineering Associate Professionals,313,Process Control Technicians,3134,Petroleum and Natural Gas Refining Plant Operators,3134.0700,Pump Station Operator,00
3,Technicians and Associate Professionals,31,Science and Engineering Associate Professionals,313,Process Control Technicians,3134,Petroleum and Natural Gas Refining Plant Operators,3134.0800,Treating Plant Operator,00
3,Technicians and Associate Professionals,31,Science and Engineering Associate Professionals,313,Process Control Technicians,3134,Petroleum and Natural Gas Refining Plant Operators,3134.9900,"Petroleum Refining Workers, Other",00
3,Technicians and Associate Professionals,31,Science and Engineering Associate Professionals,313,Process Control Technicians,3135,Metal Production Process Controllers,3135.0500,Mixerman,00
3,Technicians and Associate Professionals,31,Science and Engineering Associate Professionals,313,Process Control Technicians,3135,Metal Production Process Controllers,3135.0600,Convertor Blower/Convertor Blower Technician,00
3,Technicians and Associate Professionals,31,Science and Engineering Associate Professionals,313,Process Control Technicians,3135,Metal Production Process Controllers,3135.0700,Convertor Man/Convertor Blower Technician,00
3,Technicians and Associate Professionals,31,Science and Engineering Associate Professionals,313,Process Control Technicians,3135,Metal Production Process Controllers,3135.0900,Furnace Operator (Non-Ferrous Metal),00
3,Technicians and Associate Professionals,31,Science and Engineering Associate Professionals,313,Process Control Technicians,3135,Metal Production Process Controllers,3135.1100,"Furnace Operator, Open Hearth",00
3,Technicians and Associate Professionals,31,Science and Engineering Associate Professionals,313,Process Control Technicians,3135,Metal Production Process Controllers,3135.1200,"Furnace Operator, Second Hand, Open Hearth",00
3,Technicians and Associate Professionals,31,Science and Engineering Associate Professionals,313,Process Control Technicians,3135,Metal Production Process Controllers,3135.1300,Furnace Operator (Smelting & Refining),00
3,Technicians and Associate Professionals,31,Science and Engineering Associate Professionals,313,Process Control Technicians,3135,Metal Production Process Controllers,3135.1401,Shift In-Charge Furnace Ferro Alloys,01
3,Technicians and Associate Professionals,31,Science and Engineering Associate Professionals,313,Process Control Technicians,3135,Metal Production Process Controllers,3135.1700,"Roller, Merchant Mill/Mill Operator",00
3,Technicians and Associate Professionals,31,Science and Engineering Associate Professionals,313,Process Control Technicians,3135,Metal Production Process Controllers,3135.1800,"Roller, Sheet Mill/Mill Operator",00
3,Technicians and Associate Professionals,31,Science and Engineering Associate Professionals,313,Process Control Technicians,3135,Metal Production Process Controllers,3135.1900,"Operator, Hot Rolling Mill (Non-Ferrous Metal)/Mill Operator",00
3,Technicians and Associate Professionals,31,Science and Engineering Associate Professionals,313,Process Control Technicians,3135,Metal Production Process Controllers,3135.2000,"Roller, Hot Rolling Mill (Non-Ferrous Metal)/Mill Operator",00
3,Technicians and Associate Professionals,31,Science and Engineering Associate Professionals,313,Process Control Technicians,3135,Metal Production Process Controllers,3135.2001,Fluid Management Operator Rolling Mills,01
3,Technicians and Associate Professionals,31,Science and Engineering Associate Professionals,313,Process Control Technicians,3135,Metal Production Process Controllers,3135.2002,Process Operator Rolling Mills,02
3,Technicians and Associate Professionals,31,Science and Engineering Associate Professionals,313,Process Control Technicians,3135,Metal Production Process Controllers,3135.2003,Coil Packaging Machine Operator Rolling Mills,03
3,Technicians and Associate Professionals,31,Science and Engineering Associate Professionals,313,Process Control Technicians,3135,Metal Production Process Controllers,3135.2300,"Operator, Strip Mill (Non-Ferrous Metal)",00
3,Technicians and Associate Professionals,31,Science and Engineering Associate Professionals,313,Process Control Technicians,3135,Metal Production Process Controllers,3135.2500,Seamless Pipe and Tube Roller,00
3,Technicians and Associate Professionals,31,Science and Engineering Associate Professionals,313,Process Control Technicians,3135,Metal Production Process Controllers,3135.2600,"Furnace Man, Reverberatory, Pulverised Coal Fired",00
3,Technicians and Associate Professionals,31,Science and Engineering Associate Professionals,313,Process Control Technicians,3135,Metal Production Process Controllers,3135.3001,Heat Treatment Shop Supervisor,01
3,Technicians and Associate Professionals,31,Science and Engineering Associate Professionals,313,Process Control Technicians,3135,Metal Production Process Controllers,3135.3100,Centrifugal Casting Machine Operator,00
3,Technicians and Associate Professionals,31,Science and Engineering Associate Professionals,313,Process Control Technicians,3135,Metal Production Process Controllers,3135.3900,"Control Man, Billet/Process Controller",00
3,Technicians and Associate Professionals,31,Science and Engineering Associate Professionals,313,Process Control Technicians,3135,Metal Production Process Controllers,3135.9900,"Metal Production Process Controllers, Other",00
3,Technicians and Associate Professionals,31,Science and Engineering Associate Professionals,313,Process Control Technicians,3139,Process Control Technicians Not Elsewhere Classified,3139.0100,"Digester Operator, Paper Pulp",00
3,Technicians and Associate Professionals,31,Science and Engineering Associate Professionals,313,Process Control Technicians,3139,Process Control Technicians Not Elsewhere Classified,3139.0200,"Beaterman, Paper Pulp",00
3,Technicians and Associate Professionals,31,Science and Engineering Associate Professionals,313,Process Control Technicians,3139,Process Control Technicians Not Elsewhere Classified,3139.0300,"Machineman, Paper, Wet End",00
3,Technicians and Associate Professionals,31,Science and Engineering Associate Professionals,313,Process Control Technicians,3139,Process Control Technicians Not Elsewhere Classified,3139.0400,"Machineman, Paper, Dry End",00
3,Technicians and Associate Professionals,31,Science and Engineering Associate Professionals,313,Process Control Technicians,3139,Process Control Technicians Not Elsewhere Classified,3139.0500,"Calenderman, Paper",00
3,Technicians and Associate Professionals,31,Science and Engineering Associate Professionals,313,Process Control Technicians,3139,Process Control Technicians Not Elsewhere Classified,3139.1400,Robotic Machine Operator,00
3,Technicians and Associate Professionals,31,Science and Engineering Associate Professionals,313,Process Control Technicians,3139,Process Control Technicians Not Elsewhere Classified,3139.1501,Autocomponent Assembly Fitter,01
3,Technicians and Associate Professionals,31,Science and Engineering Associate Professionals,313,Process Control Technicians,3139,Process Control Technicians Not Elsewhere Classified,3139.2001,Assembly Supervisor,01
3,Technicians and Associate Professionals,31,Science and Engineering Associate Professionals,313,Process Control Technicians,3139,Process Control Technicians Not Elsewhere Classified,3139.5001,Quality Control Inspector,01
3,Technicians and Associate Professionals,31,Science and Engineering Associate Professionals,313,Process Control Technicians,3139,Process Control Technicians Not Elsewhere Classified,3139.5002,Quality Controller,02
3,Technicians and Associate Professionals,31,Science and Engineering Associate Professionals,313,Process Control Technicians,3139,Process Control Technicians Not Elsewhere Classified,3139.9900,"Industrial Robot Operators, Other",00
3,Technicians and Associate Professionals,31,Science and Engineering Associate Professionals,314,Life Science Technicians and Related Associate Professionals,3141,Life Science Technicians (Excluding Medical),3141.0100,"Laboratory Assistant, Zoological",00
3,Technicians and Associate Professionals,31,Science and Engineering Associate Professionals,314,Life Science Technicians and Related Associate Professionals,3141,Life Science Technicians (Excluding Medical),3141.0200,"Laboratory Assistant, Botanical",00
3,Technicians and Associate Professionals,31,Science and Engineering Associate Professionals,314,Life Science Technicians and Related Associate Professionals,3141,Life Science Technicians (Excluding Medical),3141.0300,Taxidermist,00
3,Technicians and Associate Professionals,31,Science and Engineering Associate Professionals,314,Life Science Technicians and Related Associate Professionals,3141,Life Science Technicians (Excluding Medical),3141.9900,"Life Science Technicians (Excluding Medical),",00
3,Technicians and Associate Professionals,31,Science and Engineering Associate Professionals,314,Life Science Technicians and Related Associate Professionals,3142,Agricultural Technicians,3142.0101,Micro Irrigation Technician,01
3,Technicians and Associate Professionals,31,Science and Engineering Associate Professionals,314,Life Science Technicians and Related Associate Professionals,3142,Agricultural Technicians,3142.0201,Bare Foot Technician (BFT),01
3,Technicians and Associate Professionals,31,Science and Engineering Associate Professionals,314,Life Science Technicians and Related Associate Professionals,3142,Agricultural Technicians,3142.9900,"Agricultural Technicians, Others",00
3,Technicians and Associate Professionals,31,Science and Engineering Associate Professionals,315,"Ship and Aircraft Controllers, and Technicians",3151,Ship’s Engineers,3151.0100,"Chief Engineer, Ship",00
3,Technicians and Associate Professionals,31,Science and Engineering Associate Professionals,315,"Ship and Aircraft Controllers, and Technicians",3151,Ship’s Engineers,3151.0200,"Second Engineer, Ship",00
3,Technicians and Associate Professionals,31,Science and Engineering Associate Professionals,315,"Ship and Aircraft Controllers, and Technicians",3151,Ship’s Engineers,3151.0300,"Third Engineer, Ship",00
3,Technicians and Associate Professionals,31,Science and Engineering Associate Professionals,315,"Ship and Aircraft Controllers, and Technicians",3151,Ship’s Engineers,3151.0400,"Fourth Engineer, Ship",00
3,Technicians and Associate Professionals,31,Science and Engineering Associate Professionals,315,"Ship and Aircraft Controllers, and Technicians",3151,Ship’s Engineers,3151.0500,"Fifth Engineer, Ship/Junior Engineer",00
3,Technicians and Associate Professionals,31,Science and Engineering Associate Professionals,315,"Ship and Aircraft Controllers, and Technicians",3151,Ship’s Engineers,3151.9900,"Ship and Aircraft Controllers and Technicians, Other",00
3,Technicians and Associate Professionals,31,Science and Engineering Associate Professionals,315,"Ship and Aircraft Controllers, and Technicians",3152,Ship’s Deck Officers and Pilots,3152.0100,"Captain, Ship/Master",00
3,Technicians and Associate Professionals,31,Science and Engineering Associate Professionals,315,"Ship and Aircraft Controllers, and Technicians",3152,Ship’s Deck Officers and Pilots,3152.0200,"Chief Officer, Ship",00
3,Technicians and Associate Professionals,31,Science and Engineering Associate Professionals,315,"Ship and Aircraft Controllers, and Technicians",3152,Ship’s Deck Officers and Pilots,3152.0300,"Second Officer, Ship",00
3,Technicians and Associate Professionals,31,Science and Engineering Associate Professionals,315,"Ship and Aircraft Controllers, and Technicians",3152,Ship’s Deck Officers and Pilots,3152.0400,"Third Officer, Ship",00
3,Technicians and Associate Professionals,31,Science and Engineering Associate Professionals,315,"Ship and Aircraft Controllers, and Technicians",3152,Ship’s Deck Officers and Pilots,3152.0500,Harbour Master,00
3,Technicians and Associate Professionals,31,Science and Engineering Associate Professionals,315,"Ship and Aircraft Controllers, and Technicians",3152,Ship’s Deck Officers and Pilots,3152.0600,Pilot Ship/Bay Pilot/Harbour Pilot/Channel Pilot,00
3,Technicians and Associate Professionals,31,Science and Engineering Associate Professionals,315,"Ship and Aircraft Controllers, and Technicians",3152,Ship’s Deck Officers and Pilots,3152.0900,Ferry Officer,00
3,Technicians and Associate Professionals,31,Science and Engineering Associate Professionals,315,"Ship and Aircraft Controllers, and Technicians",3152,Ship’s Deck Officers and Pilots,3152.9900,"Ship’s Deck Officers and Pilots, Other",00
3,Technicians and Associate Professionals,31,Science and Engineering Associate Professionals,315,"Ship and Aircraft Controllers, and Technicians",3153,Aircraft Pilots and Related Associate Professionals,3153.0100,"Chief Pilot, Aircraft",00
3,Technicians and Associate Professionals,31,Science and Engineering Associate Professionals,315,"Ship and Aircraft Controllers, and Technicians",3153,Aircraft Pilots and Related Associate Professionals,3153.0200,Check Pilot,00
3,Technicians and Associate Professionals,31,Science and Engineering Associate Professionals,315,"Ship and Aircraft Controllers, and Technicians",3153,Aircraft Pilots and Related Associate Professionals,3153.0300,"Pilot, General",00
3,Technicians and Associate Professionals,31,Science and Engineering Associate Professionals,315,"Ship and Aircraft Controllers, and Technicians",3153,Aircraft Pilots and Related Associate Professionals,3153.0400,"Aircraft Pilot, Specialized",00
3,Technicians and Associate Professionals,31,Science and Engineering Associate Professionals,315,"Ship and Aircraft Controllers, and Technicians",3153,Aircraft Pilots and Related Associate Professionals,3153.0500,"Pilot, Glider",00
3,Technicians and Associate Professionals,31,Science and Engineering Associate Professionals,315,"Ship and Aircraft Controllers, and Technicians",3153,Aircraft Pilots and Related Associate Professionals,3153.0600,"Chief Navigator, Aircraft",00
3,Technicians and Associate Professionals,31,Science and Engineering Associate Professionals,315,"Ship and Aircraft Controllers, and Technicians",3153,Aircraft Pilots and Related Associate Professionals,3153.0700,"Check Navigator, Aircraft",00
3,Technicians and Associate Professionals,31,Science and Engineering Associate Professionals,315,"Ship and Aircraft Controllers, and Technicians",3153,Aircraft Pilots and Related Associate Professionals,3153.0800,"Navigator, Aircraft",00
3,Technicians and Associate Professionals,31,Science and Engineering Associate Professionals,315,"Ship and Aircraft Controllers, and Technicians",3153,Aircraft Pilots and Related Associate Professionals,3153.0900,Chief Flight Engineer,00
3,Technicians and Associate Professionals,31,Science and Engineering Associate Professionals,315,"Ship and Aircraft Controllers, and Technicians",3153,Aircraft Pilots and Related Associate Professionals,3153.1000,Check Flight Engineer,00
3,Technicians and Associate Professionals,31,Science and Engineering Associate Professionals,315,"Ship and Aircraft Controllers, and Technicians",3153,Aircraft Pilots and Related Associate Professionals,3153.1100,Flight Engineer,00
3,Technicians and Associate Professionals,31,Science and Engineering Associate Professionals,315,"Ship and Aircraft Controllers, and Technicians",3153,Aircraft Pilots and Related Associate Professionals,3153.9900,"Aircraft Pilots and Related Associate Professionals, Other",00
3,Technicians and Associate Professionals,31,Science and Engineering Associate Professionals,315,"Ship and Aircraft Controllers, and Technicians",3154,Air Traffic Controllers,3154.0100,Air Traffic Controller Specialist,00
3,Technicians and Associate Professionals,31,Science and Engineering Associate Professionals,315,"Ship and Aircraft Controllers, and Technicians",3154,Air Traffic Controllers,3154.0200,"Traffic Controller, Air Service",00
3,Technicians and Associate Professionals,31,Science and Engineering Associate Professionals,315,"Ship and Aircraft Controllers, and Technicians",3154,Air Traffic Controllers,3154.9900,"Air Traffic Controllers, Other",00
3,Technicians and Associate Professionals,32,Health Associate Professionals,321,Medical and Pharmaceutical Technicians,3211,Medical Imaging and Therapeutic Equipment Technicians,3211.0100,X-Ray Technician,00
3,Technicians and Associate Professionals,32,Health Associate Professionals,321,Medical and Pharmaceutical Technicians,3211,Medical Imaging and Therapeutic Equipment Technicians,3211.0101,Radiology Technician,01
3,Technicians and Associate Professionals,32,Health Associate Professionals,321,Medical and Pharmaceutical Technicians,3211,Medical Imaging and Therapeutic Equipment Technicians,3211.0200,Bio-Medical Equipment Technician,00
3,Technicians and Associate Professionals,32,Health Associate Professionals,321,Medical and Pharmaceutical Technicians,3211,Medical Imaging and Therapeutic Equipment Technicians,3211.0501,Medical Equipment Technician,01
3,Technicians and Associate Professionals,32,Health Associate Professionals,321,Medical and Pharmaceutical Technicians,3211,Medical Imaging and Therapeutic Equipment Technicians,3211.0801,Cardiac Care Technician,01
3,Technicians and Associate Professionals,32,Health Associate Professionals,321,Medical and Pharmaceutical Technicians,3211,Medical Imaging and Therapeutic Equipment Technicians,3211.9900,"Medical Imaging and Therapeutic Equipment Technicians, Other",00
3,Technicians and Associate Professionals,32,Health Associate Professionals,321,Medical and Pharmaceutical Technicians,3212,Medical and Pathology Laboratory Technicians,3212.0101,Operation Theatre Technician,01
3,Technicians and Associate Professionals,32,Health Associate Professionals,321,Medical and Pharmaceutical Technicians,3212,Medical and Pathology Laboratory Technicians,3212.0201,Dialysis Technician,01
3,Technicians and Associate Professionals,32,Health Associate Professionals,321,Medical and Pharmaceutical Technicians,3212,Medical and Pathology Laboratory Technicians,3212.0301,Anaesthesia Technician,01
3,Technicians and Associate Professionals,32,Health Associate Professionals,321,Medical and Pharmaceutical Technicians,3212,Medical and Pathology Laboratory Technicians,3212.0501,Histotechnician,01
3,Technicians and Associate Professionals,32,Health Associate Professionals,321,Medical and Pharmaceutical Technicians,3212,Medical and Pathology Laboratory Technicians,3212.0601,Phlebotomy Technician,01
3,Technicians and Associate Professionals,32,Health Associate Professionals,321,Medical and Pharmaceutical Technicians,3212,Medical and Pathology Laboratory Technicians,3212.0602,Blood Bank Technician,02
3,Technicians and Associate Professionals,32,Health Associate Professionals,321,Medical and Pharmaceutical Technicians,3212,Medical and Pathology Laboratory Technicians,3212.0701,Medical Laboratory Technician,01
3,Technicians and Associate Professionals,32,Health Associate Professionals,321,Medical and Pharmaceutical Technicians,3212,Medical and Pathology Laboratory Technicians,3212.9900,"Dialysis Technician Life Science Technicians, Other",00
3,Technicians and Associate Professionals,32,Health Associate Professionals,321,Medical and Pharmaceutical Technicians,3213,Pharmaceutical Technicians and Assistants,3213.0100,Pharmacist,00
3,Technicians and Associate Professionals,32,Health Associate Professionals,321,Medical and Pharmaceutical Technicians,3213,Pharmaceutical Technicians and Assistants,3213.0101,Pharmacy Assistant,01
3,Technicians and Associate Professionals,32,Health Associate Professionals,321,Medical and Pharmaceutical Technicians,3213,Pharmaceutical Technicians and Assistants,3213.0200,"Laboratory Assistant, Pharmaceutical",00
3,Technicians and Associate Professionals,32,Health Associate Professionals,321,Medical and Pharmaceutical Technicians,3213,Pharmaceutical Technicians and Assistants,3213.9900,"Pharmaceutical Assistants, Other",00
3,Technicians and Associate Professionals,32,Health Associate Professionals,321,Medical and Pharmaceutical Technicians,3214,Medical and Dental Prosthetic Technicians,3214.0100,"Mechanic, Dental",00
3,Technicians and Associate Professionals,32,Health Associate Professionals,321,Medical and Pharmaceutical Technicians,3214,Medical and Dental Prosthetic Technicians,3214.9900,"Medical and Dental Prosthetic Technicians, Other",00
3,Technicians and Associate Professionals,32,Health Associate Professionals,322,Nursing and Midwifery Associate Professionals,3221,Nursing Associate Professionals,3221.0100,"Nurse, General",00
3,Technicians and Associate Professionals,32,Health Associate Professionals,322,Nursing and Midwifery Associate Professionals,3221,Nursing Associate Professionals,3221.0200,"Nurse, Industrial",00
3,Technicians and Associate Professionals,32,Health Associate Professionals,322,Nursing and Midwifery Associate Professionals,3221,Nursing Associate Professionals,3221.0300,Nursing Attendant,00
3,Technicians and Associate Professionals,32,Health Associate Professionals,322,Nursing and Midwifery Associate Professionals,3221,Nursing Associate Professionals,3221.9900,"Nursing Associate Professionals, Other",00
3,Technicians and Associate Professionals,32,Health Associate Professionals,322,Nursing and Midwifery Associate Professionals,3222,Midwifery Associate Professionals,3222.0100,Midwife,00
3,Technicians and Associate Professionals,32,Health Associate Professionals,322,Nursing and Midwifery Associate Professionals,3222,Midwifery Associate Professionals,3222.0200,Midwifery Attendant,00
3,Technicians and Associate Professionals,32,Health Associate Professionals,322,Nursing and Midwifery Associate Professionals,3222,Midwifery Associate Professionals,3222.0300,Lady Health Visitor/ASHA Worker/Anganwadi Worker,00
3,Technicians and Associate Professionals,32,Health Associate Professionals,322,Nursing and Midwifery Associate Professionals,3222,Midwifery Associate Professionals,3222.9900,"Midwifery Associate Professionals, Other",00
3,Technicians and Associate Professionals,32,Health Associate Professionals,324,Veterinary Technicians and Assistants,3240,Veterinary Technicians and Assistants,3240.0100,"Vaccinator, Veterinary",00
3,Technicians and Associate Professionals,32,Health Associate Professionals,324,Veterinary Technicians and Assistants,3240,Veterinary Technicians and Assistants,3240.0200,Stockman,00
3,Technicians and Associate Professionals,32,Health Associate Professionals,324,Veterinary Technicians and Assistants,3240,Veterinary Technicians and Assistants,3240.0300,Animal Keeper,00
3,Technicians and Associate Professionals,32,Health Associate Professionals,324,Veterinary Technicians and Assistants,3240,Veterinary Technicians and Assistants,3240.0400,"Laboratory Technician, Artificial Breeding",00
3,Technicians and Associate Professionals,32,Health Associate Professionals,324,Veterinary Technicians and Assistants,3240,Veterinary Technicians and Assistants,3240.9900,"Veterinary Technicians and Assistants, Other",00
3,Technicians and Associate Professionals,32,Health Associate Professionals,325,Other Health Associate Professionals,3251,Dental Assistants and Therapists,3251.0101,Dental Assistant,01
3,Technicians and Associate Professionals,32,Health Associate Professionals,325,Other Health Associate Professionals,3251,Dental Assistants and Therapists,3251.9900,"Dental Assistants and Therapists, Other",00
3,Technicians and Associate Professionals,32,Health Associate Professionals,325,Other Health Associate Professionals,3252,Medical Records and Health Information Technicians,3252.0101,Medical Records and Health Information Technician,01
3,Technicians and Associate Professionals,32,Health Associate Professionals,325,Other Health Associate Professionals,3253,Community Health Workers,3253.0101,Diabetes Educator,01
3,Technicians and Associate Professionals,32,Health Associate Professionals,325,Other Health Associate Professionals,3253,Community Health Workers,3253.0201,Frontline Health Worker,01
3,Technicians and Associate Professionals,32,Health Associate Professionals,325,Other Health Associate Professionals,3253,Community Health Workers,3253.9900,"Community Health Workers, Other",00
3,Technicians and Associate Professionals,32,Health Associate Professionals,325,Other Health Associate Professionals,3254,Dispensing Opticians,3254.0100,"Optician, General",00
3,Technicians and Associate Professionals,32,Health Associate Professionals,325,Other Health Associate Professionals,3254,Dispensing Opticians,3254.0200,"Optician, Contact Lens",00
3,Technicians and Associate Professionals,32,Health Associate Professionals,325,Other Health Associate Professionals,3254,Dispensing Opticians,3254.9900,"Dispensing Opticians, Other",00
3,Technicians and Associate Professionals,32,Health Associate Professionals,325,Other Health Associate Professionals,3255,Physiotherapy Technicians and Assistants,3255.0101,Assistant Physiotherapist,01
3,Technicians and Associate Professionals,32,Health Associate Professionals,325,Other Health Associate Professionals,3256,Medical Assistants,3256.0101,Refractionist,01
3,Technicians and Associate Professionals,32,Health Associate Professionals,325,Other Health Associate Professionals,3256,Medical Assistants,3256.0202,Vision Technician,02
3,Technicians and Associate Professionals,32,Health Associate Professionals,325,Other Health Associate Professionals,3256,Medical Assistants,3256.9900,"Medical Assistants, Other",00
3,Technicians and Associate Professionals,32,Health Associate Professionals,325,Other Health Associate Professionals,3257,Environmental and Occupational Health Inspectors and Associates,3257.0100,Sanitary Inspector,00
3,Technicians and Associate Professionals,32,Health Associate Professionals,325,Other Health Associate Professionals,3257,Environmental and Occupational Health Inspectors and Associates,3257.0300,"Environment Science and Protection Technician, Including Health",00
3,Technicians and Associate Professionals,32,Health Associate Professionals,325,Other Health Associate Professionals,3257,Environmental and Occupational Health Inspectors and Associates,3257.0400,Environmental Compliance Inspector,00
3,Technicians and Associate Professionals,32,Health Associate Professionals,325,Other Health Associate Professionals,3257,Environmental and Occupational Health Inspectors and Associates,3257.0500,Environmental Engineering Technician,00
3,Technicians and Associate Professionals,32,Health Associate Professionals,325,Other Health Associate Professionals,3257,Environmental and Occupational Health Inspectors and Associates,3257.0600,"Health, Safety and Environment Officer",00
3,Technicians and Associate Professionals,32,Health Associate Professionals,325,Other Health Associate Professionals,3257,Environmental and Occupational Health Inspectors and Associates,3257.9900,"Environment Science and Protection Technicians, Other",00
3,Technicians and Associate Professionals,33,Business and Administration Associate Professionals,331,Financial and Mathematical Associate Professionals,3311,Securities and Finance Dealers and Brokers,3311.0100,"Broker, Share Market",00
3,Technicians and Associate Professionals,33,Business and Administration Associate Professionals,331,Financial and Mathematical Associate Professionals,3311,Securities and Finance Dealers and Brokers,3311.0200,"Jobber, Share Market",00
3,Technicians and Associate Professionals,33,Business and Administration Associate Professionals,331,Financial and Mathematical Associate Professionals,3311,Securities and Finance Dealers and Brokers,3311.0201,Equity Dealer,01
3,Technicians and Associate Professionals,33,Business and Administration Associate Professionals,331,Financial and Mathematical Associate Professionals,3311,Securities and Finance Dealers and Brokers,3311.0202,Mutual Fund Agent,02
3,Technicians and Associate Professionals,33,Business and Administration Associate Professionals,331,Financial and Mathematical Associate Professionals,3311,Securities and Finance Dealers and Brokers,3311.9900,"Securities and Finance Dealers and Brokers, Other",00
3,Technicians and Associate Professionals,33,Business and Administration Associate Professionals,331,Financial and Mathematical Associate Professionals,3312,Credit and Loan Officers,3312.0100,Finance Agent,00
3,Technicians and Associate Professionals,33,Business and Administration Associate Professionals,331,Financial and Mathematical Associate Professionals,3312,Credit and Loan Officers,3312.0101,Loan Approval Officer,01
3,Technicians and Associate Professionals,33,Business and Administration Associate Professionals,331,Financial and Mathematical Associate Professionals,3312,Credit and Loan Officers,3312.9900,"Credit and Loan Officers, Other",00
3,Technicians and Associate Professionals,33,Business and Administration Associate Professionals,331,Financial and Mathematical Associate Professionals,3314,"Statistical, Mathematical and Related Associate Professionals",3314.0100,Economic Investigator,00
3,Technicians and Associate Professionals,33,Business and Administration Associate Professionals,331,Financial and Mathematical Associate Professionals,3314,"Statistical, Mathematical and Related Associate Professionals",3314.0200,Statistical Assistant,00
3,Technicians and Associate Professionals,33,Business and Administration Associate Professionals,331,Financial and Mathematical Associate Professionals,3314,"Statistical, Mathematical and Related Associate Professionals",3314.9900,"Statistical, Mathematical and Related Associate Professionals, Other",00
3,Technicians and Associate Professionals,33,Business and Administration Associate Professionals,331,Financial and Mathematical Associate Professionals,3315,Valuers and Loss Assessors,3315.0100,Valuer,00
3,Technicians and Associate Professionals,33,Business and Administration Associate Professionals,331,Financial and Mathematical Associate Professionals,3315,Valuers and Loss Assessors,3315.0200,"Claims Inspector, Railways",00
3,Technicians and Associate Professionals,33,Business and Administration Associate Professionals,331,Financial and Mathematical Associate Professionals,3315,Valuers and Loss Assessors,3315.0300,"Appraiser, Customs",00
3,Technicians and Associate Professionals,33,Business and Administration Associate Professionals,331,Financial and Mathematical Associate Professionals,3315,Valuers and Loss Assessors,3315.0501,Warranty In-Charge,01
3,Technicians and Associate Professionals,33,Business and Administration Associate Professionals,331,Financial and Mathematical Associate Professionals,3315,Valuers and Loss Assessors,3315.9900,"Valuers and Loss Assessors, Other",00
3,Technicians and Associate Professionals,33,Business and Administration Associate Professionals,332,Sales and Purchasing Agents and Brokers,3321,Insurance Representatives,3321.0100,Insurance Agent,00
3,Technicians and Associate Professionals,33,Business and Administration Associate Professionals,332,Sales and Purchasing Agents and Brokers,3321,Insurance Representatives,3321.0101,Sales Officer (Auto Insurance),01
3,Technicians and Associate Professionals,33,Business and Administration Associate Professionals,332,Sales and Purchasing Agents and Brokers,3321,Insurance Representatives,3321.0102,Sales Consultant (Auto Finance),02
3,Technicians and Associate Professionals,33,Business and Administration Associate Professionals,332,Sales and Purchasing Agents and Brokers,3321,Insurance Representatives,3321.0200,"Insurance Adjuster, Examiner, Surveyor and Investigator",00
3,Technicians and Associate Professionals,33,Business and Administration Associate Professionals,332,Sales and Purchasing Agents and Brokers,3321,Insurance Representatives,3321.0201,"Finance, Insurance and Registration Co-Ordinator",01
3,Technicians and Associate Professionals,33,Business and Administration Associate Professionals,332,Sales and Purchasing Agents and Brokers,3321,Insurance Representatives,3321.9900,"Insurance Representatives, Other",00
3,Technicians and Associate Professionals,33,Business and Administration Associate Professionals,332,Sales and Purchasing Agents and Brokers,3322,Commercial Sales Representatives,3322.0101,"Sales Representative, Technical",01
3,Technicians and Associate Professionals,33,Business and Administration Associate Professionals,332,Sales and Purchasing Agents and Brokers,3322,Commercial Sales Representatives,3322.0200,"Commercial Traveller, General",00
3,Technicians and Associate Professionals,33,Business and Administration Associate Professionals,332,Sales and Purchasing Agents and Brokers,3322,Commercial Sales Representatives,3322.0300,"Canvasser, Sales",00
3,Technicians and Associate Professionals,33,Business and Administration Associate Professionals,332,Sales and Purchasing Agents and Brokers,3322,Commercial Sales Representatives,3322.0500,"Sales Supervisor, Wholesale Trade",00
3,Technicians and Associate Professionals,33,Business and Administration Associate Professionals,332,Sales and Purchasing Agents and Brokers,3322,Commercial Sales Representatives,3322.0601,Key Accounts Sales Manager,01
3,Technicians and Associate Professionals,33,Business and Administration Associate Professionals,332,Sales and Purchasing Agents and Brokers,3322,Commercial Sales Representatives,3322.0701,Regional Parts Manager,01
3,Technicians and Associate Professionals,33,Business and Administration Associate Professionals,332,Sales and Purchasing Agents and Brokers,3322,Commercial Sales Representatives,3322.0801,Area Manager (Auto Components),01
3,Technicians and Associate Professionals,33,Business and Administration Associate Professionals,332,Sales and Purchasing Agents and Brokers,3322,Commercial Sales Representatives,3322.0802,Sales Officer (Auto Components),02
3,Technicians and Associate Professionals,33,Business and Administration Associate Professionals,332,Sales and Purchasing Agents and Brokers,3322,Commercial Sales Representatives,3322.0900,"Sales Supervisor, Retail Trade",00
3,Technicians and Associate Professionals,33,Business and Administration Associate Professionals,332,Sales and Purchasing Agents and Brokers,3322,Commercial Sales Representatives,3322.1001,Territory Sales Manager,01
3,Technicians and Associate Professionals,33,Business and Administration Associate Professionals,332,Sales and Purchasing Agents and Brokers,3322,Commercial Sales Representatives,3322.1002,Territory Sales Manager (Used Vehicles),02
3,Technicians and Associate Professionals,33,Business and Administration Associate Professionals,332,Sales and Purchasing Agents and Brokers,3322,Commercial Sales Representatives,3322.1101,Customer Relationship Manager,01
3,Technicians and Associate Professionals,33,Business and Administration Associate Professionals,332,Sales and Purchasing Agents and Brokers,3322,Commercial Sales Representatives,3322.1102,Regional Manager – Customer Care,02
3,Technicians and Associate Professionals,33,Business and Administration Associate Professionals,332,Sales and Purchasing Agents and Brokers,3322,Commercial Sales Representatives,3322.1201,Regional Sales Manager (Pre-Owned Vehicles),01
3,Technicians and Associate Professionals,33,Business and Administration Associate Professionals,332,Sales and Purchasing Agents and Brokers,3322,Commercial Sales Representatives,3322.1202,Sales Lead (Pre-Owned Vehicles),02
3,Technicians and Associate Professionals,33,Business and Administration Associate Professionals,332,Sales and Purchasing Agents and Brokers,3322,Commercial Sales Representatives,3322.1203,Sales Consultant (Pre-Owned Vehicles),03
3,Technicians and Associate Professionals,33,Business and Administration Associate Professionals,332,Sales and Purchasing Agents and Brokers,3322,Commercial Sales Representatives,3322.1301,Sales Manager,01
3,Technicians and Associate Professionals,33,Business and Administration Associate Professionals,332,Sales and Purchasing Agents and Brokers,3322,Commercial Sales Representatives,3322.1302,Sales Consultant (Institutional Sales),02
3,Technicians and Associate Professionals,33,Business and Administration Associate Professionals,332,Sales and Purchasing Agents and Brokers,3322,Commercial Sales Representatives,3322.1303,Sales Consultant (Retail),03
3,Technicians and Associate Professionals,33,Business and Administration Associate Professionals,332,Sales and Purchasing Agents and Brokers,3322,Commercial Sales Representatives,3322.1304,Sales Consultant,04
3,Technicians and Associate Professionals,33,Business and Administration Associate Professionals,332,Sales and Purchasing Agents and Brokers,3322,Commercial Sales Representatives,3322.1305,Floor Manager,05
3,Technicians and Associate Professionals,33,Business and Administration Associate Professionals,332,Sales and Purchasing Agents and Brokers,3322,Commercial Sales Representatives,3322.1306,Store Manager,06
3,Technicians and Associate Professionals,33,Business and Administration Associate Professionals,332,Sales and Purchasing Agents and Brokers,3322,Commercial Sales Representatives,3322.1400,Other Sales Supervisor,00
3,Technicians and Associate Professionals,33,Business and Administration Associate Professionals,332,Sales and Purchasing Agents and Brokers,3322,Commercial Sales Representatives,3322.1501,Regional Sales Manager (RSM),01
3,Technicians and Associate Professionals,33,Business and Administration Associate Professionals,332,Sales and Purchasing Agents and Brokers,3322,Commercial Sales Representatives,3322.1601,Regional Dealer Development Manager/Network Expansion Manager,01
3,Technicians and Associate Professionals,33,Business and Administration Associate Professionals,332,Sales and Purchasing Agents and Brokers,3322,Commercial Sales Representatives,3322.1701,Marketing Manager – Line of Business,01
3,Technicians and Associate Professionals,33,Business and Administration Associate Professionals,332,Sales and Purchasing Agents and Brokers,3322,Commercial Sales Representatives,3322.1702,Marketing and Social Media Manager,02
3,Technicians and Associate Professionals,33,Business and Administration Associate Professionals,332,Sales and Purchasing Agents and Brokers,3322,Commercial Sales Representatives,3322.2101,Regional Retail Finance and Insurance Manager,01
3,Technicians and Associate Professionals,33,Business and Administration Associate Professionals,332,Sales and Purchasing Agents and Brokers,3322,Commercial Sales Representatives,3322.2501,Service Supervisor,01
3,Technicians and Associate Professionals,33,Business and Administration Associate Professionals,332,Sales and Purchasing Agents and Brokers,3322,Commercial Sales Representatives,3322.2502,Service Advisor,02
3,Technicians and Associate Professionals,33,Business and Administration Associate Professionals,332,Sales and Purchasing Agents and Brokers,3322,Commercial Sales Representatives,3322.2503,Service Office Manager,03
3,Technicians and Associate Professionals,33,Business and Administration Associate Professionals,332,Sales and Purchasing Agents and Brokers,3322,Commercial Sales Representatives,3322.2504,Service Office Executive,04
3,Technicians and Associate Professionals,33,Business and Administration Associate Professionals,332,Sales and Purchasing Agents and Brokers,3322,Commercial Sales Representatives,3322.4001,Pre-Delivery Inspection In-Charge,01
3,Technicians and Associate Professionals,33,Business and Administration Associate Professionals,332,Sales and Purchasing Agents and Brokers,3322,Commercial Sales Representatives,3322.4002,Pre-Delivery Inspection Supervisor,02
3,Technicians and Associate Professionals,33,Business and Administration Associate Professionals,332,Sales and Purchasing Agents and Brokers,3322,Commercial Sales Representatives,3322.5001,Plumbing Products Sales Officer,01
3,Technicians and Associate Professionals,33,Business and Administration Associate Professionals,332,Sales and Purchasing Agents and Brokers,3322,Commercial Sales Representatives,3322.5002,Plumber Aftersales Service,02
3,Technicians and Associate Professionals,33,Business and Administration Associate Professionals,332,Sales and Purchasing Agents and Brokers,3322,Commercial Sales Representatives,3322.6001,Export Executive,01
3,Technicians and Associate Professionals,33,Business and Administration Associate Professionals,332,Sales and Purchasing Agents and Brokers,3322,Commercial Sales Representatives,3322.6011,Export Assistant,11
3,Technicians and Associate Professionals,33,Business and Administration Associate Professionals,332,Sales and Purchasing Agents and Brokers,3322,Commercial Sales Representatives,3322.9900,"Commercial Sales Representatives, Other",00
3,Technicians and Associate Professionals,33,Business and Administration Associate Professionals,332,Sales and Purchasing Agents and Brokers,3323,Buyers,3323.0100,Buyer,00
3,Technicians and Associate Professionals,33,Business and Administration Associate Professionals,332,Sales and Purchasing Agents and Brokers,3323,Buyers,3323.0101,Merchandiser – Gem & Jewellery,01
3,Technicians and Associate Professionals,33,Business and Administration Associate Professionals,332,Sales and Purchasing Agents and Brokers,3323,Buyers,3323.0102,Merchandiser – Apparel,02
3,Technicians and Associate Professionals,33,Business and Administration Associate Professionals,332,Sales and Purchasing Agents and Brokers,3323,Buyers,3323.0200,Purchasing Agent,00
3,Technicians and Associate Professionals,33,Business and Administration Associate Professionals,332,Sales and Purchasing Agents and Brokers,3323,Buyers,3323.0301,Vendor Development Executive,01
3,Technicians and Associate Professionals,33,Business and Administration Associate Professionals,332,Sales and Purchasing Agents and Brokers,3323,Buyers,3323.0401,Purchase Executive,01
3,Technicians and Associate Professionals,33,Business and Administration Associate Professionals,332,Sales and Purchasing Agents and Brokers,3323,Buyers,3323.0501,Purchase Executive – Solar,01
3,Technicians and Associate Professionals,33,Business and Administration Associate Professionals,332,Sales and Purchasing Agents and Brokers,3323,Buyers,3323.0601,Associate – Supply Chain Management,01
3,Technicians and Associate Professionals,33,Business and Administration Associate Professionals,332,Sales and Purchasing Agents and Brokers,3323,Buyers,3323.0602,Supply Chain Field Assistant,02
3,Technicians and Associate Professionals,33,Business and Administration Associate Professionals,332,Sales and Purchasing Agents and Brokers,3323,Buyers,3323.9900,"Buyers, Other",00
3,Technicians and Associate Professionals,33,Business and Administration Associate Professionals,333,Business Service Agents,3334,Real Estate Agents and Property Managers,3334.0100,Property Dealer,00
3,Technicians and Associate Professionals,33,Business and Administration Associate Professionals,333,Business Service Agents,3334,Real Estate Agents and Property Managers,3334.0200,House Agent,00
3,Technicians and Associate Professionals,33,Business and Administration Associate Professionals,333,Business Service Agents,3334,Real Estate Agents and Property Managers,3334.9900,"Estate Agents, Other",00
3,Technicians and Associate Professionals,33,Business and Administration Associate Professionals,333,Business Service Agents,3339,Business Service Agents Not Elsewhere Classified,3339.0200,Brand Manager,00
3,Technicians and Associate Professionals,33,Business and Administration Associate Professionals,333,Business Service Agents,3339,Business Service Agents Not Elsewhere Classified,3339.0300,Auctioneer,00
3,Technicians and Associate Professionals,33,Business and Administration Associate Professionals,333,Business Service Agents,3339,Business Service Agents Not Elsewhere Classified,3339.0400,"Crier, Auction",00
3,Technicians and Associate Professionals,33,Business and Administration Associate Professionals,333,Business Service Agents,3339,Business Service Agents Not Elsewhere Classified,3339.0500,"Conductor, Auction Sale",00
3,Technicians and Associate Professionals,33,Business and Administration Associate Professionals,333,Business Service Agents,3339,Business Service Agents Not Elsewhere Classified,3339.0601,Delivery Management Cell Agent,01
3,Technicians and Associate Professionals,33,Business and Administration Associate Professionals,334,Administrative and Specialized Secretaries,3341,Office Supervisors,3341.0200,"Overseer, Postmen",00
3,Technicians and Associate Professionals,33,Business and Administration Associate Professionals,334,Administrative and Specialized Secretaries,3341,Office Supervisors,3341.0400,"Supervisor, Telephone",00
3,Technicians and Associate Professionals,33,Business and Administration Associate Professionals,334,Administrative and Specialized Secretaries,3341,Office Supervisors,3341.0500,"Monitor, Telephone",00
3,Technicians and Associate Professionals,33,Business and Administration Associate Professionals,334,Administrative and Specialized Secretaries,3341,Office Supervisors,3341.0600,"Supervisor, Wireless",00
3,Technicians and Associate Professionals,33,Business and Administration Associate Professionals,334,Administrative and Specialized Secretaries,3341,Office Supervisors,3341.0700,Headlight Keeper,00
3,Technicians and Associate Professionals,33,Business and Administration Associate Professionals,334,Administrative and Specialized Secretaries,3341,Office Supervisors,3341.0800,Section Officer,00
3,Technicians and Associate Professionals,33,Business and Administration Associate Professionals,334,Administrative and Specialized Secretaries,3341,Office Supervisors,3341.0900,"Inspectors and Supervisors, Other (Clerical)",00
3,Technicians and Associate Professionals,33,Business and Administration Associate Professionals,334,Administrative and Specialized Secretaries,3341,Office Supervisors,3341.1000,Office Assistant,00
3,Technicians and Associate Professionals,33,Business and Administration Associate Professionals,334,Administrative and Specialized Secretaries,3341,Office Supervisors,3341.1100,Briefing Assistant,00
3,Technicians and Associate Professionals,33,Business and Administration Associate Professionals,334,Administrative and Specialized Secretaries,3341,Office Supervisors,3341.1200,Sub-Post Master,00
3,Technicians and Associate Professionals,33,Business and Administration Associate Professionals,334,Administrative and Specialized Secretaries,3341,Office Supervisors,3341.9900,"Office Supervisors, Other",00
3,Technicians and Associate Professionals,33,Business and Administration Associate Professionals,335,Government Regulatory Associate Professionals,3351,Customs and Border Inspectors,3351.0100,"Inspector, Customs",00
3,Technicians and Associate Professionals,33,Business and Administration Associate Professionals,335,Government Regulatory Associate Professionals,3351,Customs and Border Inspectors,3351.0200,"Supervisor, Customs",00
3,Technicians and Associate Professionals,33,Business and Administration Associate Professionals,335,Government Regulatory Associate Professionals,3351,Customs and Border Inspectors,3351.0300,Searcher,00
3,Technicians and Associate Professionals,33,Business and Administration Associate Professionals,335,Government Regulatory Associate Professionals,3351,Customs and Border Inspectors,3351.9900,"Customs and Border Inspectors, Other",00
3,Technicians and Associate Professionals,33,Business and Administration Associate Professionals,335,Government Regulatory Associate Professionals,3352,Government Tax and Excise Officials,3352.0100,"Inspector, Excise",00
3,Technicians and Associate Professionals,33,Business and Administration Associate Professionals,335,Government Regulatory Associate Professionals,3352,Government Tax and Excise Officials,3352.9900,"Government Tax and Excise Officials, Other",00
3,Technicians and Associate Professionals,33,Business and Administration Associate Professionals,335,Government Regulatory Associate Professionals,3353,Government Social Benefits Officials,3353.0100,Village Level Worker,00
3,Technicians and Associate Professionals,33,Business and Administration Associate Professionals,335,Government Regulatory Associate Professionals,3353,Government Social Benefits Officials,3353.0200,"Patroller, Women",00
3,Technicians and Associate Professionals,33,Business and Administration Associate Professionals,335,Government Regulatory Associate Professionals,3353,Government Social Benefits Officials,3353.9900,"Government Social Benefits Officials, Other",00
3,Technicians and Associate Professionals,33,Business and Administration Associate Professionals,335,Government Regulatory Associate Professionals,3355,Police Inspectors and Detectives,3355.0100,"Inspector, Police",00
3,Technicians and Associate Professionals,33,Business and Administration Associate Professionals,335,Government Regulatory Associate Professionals,3355,Police Inspectors and Detectives,3355.0200,"Sub-Inspector, Police",00
3,Technicians and Associate Professionals,33,Business and Administration Associate Professionals,335,Government Regulatory Associate Professionals,3355,Police Inspectors and Detectives,3355.0300,Detective,00
3,Technicians and Associate Professionals,33,Business and Administration Associate Professionals,335,Government Regulatory Associate Professionals,3355,Police Inspectors and Detectives,3355.9900,"Police Inspectors and Detectives, Other",00
3,Technicians and Associate Professionals,34,"Legal, Social, Cultural and Related Associate Professionals",341,"Legal, Social and Religious Associate Professionals",3411,Legal and Related Associate Professionals,3411.0100,Legal Assistant,00
3,Technicians and Associate Professionals,34,"Legal, Social, Cultural and Related Associate Professionals",341,"Legal, Social and Religious Associate Professionals",3411,Legal and Related Associate Professionals,3411.0200,Shirestedar,00
3,Technicians and Associate Professionals,34,"Legal, Social, Cultural and Related Associate Professionals",341,"Legal, Social and Religious Associate Professionals",3411,Legal and Related Associate Professionals,3411.0300,Petition Writer,00
3,Technicians and Associate Professionals,34,"Legal, Social, Cultural and Related Associate Professionals",341,"Legal, Social and Religious Associate Professionals",3411,Legal and Related Associate Professionals,3411.9900,"Legal and Related Associate Professionals, Other",00
3,Technicians and Associate Professionals,34,"Legal, Social, Cultural and Related Associate Professionals",341,"Legal, Social and Religious Associate Professionals",3412,Social Work Associate Professionals,3412.0100,Blood Donor Unit Assistant,00
3,Technicians and Associate Professionals,34,"Legal, Social, Cultural and Related Associate Professionals",341,"Legal, Social and Religious Associate Professionals",3412,Social Work Associate Professionals,3412.0200,Equal Opportunity Officer,00
3,Technicians and Associate Professionals,34,"Legal, Social, Cultural and Related Associate Professionals",341,"Legal, Social and Religious Associate Professionals",3412,Social Work Associate Professionals,3412.9900,Social Work Associate Professionals,00
3,Technicians and Associate Professionals,34,"Legal, Social, Cultural and Related Associate Professionals",342,Sports and Fitness Workers,3421,Athletes and Sports Players,3421.0100,"Professional Sportsman/Professional, Athlete",00
3,Technicians and Associate Professionals,34,"Legal, Social, Cultural and Related Associate Professionals",342,Sports and Fitness Workers,3421,Athletes and Sports Players,3421.0200,Jockey,00
3,Technicians and Associate Professionals,34,"Legal, Social, Cultural and Related Associate Professionals",342,Sports and Fitness Workers,3422,"Sports Coaches, Instructors and Officials",3422.0100,Athletic Coach,00
3,Technicians and Associate Professionals,34,"Legal, Social, Cultural and Related Associate Professionals",342,Sports and Fitness Workers,3422,"Sports Coaches, Instructors and Officials",3422.0201,Sports Coach,01
3,Technicians and Associate Professionals,34,"Legal, Social, Cultural and Related Associate Professionals",342,Sports and Fitness Workers,3422,"Sports Coaches, Instructors and Officials",3422.0300,Riding Instructor,00
3,Technicians and Associate Professionals,34,"Legal, Social, Cultural and Related Associate Professionals",342,Sports and Fitness Workers,3422,"Sports Coaches, Instructors and Officials",3422.0400,Umpire,00
3,Technicians and Associate Professionals,34,"Legal, Social, Cultural and Related Associate Professionals",342,Sports and Fitness Workers,3422,"Sports Coaches, Instructors and Officials",3422.0500,Marker/Groundsmen & Women,00
3,Technicians and Associate Professionals,34,"Legal, Social, Cultural and Related Associate Professionals",342,Sports and Fitness Workers,3422,"Sports Coaches, Instructors and Officials",3422.9900,"Sports Coaches, Instructors and Officials, Other",00
3,Technicians and Associate Professionals,34,"Legal, Social, Cultural and Related Associate Professionals",342,Sports and Fitness Workers,3423,"Fitness and Recreation Instructors, and Programme Leaders",3423.0101,Fitness Trainer/Fitness Instructor,01
3,Technicians and Associate Professionals,34,"Legal, Social, Cultural and Related Associate Professionals",342,Sports and Fitness Workers,3423,"Fitness and Recreation Instructors, and Programme Leaders",3423.0200,Physical Training Instructor/Physical Education Teacher,00
3,Technicians and Associate Professionals,34,"Legal, Social, Cultural and Related Associate Professionals",342,Sports and Fitness Workers,3423,"Fitness and Recreation Instructors, and Programme Leaders",3423.0501,Lifeguard,01
3,Technicians and Associate Professionals,34,"Legal, Social, Cultural and Related Associate Professionals",342,Sports and Fitness Workers,3423,"Fitness and Recreation Instructors, and Programme Leaders",3423.9900,Fitness and Recreation Instructors and Programme Leaders,00
3,Technicians and Associate Professionals,34,"Legal, Social, Cultural and Related Associate Professionals",343,Administrative Associate Professionals,3431,Photographers,3431.0100,"Photographer, General",00
3,Technicians and Associate Professionals,34,"Legal, Social, Cultural and Related Associate Professionals",343,Administrative Associate Professionals,3431,Photographers,3431.0200,Photographer News,00
3,Technicians and Associate Professionals,34,"Legal, Social, Cultural and Related Associate Professionals",343,Administrative Associate Professionals,3431,Photographers,3431.0300,"Photographer, Aerial",00
3,Technicians and Associate Professionals,34,"Legal, Social, Cultural and Related Associate Professionals",343,Administrative Associate Professionals,3431,Photographers,3431.9900,"Photographers, Other",00
3,Technicians and Associate Professionals,34,"Legal, Social, Cultural and Related Associate Professionals",343,Administrative Associate Professionals,3432,Interior Designers,3432.0100,Interior Designer,00
3,Technicians and Associate Professionals,34,"Legal, Social, Cultural and Related Associate Professionals",343,Administrative Associate Professionals,3432,Interior Designers,3432.0200,Decorator,00
3,Technicians and Associate Professionals,34,"Legal, Social, Cultural and Related Associate Professionals",343,Administrative Associate Professionals,3432,Interior Designers,3432.0501,Bathroom and Kitchen Designer,01
3,Technicians and Associate Professionals,34,"Legal, Social, Cultural and Related Associate Professionals",343,Administrative Associate Professionals,3432,Interior Designers,3432.9900,"Decorators and Commercial Designers, Other",00
3,Technicians and Associate Professionals,34,"Legal, Social, Cultural and Related Associate Professionals",343,Administrative Associate Professionals,3434,Chefs,3434.0100,Head Cook/Head Chef,00
3,Technicians and Associate Professionals,34,"Legal, Social, Cultural and Related Associate Professionals",343,Administrative Associate Professionals,3435,Other Artistic and Cultural Associate Professionals,3435.0100,Tattoo Artist,00
3,Technicians and Associate Professionals,34,"Legal, Social, Cultural and Related Associate Professionals",343,Administrative Associate Professionals,3435,Other Artistic and Cultural Associate Professionals,3435.0200,Stuntman,00
3,Technicians and Associate Professionals,34,"Legal, Social, Cultural and Related Associate Professionals",343,Administrative Associate Professionals,3435,Other Artistic and Cultural Associate Professionals,3435.0300,Prompter,00
3,Technicians and Associate Professionals,34,"Legal, Social, Cultural and Related Associate Professionals",343,Administrative Associate Professionals,3435,Other Artistic and Cultural Associate Professionals,3435.0400,Merry-Go-Round Operator,00
3,Technicians and Associate Professionals,34,"Legal, Social, Cultural and Related Associate Professionals",343,Administrative Associate Professionals,3435,Other Artistic and Cultural Associate Professionals,3435.0500,Floral Designer,00
3,Technicians and Associate Professionals,34,"Legal, Social, Cultural and Related Associate Professionals",343,Administrative Associate Professionals,3435,Other Artistic and Cultural Associate Professionals,3435.9900,"Other Artistic and Cultural Associate Professionals, Other",00
3,Technicians and Associate Professionals,35,Information and Communications Technicians,351,Information and Communication Technology Operations and User Support Technicians,3511,Information and Communication Technology Operations Technicians,3511.0101,Domestic Biometric Data Operator,01
3,Technicians and Associate Professionals,35,Information and Communications Technicians,351,Information and Communication Technology Operations and User Support Technicians,3512,Information and Communication Technology User Support Technicians,3512.0100,Data Recovery Planner/System Administrator,00
3,Technicians and Associate Professionals,35,Information and Communications Technicians,351,Information and Communication Technology Operations and User Support Technicians,3512,Information and Communication Technology User Support Technicians,3512.0101,Domestic IT Helpdesk Attendant,01
3,Technicians and Associate Professionals,35,Information and Communications Technicians,351,Information and Communication Technology Operations and User Support Technicians,3512,Information and Communication Technology User Support Technicians,3512.0200,Desktop Publishing Operator,00
3,Technicians and Associate Professionals,35,Information and Communications Technicians,351,Information and Communication Technology Operations and User Support Technicians,3512,Information and Communication Technology User Support Technicians,3512.0202,Associate— Desktop Publishing (DTP),02
3,Technicians and Associate Professionals,35,Information and Communications Technicians,351,Information and Communication Technology Operations and User Support Technicians,3512,Information and Communication Technology User Support Technicians,3514.0300,Programming Assistant/Junior Software Engineer,00
3,Technicians and Associate Professionals,35,Information and Communications Technicians,351,Information and Communication Technology Operations and User Support Technicians,3512,Information and Communication Technology User Support Technicians,3512.0401,Disk Duplicator,01
3,Technicians and Associate Professionals,35,Information and Communications Technicians,351,Information and Communication Technology Operations and User Support Technicians,3512,Information and Communication Technology User Support Technicians,3512.0501,IT Co-Ordinator in School,01
3,Technicians and Associate Professionals,35,Information and Communications Technicians,351,Information and Communication Technology Operations and User Support Technicians,3512,Information and Communication Technology User Support Technicians,3512.0601,Associate – Clinical Data Management,01
3,Technicians and Associate Professionals,35,Information and Communications Technicians,351,Information and Communication Technology Operations and User Support Technicians,3512,Information and Communication Technology User Support Technicians,3512.0700,Medical Transcriptionist,00
3,Technicians and Associate Professionals,35,Information and Communications Technicians,351,Information and Communication Technology Operations and User Support Technicians,3512,Information and Communication Technology User Support Technicians,3512.0702,Associate – Medical Transcription,02
3,Technicians and Associate Professionals,35,Information and Communications Technicians,351,Information and Communication Technology Operations and User Support Technicians,3512,Information and Communication Technology User Support Technicians,3512.0801,Engineer – Technical Support,01
3,Technicians and Associate Professionals,35,Information and Communications Technicians,351,Information and Communication Technology Operations and User Support Technicians,3512,Information and Communication Technology User Support Technicians,3512.9900,"Information and Communication Technology User Support Technicians, Other",00
3,Technicians and Associate Professionals,35,Information and Communications Technicians,351,Information and Communication Technology Operations and User Support Technicians,3513,Computer Network and Systems Technician,3513.0100,System Administration Assistant/Junior System Administrator,00
3,Technicians and Associate Professionals,35,Information and Communications Technicians,351,Information and Communication Technology Operations and User Support Technicians,3513,Computer Network and Systems Technician,3513.0200,Computer Security Specialist,00
3,Technicians and Associate Professionals,35,Information and Communications Technicians,351,Information and Communication Technology Operations and User Support Technicians,3513,Computer Network and Systems Technician,3513.0301,Infrastructure Engineer,01
3,Technicians and Associate Professionals,35,Information and Communications Technicians,351,Information and Communication Technology Operations and User Support Technicians,3513,Computer Network and Systems Technician,3513.9900,"Computer Network and Systems Technician, Other",00
3,Technicians and Associate Professionals,35,Information and Communications Technicians,352,Telecommunication and Broadcasting Technicians,3521,Broadcasting and Audiovisual Technicians,3521.0100,Cinematographer,00
3,Technicians and Associate Professionals,35,Information and Communications Technicians,352,Telecommunication and Broadcasting Technicians,3521,Broadcasting and Audiovisual Technicians,3521.0200,Movie Cameraman,00
3,Technicians and Associate Professionals,35,Information and Communications Technicians,352,Telecommunication and Broadcasting Technicians,3521,Broadcasting and Audiovisual Technicians,3521.0300,"Cameraman, Animation",00
3,Technicians and Associate Professionals,35,Information and Communications Technicians,352,Telecommunication and Broadcasting Technicians,3521,Broadcasting and Audiovisual Technicians,3521.0401,Sound Recording Equipment Operator/Sound Assistant,01
3,Technicians and Associate Professionals,35,Information and Communications Technicians,352,Telecommunication and Broadcasting Technicians,3521,Broadcasting and Audiovisual Technicians,3521.0501,Film Editor/Editor,01
3,Technicians and Associate Professionals,35,Information and Communications Technicians,352,Telecommunication and Broadcasting Technicians,3521,Broadcasting and Audiovisual Technicians,3521.0511,Sound Editor,11
3,Technicians and Associate Professionals,35,Information and Communications Technicians,352,Telecommunication and Broadcasting Technicians,3521,Broadcasting and Audiovisual Technicians,3521.0600,"Supervisor, Broadcasting Audiovisual Projection and Sound Equipment Operations",00
3,Technicians and Associate Professionals,35,Information and Communications Technicians,352,Telecommunication and Broadcasting Technicians,3521,Broadcasting and Audiovisual Technicians,3521.0700,Television Broadcasting Station Operator,00
3,Technicians and Associate Professionals,35,Information and Communications Technicians,352,Telecommunication and Broadcasting Technicians,3521,Broadcasting and Audiovisual Technicians,3521.0800,"Radio Operator, Broadcasting Station",00
3,Technicians and Associate Professionals,35,Information and Communications Technicians,352,Telecommunication and Broadcasting Technicians,3521,Broadcasting and Audiovisual Technicians,3521.0900,Cinematograph Operator,00
3,Technicians and Associate Professionals,35,Information and Communications Technicians,352,Telecommunication and Broadcasting Technicians,3521,Broadcasting and Audiovisual Technicians,3521.1000,Public Address Equipment Operator,00
3,Technicians and Associate Professionals,35,Information and Communications Technicians,352,Telecommunication and Broadcasting Technicians,3521,Broadcasting and Audiovisual Technicians,3521.1100,"Station Officer, Overseas Communication",00
3,Technicians and Associate Professionals,35,Information and Communications Technicians,352,Telecommunication and Broadcasting Technicians,3521,Broadcasting and Audiovisual Technicians,3521.1200,"Station Technical Assistant, Overseas Communication",00
3,Technicians and Associate Professionals,35,Information and Communications Technicians,352,Telecommunication and Broadcasting Technicians,3521,Broadcasting and Audiovisual Technicians,3521.1300,Wireless Operator,00
3,Technicians and Associate Professionals,35,Information and Communications Technicians,352,Telecommunication and Broadcasting Technicians,3521,Broadcasting and Audiovisual Technicians,3521.1400,"Radio Operator, Ship",00
3,Technicians and Associate Professionals,35,Information and Communications Technicians,352,Telecommunication and Broadcasting Technicians,3521,Broadcasting and Audiovisual Technicians,3521.1500,"Radio Operator, Aircraft",00
3,Technicians and Associate Professionals,35,Information and Communications Technicians,352,Telecommunication and Broadcasting Technicians,3521,Broadcasting and Audiovisual Technicians,3521.1600,"Control Tower Operator, Aerodrome",00
3,Technicians and Associate Professionals,35,Information and Communications Technicians,352,Telecommunication and Broadcasting Technicians,3521,Broadcasting and Audiovisual Technicians,3521.1700,Radar Operator,00
3,Technicians and Associate Professionals,35,Information and Communications Technicians,352,Telecommunication and Broadcasting Technicians,3521,Broadcasting and Audiovisual Technicians,3521.2000,"Signaller, Ship",00
3,Technicians and Associate Professionals,35,Information and Communications Technicians,352,Telecommunication and Broadcasting Technicians,3521,Broadcasting and Audiovisual Technicians,3521.2100,"Light Keeper, Light House",00
3,Technicians and Associate Professionals,35,Information and Communications Technicians,352,Telecommunication and Broadcasting Technicians,3521,Broadcasting and Audiovisual Technicians,3521.9900,"Broadcasting and Audiovisual Technicians, Other",00
3,Technicians and Associate Professionals,35,Information and Communications Technicians,352,Telecommunication and Broadcasting Technicians,3522,Telecommunication Engineering Technicians,3522.0100,"Telecommunication, Technician",00
3,Technicians and Associate Professionals,35,Information and Communications Technicians,352,Telecommunication and Broadcasting Technicians,3522,Telecommunication Engineering Technicians,3522.0200,"Line Inspector, Telephone",00
3,Technicians and Associate Professionals,35,Information and Communications Technicians,352,Telecommunication and Broadcasting Technicians,3522,Telecommunication Engineering Technicians,3522.0300,Telephone Inspector,00
3,Technicians and Associate Professionals,35,Information and Communications Technicians,352,Telecommunication and Broadcasting Technicians,3522,Telecommunication Engineering Technicians,3522.0400,Wireless Inspector Electronics,00
3,Technicians and Associate Professionals,35,Information and Communications Technicians,352,Telecommunication and Broadcasting Technicians,3522,Telecommunication Engineering Technicians,3522.9900,"Telecommunication Engineering Technicians, Other",00
4,Clerks/Clerical Support Workers,41,General and Keyboard Clerks,411,General Office Clerks,4110,General Office Clerks,4110.0100,"Clerk, General",00
4,Clerks/Clerical Support Workers,41,General and Keyboard Clerks,411,General Office Clerks,4110,General Office Clerks,4110.0200,"Clerk, Enquiry",00
4,Clerks/Clerical Support Workers,41,General and Keyboard Clerks,411,General Office Clerks,4110,General Office Clerks,4110.0300,Copyright Clerk,00
4,Clerks/Clerical Support Workers,41,General and Keyboard Clerks,411,General Office Clerks,4110,General Office Clerks,4110.0400,Copy Holder,00
4,Clerks/Clerical Support Workers,41,General and Keyboard Clerks,411,General Office Clerks,4110,General Office Clerks,4110.0500,Timekeeper,00
4,Clerks/Clerical Support Workers,41,General and Keyboard Clerks,411,General Office Clerks,4110,General Office Clerks,4110.0600,"Timekeeper, Motor Transport",00
4,Clerks/Clerical Support Workers,41,General and Keyboard Clerks,412,Secretaries (General),4120,Secretaries (General),4120.0100,Private Secretary,00
4,Clerks/Clerical Support Workers,41,General and Keyboard Clerks,412,Secretaries (General),4120,Secretaries (General),4120.0200,Personal Secretary,00
4,Clerks/Clerical Support Workers,41,General and Keyboard Clerks,412,Secretaries (General),4120,Secretaries (General),4120.0300,Panchayat Secretary,00
4,Clerks/Clerical Support Workers,41,General and Keyboard Clerks,412,Secretaries (General),4120,Secretaries (General),4120.9900,"Secretaries, Other",00
4,Clerks/Clerical Support Workers,41,General and Keyboard Clerks,413,Keyboard Operators,4131,Typists and Word Processing Operators,4131.0100,Secretary/Back Office Support,00
4,Clerks/Clerical Support Workers,41,General and Keyboard Clerks,413,Keyboard Operators,4131,Typists and Word Processing Operators,4131.0200,Reporter,00
4,Clerks/Clerical Support Workers,41,General and Keyboard Clerks,413,Keyboard Operators,4131,Typists and Word Processing Operators,4131.0400,Braille Typist,00
4,Clerks/Clerical Support Workers,41,General and Keyboard Clerks,413,Keyboard Operators,4131,Typists and Word Processing Operators,4131.0500,Teleprinter Operator,00
4,Clerks/Clerical Support Workers,41,General and Keyboard Clerks,413,Keyboard Operators,4131,Typists and Word Processing Operators,4131.0600,Computer Operator,00
4,Clerks/Clerical Support Workers,41,General and Keyboard Clerks,413,Keyboard Operators,4131,Typists and Word Processing Operators,4131.9900,"Typists and Word Processing Operators, Other",00
4,Clerks/Clerical Support Workers,41,General and Keyboard Clerks,413,Keyboard Operators,4132,Data Entry Clerks,4132.0401,Data Entry Machine Operator,01
4,Clerks/Clerical Support Workers,41,General and Keyboard Clerks,413,Keyboard Operators,4132,Data Entry Clerks,4132.0402,Domestic Data Entry Operator,02
4,Clerks/Clerical Support Workers,41,General and Keyboard Clerks,413,Keyboard Operators,4132,Data Entry Clerks,4132.0600,Coding Machine Operator,00
4,Clerks/Clerical Support Workers,41,General and Keyboard Clerks,413,Keyboard Operators,4132,Data Entry Clerks,4132.0800,Duplicating Machine Operator/Photocopier,00
4,Clerks/Clerical Support Workers,41,General and Keyboard Clerks,413,Keyboard Operators,4132,Data Entry Clerks,4132.0900,Embossing Machine Operator,00
4,Clerks/Clerical Support Workers,41,General and Keyboard Clerks,413,Keyboard Operators,4132,Data Entry Clerks,4132.1000,Addressing Machine Operator,00
4,Clerks/Clerical Support Workers,41,General and Keyboard Clerks,413,Keyboard Operators,4132,Data Entry Clerks,4132.1300,Bookkeeping Machine Operator,00
4,Clerks/Clerical Support Workers,41,General and Keyboard Clerks,413,Keyboard Operators,4132,Data Entry Clerks,4132.1400,Bill Processing Clerk,00
4,Clerks/Clerical Support Workers,41,General and Keyboard Clerks,413,Keyboard Operators,4132,Data Entry Clerks,4132.9900,"Data Entry Clerks, Other",00
4,Clerks/Clerical Support Workers,42,Customer Services Clerks,421,"Tellers, Money Collectors and Related Clerks",4211,Bank Tellers and Related Clerks,4211.0100,"Cashier, General",00
4,Clerks/Clerical Support Workers,42,Customer Services Clerks,421,"Tellers, Money Collectors and Related Clerks",4211,Bank Tellers and Related Clerks,4211.0200,"Cashier, Bank",00
4,Clerks/Clerical Support Workers,42,Customer Services Clerks,421,"Tellers, Money Collectors and Related Clerks",4211,Bank Tellers and Related Clerks,4211.0301,"Cashier, Cash Counter",01
4,Clerks/Clerical Support Workers,42,Customer Services Clerks,421,"Tellers, Money Collectors and Related Clerks",4211,Bank Tellers and Related Clerks,4211.0302,"Cashier, Gem & Jewellery",02
4,Clerks/Clerical Support Workers,42,Customer Services Clerks,421,"Tellers, Money Collectors and Related Clerks",4211,Bank Tellers and Related Clerks,4211.0400,"Teller, Bank",00
4,Clerks/Clerical Support Workers,42,Customer Services Clerks,421,"Tellers, Money Collectors and Related Clerks",4211,Bank Tellers and Related Clerks,4211.9900,"Bank Tellers and Related Clerks, Other",00
4,Clerks/Clerical Support Workers,42,Customer Services Clerks,421,"Tellers, Money Collectors and Related Clerks",4212,"Bookmakers, Croupiers and Related Gaming Workers",4212.0100,"Booking Clerk, Recreation",00
4,Clerks/Clerical Support Workers,42,Customer Services Clerks,421,"Tellers, Money Collectors and Related Clerks",4212,"Bookmakers, Croupiers and Related Gaming Workers",4212.0200,Bookmaker,00
4,Clerks/Clerical Support Workers,42,Customer Services Clerks,421,"Tellers, Money Collectors and Related Clerks",4212,"Bookmakers, Croupiers and Related Gaming Workers",4212.9900,"Bookmakers, Croupiers and Related Gaming Workers, Other",00
4,Clerks/Clerical Support Workers,42,Customer Services Clerks,421,"Tellers, Money Collectors and Related Clerks",4213,Pawnbrokers and Moneylenders,4213.0100,Moneylender,00
4,Clerks/Clerical Support Workers,42,Customer Services Clerks,421,"Tellers, Money Collectors and Related Clerks",4213,Pawnbrokers and Moneylenders,4213.0200,Pawn Broker,00
4,Clerks/Clerical Support Workers,42,Customer Services Clerks,421,"Tellers, Money Collectors and Related Clerks",4213,Pawnbrokers and Moneylenders,4213.9900,"Pawnbrokers and Moneylenders, Other",00
4,Clerks/Clerical Support Workers,42,Customer Services Clerks,421,"Tellers, Money Collectors and Related Clerks",4214,Debt Collectors and Related Workers,4214.0100,Bill Collector,00
4,Clerks/Clerical Support Workers,42,Customer Services Clerks,421,"Tellers, Money Collectors and Related Clerks",4214,Debt Collectors and Related Workers,4214.0201,Debt Recovery Agents,01
4,Clerks/Clerical Support Workers,42,Customer Services Clerks,421,"Tellers, Money Collectors and Related Clerks",4214,Debt Collectors and Related Workers,4214.9900,"Debt Collectors and Related Workers, Other",00
4,Clerks/Clerical Support Workers,42,Customer Services Clerks,422,Client Information Workers,4221,Travel Consultants and Clerks,4221.0100,Travel Consultants & Organizers,00
4,Clerks/Clerical Support Workers,42,Customer Services Clerks,422,Client Information Workers,4221,Travel Consultants and Clerks,4221.0200,Flight Attendants and Travel Stewards,00
4,Clerks/Clerical Support Workers,42,Customer Services Clerks,422,Client Information Workers,4221,Travel Consultants and Clerks,4221.0300,"Reservation Clerk, Transport/Reservation Assistant",00
4,Clerks/Clerical Support Workers,42,Customer Services Clerks,422,Client Information Workers,4221,Travel Consultants and Clerks,4221.0400,"Booking Clerk, Transport/Concierge",00
4,Clerks/Clerical Support Workers,42,Customer Services Clerks,422,Client Information Workers,4221,Travel Consultants and Clerks,4221.9900,"Travel Consultants and Clerks, Others",00
4,Clerks/Clerical Support Workers,42,Customer Services Clerks,422,Client Information Workers,4222,Contact Centre Information Clerks,4222.0101,Technical Support Executive – Non-Voice,01
4,Clerks/Clerical Support Workers,42,Customer Services Clerks,422,Client Information Workers,4222,Contact Centre Information Clerks,4222.0102,Technical Support Executive – Voice,02
4,Clerks/Clerical Support Workers,42,Customer Services Clerks,422,Client Information Workers,4223,Telephone Switchboard Operators,4223.0100,"Telephone Operator, Trunk",00
4,Clerks/Clerical Support Workers,42,Customer Services Clerks,422,Client Information Workers,4223,Telephone Switchboard Operators,4223.0200,"Telephone Operator, Local",00
4,Clerks/Clerical Support Workers,42,Customer Services Clerks,422,Client Information Workers,4223,Telephone Switchboard Operators,4223.0300,"Telephone Operator, PBX",00
4,Clerks/Clerical Support Workers,42,Customer Services Clerks,422,Client Information Workers,4223,Telephone Switchboard Operators,4223.9900,"Telephone Switchboard Operators, Other",00
4,Clerks/Clerical Support Workers,42,Customer Services Clerks,422,Client Information Workers,4224,Hotel Receptionists,4224.0100,Receptionist (Hotel)/Front Office Associate,00
4,Clerks/Clerical Support Workers,42,Customer Services Clerks,422,Client Information Workers,4224,Hotel Receptionists,4224.9900,"Hotel Receptionists, Other",00
4,Clerks/Clerical Support Workers,42,Customer Services Clerks,422,Client Information Workers,4225,Inquiry Clerks,4225.0100,Complaint Attending Clerk/Customer Service Desk/Customer Service Executive,00
4,Clerks/Clerical Support Workers,42,Customer Services Clerks,422,Client Information Workers,4225,Inquiry Clerks,4225.9900,"Inquiry Clerks, Other",00
4,Clerks/Clerical Support Workers,42,Customer Services Clerks,422,Client Information Workers,4226,Receptionist (General),4226.0100,Reception Clerk/Front Desk Executive/Receptionist,00
4,Clerks/Clerical Support Workers,42,Customer Services Clerks,422,Client Information Workers,4226,Receptionist (General),4226.0201,Showroom Hostess/Host,01
4,Clerks/Clerical Support Workers,43,Numerical and Material Recording Clerks,431,Numerical Clerks,4311,Accounting and Bookkeeping Clerks,4311.0101,Bookkeeper General/Accounts Executive (Recording and Reporting),01
4,Clerks/Clerical Support Workers,43,Numerical and Material Recording Clerks,431,Numerical Clerks,4311,Accounting and Bookkeeping Clerks,4311.0200,Bank Clerk,00
4,Clerks/Clerical Support Workers,43,Numerical and Material Recording Clerks,431,Numerical Clerks,4311,Accounting and Bookkeeping Clerks,4311.0300,Ledger Clerk,00
4,Clerks/Clerical Support Workers,43,Numerical and Material Recording Clerks,431,Numerical Clerks,4311,Accounting and Bookkeeping Clerks,4311.0401,Accounts Executive (Accounts Payable & Receivable),01
4,Clerks/Clerical Support Workers,43,Numerical and Material Recording Clerks,431,Numerical Clerks,4311,Accounting and Bookkeeping Clerks,4311.0500,"Audit, Clerk",00
4,Clerks/Clerical Support Workers,43,Numerical and Material Recording Clerks,431,Numerical Clerks,4311,Accounting and Bookkeeping Clerks,4311.0600,"Clerk, Cost Accounting",00
4,Clerks/Clerical Support Workers,43,Numerical and Material Recording Clerks,431,Numerical Clerks,4311,Accounting and Bookkeeping Clerks,4311.0700,Bill and Accounts Collector,00
4,Clerks/Clerical Support Workers,43,Numerical and Material Recording Clerks,431,Numerical Clerks,4311,Accounting and Bookkeeping Clerks,4311.0801,Rubber Nursery Office Assistant,01
4,Clerks/Clerical Support Workers,43,Numerical and Material Recording Clerks,431,Numerical Clerks,4311,Accounting and Bookkeeping Clerks,4311.9900,"Accounting and Bookkeeping Clerks, Others",00
4,Clerks/Clerical Support Workers,43,Numerical and Material Recording Clerks,431,Numerical Clerks,4312,Statistical Finance and Insurance Clerks,4312.0100,Statistical Clerks,00
4,Clerks/Clerical Support Workers,43,Numerical and Material Recording Clerks,431,Numerical Clerks,4312,Statistical Finance and Insurance Clerks,4312.9900,"Statistical Finance and Insurance Clerks, Others",00
4,Clerks/Clerical Support Workers,43,Numerical and Material Recording Clerks,431,Numerical Clerks,4313,Payroll Clerks,4313.0101,Accounts Clerk/Accounts Executive (Payroll),01
4,Clerks/Clerical Support Workers,43,Numerical and Material Recording Clerks,431,Numerical Clerks,4313,Payroll Clerks,4313.0201,Accounts Executive (Statutory Compliance),01
4,Clerks/Clerical Support Workers,43,Numerical and Material Recording Clerks,432,Material Recording and Transport Clerks,4321,Stock Clerks,4321.0100,Store Keeper,00
4,Clerks/Clerical Support Workers,43,Numerical and Material Recording Clerks,432,Material Recording and Transport Clerks,4321,Stock Clerks,4321.0101,Spare Parts Operations Executive,01
4,Clerks/Clerical Support Workers,43,Numerical and Material Recording Clerks,432,Material Recording and Transport Clerks,4321,Stock Clerks,4321.0102,Inventory Clerk,02
4,Clerks/Clerical Support Workers,43,Numerical and Material Recording Clerks,432,Material Recording and Transport Clerks,4321,Stock Clerks,4321.0103,Inventory Manager,03
4,Clerks/Clerical Support Workers,43,Numerical and Material Recording Clerks,432,Material Recording and Transport Clerks,4321,Stock Clerks,4321.0104,Storage Assistant,04
4,Clerks/Clerical Support Workers,43,Numerical and Material Recording Clerks,432,Material Recording and Transport Clerks,4321,Stock Clerks,4321.0200,Store Distributor,00
4,Clerks/Clerical Support Workers,43,Numerical and Material Recording Clerks,432,Material Recording and Transport Clerks,4321,Stock Clerks,4321.0301,Stock Verifier,01
4,Clerks/Clerical Support Workers,43,Numerical and Material Recording Clerks,432,Material Recording and Transport Clerks,4321,Stock Clerks,4321.0302,Incoming Inspection Technician,02
4,Clerks/Clerical Support Workers,43,Numerical and Material Recording Clerks,432,Material Recording and Transport Clerks,4321,Stock Clerks,4321.0401,Manager Stores Operation,01
4,Clerks/Clerical Support Workers,43,Numerical and Material Recording Clerks,432,Material Recording and Transport Clerks,4321,Stock Clerks,4321.0402,Spare Parts Operations In-Charge,02
4,Clerks/Clerical Support Workers,43,Numerical and Material Recording Clerks,432,Material Recording and Transport Clerks,4321,Stock Clerks,4321.0501,Store Ops Assistant,01
4,Clerks/Clerical Support Workers,43,Numerical and Material Recording Clerks,432,Material Recording and Transport Clerks,4321,Stock Clerks,4321.0601,Warehouse Picker,01
4,Clerks/Clerical Support Workers,43,Numerical and Material Recording Clerks,432,Material Recording and Transport Clerks,4321,Stock Clerks,4321.0602,Warehouse Binner,02
4,Clerks/Clerical Support Workers,43,Numerical and Material Recording Clerks,432,Material Recording and Transport Clerks,4321,Stock Clerks,4321.0603,Warehouse Packer,03
4,Clerks/Clerical Support Workers,43,Numerical and Material Recording Clerks,432,Material Recording and Transport Clerks,4321,Stock Clerks,4321.0604,Kitting and Labelling Executive,04
4,Clerks/Clerical Support Workers,43,Numerical and Material Recording Clerks,432,Material Recording and Transport Clerks,4321,Stock Clerks,4321.0701,Warranty Processor,01
4,Clerks/Clerical Support Workers,43,Numerical and Material Recording Clerks,432,Material Recording and Transport Clerks,4321,Stock Clerks,4321.9900,"Stock Clerks, Other",00
4,Clerks/Clerical Support Workers,43,Numerical and Material Recording Clerks,432,Material Recording and Transport Clerks,4322,Production Clerks,4322.0101,Inventory Manager (Wholesale),01
4,Clerks/Clerical Support Workers,43,Numerical and Material Recording Clerks,432,Material Recording and Transport Clerks,4322,Production Clerks,4322.0201,Junior Rubber Technician/Technical Assistant,01
4,Clerks/Clerical Support Workers,43,Numerical and Material Recording Clerks,432,Material Recording and Transport Clerks,4323,Transport Clerks,4323.0100,"Yard Master, Railway",00
4,Clerks/Clerical Support Workers,43,Numerical and Material Recording Clerks,432,Material Recording and Transport Clerks,4323,Transport Clerks,4323.0200,Head Train Recorder,00
4,Clerks/Clerical Support Workers,43,Numerical and Material Recording Clerks,432,Material Recording and Transport Clerks,4323,Transport Clerks,4323.0300,"Traffic Regulator, Tram",00
4,Clerks/Clerical Support Workers,43,Numerical and Material Recording Clerks,432,Material Recording and Transport Clerks,4323,Transport Clerks,4323.0400,"Controller, Tram",00
4,Clerks/Clerical Support Workers,43,Numerical and Material Recording Clerks,432,Material Recording and Transport Clerks,4323,Transport Clerks,4323.0500,"Traffic Timetable Inspector, Tram",00
4,Clerks/Clerical Support Workers,43,Numerical and Material Recording Clerks,432,Material Recording and Transport Clerks,4323,Transport Clerks,4323.9900,"Transport Clerks, Other",00
4,Clerks/Clerical Support Workers,44,Other Clerical Support Workers,441,Other Clerical Support Workers,4411,Library Clerks,4411.0100,Library Clerk,00
4,Clerks/Clerical Support Workers,44,Other Clerical Support Workers,441,Other Clerical Support Workers,4411,Library Clerks,4411.0200,Braille and Talking Books Clerk,00
4,Clerks/Clerical Support Workers,44,Other Clerical Support Workers,441,Other Clerical Support Workers,4411,Library Clerks,4411.0300,"Preservation Assistant, Archives",00
4,Clerks/Clerical Support Workers,44,Other Clerical Support Workers,441,Other Clerical Support Workers,4411,Library Clerks,4411.9900,"Library Clerks, Other",00
4,Clerks/Clerical Support Workers,44,Other Clerical Support Workers,441,Other Clerical Support Workers,4412,Mail Carriers and Sorting Clerks,4412.0100,Mail Guard,00
4,Clerks/Clerical Support Workers,44,Other Clerical Support Workers,441,Other Clerical Support Workers,4412,Mail Carriers and Sorting Clerks,4412.0200,Postman,00
4,Clerks/Clerical Support Workers,44,Other Clerical Support Workers,441,Other Clerical Support Workers,4412,Mail Carriers and Sorting Clerks,4412.0300,Village Postman,00
4,Clerks/Clerical Support Workers,44,Other Clerical Support Workers,441,Other Clerical Support Workers,4412,Mail Carriers and Sorting Clerks,4412.9900,"Mail Carriers and Sorting Clerks, Other",00
4,Clerks/Clerical Support Workers,44,Other Clerical Support Workers,441,Other Clerical Support Workers,4413,"Coding, Proofreading and Related Clerks",4413.0100,Coding Clerk,00
4,Clerks/Clerical Support Workers,44,Other Clerical Support Workers,441,Other Clerical Support Workers,4413,"Coding, Proofreading and Related Clerks",4413.0200,Proofreader,00
4,Clerks/Clerical Support Workers,44,Other Clerical Support Workers,441,Other Clerical Support Workers,4413,"Coding, Proofreading and Related Clerks",4413.9900,"Coding, Proofreading and Related Clerks, Others",00
4,Clerks/Clerical Support Workers,44,Other Clerical Support Workers,441,Other Clerical Support Workers,4414,Scribes and Related Clerks,4414.0100,"Braille Transcriber, Hand",00
4,Clerks/Clerical Support Workers,44,Other Clerical Support Workers,441,Other Clerical Support Workers,4414,Scribes and Related Clerks,4414.9900,"Scribes and Related Clerks, Other",00
4,Clerks/Clerical Support Workers,44,Other Clerical Support Workers,441,Other Clerical Support Workers,4416,Personnel Clerks,4416.0101,Associate – HRO,01
4,Clerks/Clerical Support Workers,44,Other Clerical Support Workers,441,Other Clerical Support Workers,4419,Clerical Support Workers Not Elsewhere Classified,4419.0100,Publicity Assistant,00
4,Clerks/Clerical Support Workers,44,Other Clerical Support Workers,441,Other Clerical Support Workers,4419,Clerical Support Workers Not Elsewhere Classified,4419.0102,Business Correspondent,02
4,Clerks/Clerical Support Workers,44,Other Clerical Support Workers,441,Other Clerical Support Workers,4419,Clerical Support Workers Not Elsewhere Classified,4419.0200,Patwari,00
4,Clerks/Clerical Support Workers,44,Other Clerical Support Workers,441,Other Clerical Support Workers,4419,Clerical Support Workers Not Elsewhere Classified,4419.0300,"Patrol, Irrigation",00
4,Clerks/Clerical Support Workers,44,Other Clerical Support Workers,441,Other Clerical Support Workers,4419,Clerical Support Workers Not Elsewhere Classified,4419.0400,Bailiff,00
4,Clerks/Clerical Support Workers,44,Other Clerical Support Workers,441,Other Clerical Support Workers,4419,Clerical Support Workers Not Elsewhere Classified,4419.0500,Office Boy/Peon,00
4,Clerks/Clerical Support Workers,44,Other Clerical Support Workers,441,Other Clerical Support Workers,4419,Clerical Support Workers Not Elsewhere Classified,4419.0600,Daftry,00
4,Clerks/Clerical Support Workers,44,Other Clerical Support Workers,441,Other Clerical Support Workers,4419,Clerical Support Workers Not Elsewhere Classified,4419.0800,Process Server,00
4,Clerks/Clerical Support Workers,44,Other Clerical Support Workers,441,Other Clerical Support Workers,4419,Clerical Support Workers Not Elsewhere Classified,4419.9900,"Clerical Support Workers, Other",00
5,Service and Sales Workers,51,Personal Service Workers,511,"Travel Attendants, Conductors and Guides",5111,Travel Attendants and Travel Stewards,5111.0100,"Chief Steward, Ship/Chief Cook",00
5,Service and Sales Workers,51,Personal Service Workers,511,"Travel Attendants, Conductors and Guides",5111,Travel Attendants and Travel Stewards,5111.0200,"Steward, Ship/Mess Man",00
5,Service and Sales Workers,51,Personal Service Workers,511,"Travel Attendants, Conductors and Guides",5111,Travel Attendants and Travel Stewards,5111.0300,Air Hostess,00
5,Service and Sales Workers,51,Personal Service Workers,511,"Travel Attendants, Conductors and Guides",5111,Travel Attendants and Travel Stewards,5111.0400,Flight Steward,00
5,Service and Sales Workers,51,Personal Service Workers,511,"Travel Attendants, Conductors and Guides",5111,Travel Attendants and Travel Stewards,5111.0500,Aircraft Cargo Handling Supervisor,00
5,Service and Sales Workers,51,Personal Service Workers,511,"Travel Attendants, Conductors and Guides",5111,Travel Attendants and Travel Stewards,5111.0600,Air Crew Member,00
5,Service and Sales Workers,51,Personal Service Workers,511,"Travel Attendants, Conductors and Guides",5111,Travel Attendants and Travel Stewards,5111.9900,"Travel Attendants and Travel Stewards, Other",00
5,Service and Sales Workers,51,Personal Service Workers,511,"Travel Attendants, Conductors and Guides",5112,Transport Conductors,5112.0100,"Guard, Passenger Train",00
5,Service and Sales Workers,51,Personal Service Workers,511,"Travel Attendants, Conductors and Guides",5112,Transport Conductors,5112.0200,"Guard, Goods Train",00
5,Service and Sales Workers,51,Personal Service Workers,511,"Travel Attendants, Conductors and Guides",5112,Transport Conductors,5112.0300,"Brakesman, Railway",00
5,Service and Sales Workers,51,Personal Service Workers,511,"Travel Attendants, Conductors and Guides",5112,Transport Conductors,5112.0400,"Conductor Guard, Railway",00
5,Service and Sales Workers,51,Personal Service Workers,511,"Travel Attendants, Conductors and Guides",5112,Transport Conductors,5112.0500,"Ticket Collector, Railway",00
5,Service and Sales Workers,51,Personal Service Workers,511,"Travel Attendants, Conductors and Guides",5112,Transport Conductors,5112.0600,"Travelling Ticket Examiner, Railway",00
5,Service and Sales Workers,51,Personal Service Workers,511,"Travel Attendants, Conductors and Guides",5112,Transport Conductors,5112.0700,"Ticket Examiner, Motor Transport",00
5,Service and Sales Workers,51,Personal Service Workers,511,"Travel Attendants, Conductors and Guides",5112,Transport Conductors,5112.0800,"Passenger Guide, Railway",00
5,Service and Sales Workers,51,Personal Service Workers,511,"Travel Attendants, Conductors and Guides",5112,Transport Conductors,5112.0900,"Conductor, Tram",00
5,Service and Sales Workers,51,Personal Service Workers,511,"Travel Attendants, Conductors and Guides",5112,Transport Conductors,5112.1000,Bus Conductor,00
5,Service and Sales Workers,51,Personal Service Workers,511,"Travel Attendants, Conductors and Guides",5112,Transport Conductors,5112.9900,"Transport Conductors, Other",00
5,Service and Sales Workers,51,Personal Service Workers,511,"Travel Attendants, Conductors and Guides",5113,Travel Guides,5113.0100,Travel Agent,00
5,Service and Sales Workers,51,Personal Service Workers,511,"Travel Attendants, Conductors and Guides",5113,Travel Guides,5113.0200,Tourist Guide,00
5,Service and Sales Workers,51,Personal Service Workers,511,"Travel Attendants, Conductors and Guides",5113,Travel Guides,5113.9900,"Guides, Other",00
5,Service and Sales Workers,51,Personal Service Workers,512,Cooks,5120,Cooks,5120.0200,"Cook, Institutional",00
5,Service and Sales Workers,51,Personal Service Workers,512,Cooks,5120,Cooks,5120.0300,"Cook, Domestic",00
5,Service and Sales Workers,51,Personal Service Workers,512,Cooks,5120,Cooks,5120.0400,"Cook, Ship",00
5,Service and Sales Workers,51,Personal Service Workers,512,Cooks,5120,Cooks,5120.0500,Kitchen Porter/Steward,00
5,Service and Sales Workers,51,Personal Service Workers,512,Cooks,5120,Cooks,5120.0600,Pantry Man,00
5,Service and Sales Workers,51,Personal Service Workers,512,Cooks,5120,Cooks,5120.9900,"Cooks, Other",00
5,Service and Sales Workers,51,Personal Service Workers,513,Waiters and Bartenders,5131,Waiters,5131.0100,Butler,00
5,Service and Sales Workers,51,Personal Service Workers,513,Waiters and Bartenders,5131,Waiters,5131.0200,"Steward, Hotel",00
5,Service and Sales Workers,51,Personal Service Workers,513,Waiters and Bartenders,5131,Waiters,5131.0300,"Bearer, Domestic/Household Workers",00
5,Service and Sales Workers,51,Personal Service Workers,513,Waiters and Bartenders,5131,Waiters,5131.0401,"Waiter, Institutional/Food & Beverage Service –Steward",01
5,Service and Sales Workers,51,Personal Service Workers,513,Waiters and Bartenders,5131,Waiters,5131.0500,Wine Waiter,00
5,Service and Sales Workers,51,Personal Service Workers,513,Waiters and Bartenders,5131,Waiters,5131.9900,"Waiters, Other",00
5,Service and Sales Workers,51,Personal Service Workers,513,Waiters and Bartenders,5132,Bartenders,5132.0100,Barman,00
5,Service and Sales Workers,51,Personal Service Workers,513,Waiters and Bartenders,5132,Bartenders,5132.9900,"Bartenders, Other",00
5,Service and Sales Workers,51,Personal Service Workers,514,"Hairdressers, Beauticians and Related Workers",5141,Hairdressers,5141.0100,Hairdresser (Ladies),00
5,Service and Sales Workers,51,Personal Service Workers,514,"Hairdressers, Beauticians and Related Workers",5141,Hairdressers,5141.0202,Hair Stylist,02
5,Service and Sales Workers,51,Personal Service Workers,514,"Hairdressers, Beauticians and Related Workers",5141,Hairdressers,5141.0201,Assistant Hair Stylist,01
5,Service and Sales Workers,51,Personal Service Workers,514,"Hairdressers, Beauticians and Related Workers",5141,Hairdressers,5141.0300,Barber,00
5,Service and Sales Workers,51,Personal Service Workers,514,"Hairdressers, Beauticians and Related Workers",5141,Hairdressers,5141.9900,"Hairdressers, Other",00
5,Service and Sales Workers,51,Personal Service Workers,514,"Hairdressers, Beauticians and Related Workers",5142,Beauticians and Related Workers,5142.0100,Beautician,00
5,Service and Sales Workers,51,Personal Service Workers,514,"Hairdressers, Beauticians and Related Workers",5142,Beauticians and Related Workers,5142.0101,Assistant Beautician,01
5,Service and Sales Workers,51,Personal Service Workers,514,"Hairdressers, Beauticians and Related Workers",5142,Beauticians and Related Workers,5142.0200,Manicurist,00
5,Service and Sales Workers,51,Personal Service Workers,514,"Hairdressers, Beauticians and Related Workers",5142,Beauticians and Related Workers,5142.0201,Pedicurist and Manicurist,01
5,Service and Sales Workers,51,Personal Service Workers,514,"Hairdressers, Beauticians and Related Workers",5142,Beauticians and Related Workers,5142.0300,Skincare Specialist,00
5,Service and Sales Workers,51,Personal Service Workers,514,"Hairdressers, Beauticians and Related Workers",5142,Beauticians and Related Workers,5142.0400,Make-Up Man,00
5,Service and Sales Workers,51,Personal Service Workers,514,"Hairdressers, Beauticians and Related Workers",5142,Beauticians and Related Workers,5142.0500,"Dresser, Stage & Studio",00
5,Service and Sales Workers,51,Personal Service Workers,514,"Hairdressers, Beauticians and Related Workers",5142,Beauticians and Related Workers,5142.0600,Wigman,00
5,Service and Sales Workers,51,Personal Service Workers,514,"Hairdressers, Beauticians and Related Workers",5142,Beauticians and Related Workers,5142.0700,Bath Attendant,00
5,Service and Sales Workers,51,Personal Service Workers,514,"Hairdressers, Beauticians and Related Workers",5142,Beauticians and Related Workers,5142.9900,"Beauticians and Related Workers, Others",00
5,Service and Sales Workers,51,Personal Service Workers,515,Building and Housekeeping Supervisors,5151,"Cleaning and Housekeeping Supervisors in Offices, Hotels and Other Establishments",5151.0101,Housekeeper (Institutional)/Housekeeping Supervisor,01
5,Service and Sales Workers,51,Personal Service Workers,515,Building and Housekeeping Supervisors,5151,"Cleaning and Housekeeping Supervisors in Offices, Hotels and Other Establishments",5151.0201,Janitor/Housekeeping Attendant,01
5,Service and Sales Workers,51,Personal Service Workers,515,Building and Housekeeping Supervisors,5151,"Cleaning and Housekeeping Supervisors in Offices, Hotels and Other Establishments",5151.0202,Room Attendant,02
5,Service and Sales Workers,51,Personal Service Workers,515,Building and Housekeeping Supervisors,5151,"Cleaning and Housekeeping Supervisors in Offices, Hotels and Other Establishments",5151.0300,House Stewards/Domestic Help,00
5,Service and Sales Workers,51,Personal Service Workers,515,Building and Housekeeping Supervisors,5151,"Cleaning and Housekeeping Supervisors in Offices, Hotels and Other Establishments",5151.0400,"Matron, Housekeeping",00
5,Service and Sales Workers,51,Personal Service Workers,515,Building and Housekeeping Supervisors,5151,"Cleaning and Housekeeping Supervisors in Offices, Hotels and Other Establishments",5151.0500,Linen Keeper,00
5,Service and Sales Workers,51,Personal Service Workers,515,Building and Housekeeping Supervisors,5151,"Cleaning and Housekeeping Supervisors in Offices, Hotels and Other Establishments",5151.0600,Hotel and Restaurant Keeper/Hotel and Restaurant Owner,00
5,Service and Sales Workers,51,Personal Service Workers,515,Building and Housekeeping Supervisors,5151,"Cleaning and Housekeeping Supervisors in Offices, Hotels and Other Establishments",5151.0701,"Supervisor, Front Office/Customer Service Executive (Meet and Greet)",01
5,Service and Sales Workers,51,Personal Service Workers,515,Building and Housekeeping Supervisors,5151,"Cleaning and Housekeeping Supervisors in Offices, Hotels and Other Establishments",5151.0800,Room Bearer/Bell Boys/Bell Hop/Hotel Porters,00
5,Service and Sales Workers,51,Personal Service Workers,515,Building and Housekeeping Supervisors,5151,"Cleaning and Housekeeping Supervisors in Offices, Hotels and Other Establishments",5151.9900,"Cleaning and Housekeeping Supervisors in Offices, Hotels and Other Establishments, Other",00
5,Service and Sales Workers,51,Personal Service Workers,515,Building and Housekeeping Supervisors,5152,Domestic Housekeepers,5152.0100,Housekeeper (Domestic),00
5,Service and Sales Workers,51,Personal Service Workers,515,Building and Housekeeping Supervisors,5152,Domestic Housekeepers,5152.9900,"Domestic Housekeepers, Others",00
5,Service and Sales Workers,51,Personal Service Workers,515,Building and Housekeeping Supervisors,5153,Building Caretakers,5153.0100,"Caretaker, Building",00
5,Service and Sales Workers,51,Personal Service Workers,515,Building and Housekeeping Supervisors,5153,Building Caretakers,5153.0200,"Caretaker, Monument",00
5,Service and Sales Workers,51,Personal Service Workers,515,Building and Housekeeping Supervisors,5153,Building Caretakers,5153.0300,"Caretaker, Burial Places and Cremation Grounds",00
5,Service and Sales Workers,51,Personal Service Workers,515,Building and Housekeeping Supervisors,5153,Building Caretakers,5153.9900,"Building Caretakers, Other",00
5,Service and Sales Workers,51,Personal Service Workers,516,Other Personal Services Workers,5161,"Astrologers, Fortune Tellers and Related Workers",5161.0100,Astrologer,00
5,Service and Sales Workers,51,Personal Service Workers,516,Other Personal Services Workers,5161,"Astrologers, Fortune Tellers and Related Workers",5161.0200,Palmist,00
5,Service and Sales Workers,51,Personal Service Workers,516,Other Personal Services Workers,5161,"Astrologers, Fortune Tellers and Related Workers",5161.9900,"Astrologers, Fortune Tellers and Related Workers, Other",00
5,Service and Sales Workers,51,Personal Service Workers,516,Other Personal Services Workers,5163,Undertakers and Embalmers,5163.0100,Undertaker,00
5,Service and Sales Workers,51,Personal Service Workers,516,Other Personal Services Workers,5163,Undertakers and Embalmers,5163.0200,Embalmer,00
5,Service and Sales Workers,51,Personal Service Workers,516,Other Personal Services Workers,5163,Undertakers and Embalmers,5163.0300,Grave Digger,00
5,Service and Sales Workers,51,Personal Service Workers,516,Other Personal Services Workers,5163,Undertakers and Embalmers,5163.9900,"Undertakers and Embalmers, Other",00
5,Service and Sales Workers,51,Personal Service Workers,516,Other Personal Services Workers,5165,Driving Instructors,5165.0101,Commercial Vehicle Driver Trainer,01
5,Service and Sales Workers,52,Sales Workers,521,Street and Market Salespersons,5211,Stall and Market Salespersons,5211.0100,Advertising Sales Agent/Advertising Executive,00
5,Service and Sales Workers,52,Sales Workers,521,Street and Market Salespersons,5211,Stall and Market Salespersons,5211.0200,Shop Attendant/Sales Assistant,00
5,Service and Sales Workers,52,Sales Workers,521,Street and Market Salespersons,5211,Stall and Market Salespersons,5211.0300,Telemarketing Sales Person/Telemarketing Sales Operator,00
5,Service and Sales Workers,52,Sales Workers,521,Street and Market Salespersons,5211,Stall and Market Salespersons,5211.0301,Sales Executive – Dealership,01
5,Service and Sales Workers,52,Sales Workers,521,Street and Market Salespersons,5211,Stall and Market Salespersons,5211.0302,Telecaller,02
5,Service and Sales Workers,52,Sales Workers,521,Street and Market Salespersons,5211,Stall and Market Salespersons,5211.9900,"Stall and Market Salespersons, Other",00
5,Service and Sales Workers,52,Sales Workers,521,Street and Market Salespersons,5212,Street Food Salespersons,5212.0100,Milkman,00
5,Service and Sales Workers,52,Sales Workers,521,Street and Market Salespersons,5212,Street Food Salespersons,5212.9900,"Street Food Vendors, Other/Khomchawala, Dhabawala, Chat Thelawala",00
5,Service and Sales Workers,52,Sales Workers,522,Shop Salespersons,5222,Shop Supervisors,5222.0100,"Sales Supervisor, Wholesale Trade",00
5,Service and Sales Workers,52,Sales Workers,522,Shop Salespersons,5222,Shop Supervisors,5222.0101,Area Parts Manager (APM),01
5,Service and Sales Workers,52,Sales Workers,522,Shop Salespersons,5222,Shop Supervisors,5222.0201,"Sales Supervisor, Retail Trade/CRM Manager",01
5,Service and Sales Workers,52,Sales Workers,522,Shop Salespersons,5223,Shop Sales Assistants,5223.0100,Shop Assistant,00
5,Service and Sales Workers,52,Sales Workers,522,Shop Salespersons,5223,Shop Sales Assistants,5223.0101,Order Processor,01
5,Service and Sales Workers,52,Sales Workers,522,Shop Salespersons,5223,Shop Sales Assistants,5223.0102,Jewellery Retail Sales Associate (Basic),02
5,Service and Sales Workers,52,Sales Workers,522,Shop Salespersons,5223,Shop Sales Assistants,5223.0103,Jewellery Retail Sales Associate (Advanced),03
5,Service and Sales Workers,52,Sales Workers,522,Shop Salespersons,5223,Shop Sales Assistants,5223.0104,Plumbing Products Sales Assistant,04
5,Service and Sales Workers,52,Sales Workers,522,Shop Salespersons,5223,Shop Sales Assistants,5223.0105,Trainee Associate,05
5,Service and Sales Workers,52,Sales Workers,524,Other Sales Workers,5241,Fashion and Other Models,5241.0100,"Model, Fashion",00
5,Service and Sales Workers,52,Sales Workers,524,Other Sales Workers,5241,Fashion and Other Models,5241.0200,Model,00
5,Service and Sales Workers,52,Sales Workers,524,Other Sales Workers,5241,Fashion and Other Models,5241.9900,"Fashion and Models, Other",00
5,Service and Sales Workers,52,Sales Workers,524,Other Sales Workers,5242,Sales Demonstrators,5242.0101,Technical Demonstrator (Sale)/Area Technical Lead,01
5,Service and Sales Workers,52,Sales Workers,524,Other Sales Workers,5242,Sales Demonstrators,5242.0102,Sales Associate,02
5,Service and Sales Workers,52,Sales Workers,524,Other Sales Workers,5242,Sales Demonstrators,5242.0201,Customer Care Executive (Relationship Centre),01
5,Service and Sales Workers,52,Sales Workers,524,Other Sales Workers,5242,Sales Demonstrators,5242.0301,Customer Care Executive (Repair Centre),01
5,Service and Sales Workers,52,Sales Workers,524,Other Sales Workers,5242,Sales Demonstrators,5242.0401,In-Store Promoter,01
5,Service and Sales Workers,52,Sales Workers,524,Other Sales Workers,5242,Sales Demonstrators,5242.0501,Associate Network Engineer,01
5,Service and Sales Workers,52,Sales Workers,524,Other Sales Workers,5242,Sales Demonstrators,5242.0502,Associate Operations Engineer,02
5,Service and Sales Workers,52,Sales Workers,524,Other Sales Workers,5242,Sales Demonstrators,5242.9900,"Sales Demonstrators, Other",00
5,Service and Sales Workers,52,Sales Workers,524,Other Sales Workers,5243,Door-to-Door Salespersons,5243.0100,Newspaper Boy,00
5,Service and Sales Workers,52,Sales Workers,524,Other Sales Workers,5243,Door-to-Door Salespersons,5243.0200,Order Supplier/Supplier,00
5,Service and Sales Workers,52,Sales Workers,524,Other Sales Workers,5243,Door-to-Door Salespersons,5243.0300,Home Deliveryman,00
5,Service and Sales Workers,52,Sales Workers,524,Other Sales Workers,5243,Door-to-Door Salespersons,5243.0401,Distributor Sales Representative,01
5,Service and Sales Workers,52,Sales Workers,524,Other Sales Workers,5243,Door-to-Door Salespersons,5243.0501,Field Sales Executive (FSE),01
5,Service and Sales Workers,52,Sales Workers,524,Other Sales Workers,5243,Door-to-Door Salespersons,5243.0502,Sales Executive (Broadband),02
5,Service and Sales Workers,52,Sales Workers,524,Other Sales Workers,5243,Door-to-Door Salespersons,5243.9900,"Door-to-Door and Telephone Sales Persons, Other",00
5,Service and Sales Workers,52,Sales Workers,524,Other Sales Workers,5244,Contact Centre Salespersons,5244.0100,"Operator, Call Centre",00
5,Service and Sales Workers,52,Sales Workers,524,Other Sales Workers,5244,Contact Centre Salespersons,5244.0101,CRM Domestic Voice,01
5,Service and Sales Workers,52,Sales Workers,524,Other Sales Workers,5244,Contact Centre Salespersons,5244.0102,Associate – CRM,02
5,Service and Sales Workers,52,Sales Workers,524,Other Sales Workers,5244,Contact Centre Salespersons,5244.0103,Customer Relation Executive,03
5,Service and Sales Workers,52,Sales Workers,524,Other Sales Workers,5244,Contact Centre Salespersons,5244.0201,CRM Domestic Non-Voice,01
5,Service and Sales Workers,52,Sales Workers,524,Other Sales Workers,5244,Contact Centre Salespersons,5244.0202,Associate Customer Care (Non-Voice),02
5,Service and Sales Workers,52,Sales Workers,524,Other Sales Workers,5244,Contact Centre Salespersons,5244.0203,Collections Executive,03
5,Service and Sales Workers,52,Sales Workers,524,Other Sales Workers,5244,Contact Centre Salespersons,5244.0301,Customer Care Executive,01
5,Service and Sales Workers,52,Sales Workers,524,Other Sales Workers,5244,Contact Centre Salespersons,5244.0302,Remote Helpdesk Technician,02
5,Service and Sales Workers,52,Sales Workers,524,Other Sales Workers,5244,Contact Centre Salespersons,5244.0303,Customer Care Executive (Call Centre),03
5,Service and Sales Workers,52,Sales Workers,524,Other Sales Workers,5245,Service Station Attendants,5245.0101,Petrol Pump Salesman/Fuel Serviceman/Fuel Dispensing Attendant,01
5,Service and Sales Workers,52,Sales Workers,524,Other Sales Workers,5249,Sales Workers Not Elsewhere Classified,5249.0101,Key Account Service Manager,01
5,Service and Sales Workers,52,Sales Workers,524,Other Sales Workers,5249,Sales Workers Not Elsewhere Classified,5249.0200,"Salesman, Wholesale Trade",00
5,Service and Sales Workers,52,Sales Workers,524,Other Sales Workers,5249,Sales Workers Not Elsewhere Classified,5249.0201,Commercial Manager (Zonal/Regional),01
5,Service and Sales Workers,52,Sales Workers,524,Other Sales Workers,5249,Sales Workers Not Elsewhere Classified,5249.0202,Commercial Executive/Officer,02
5,Service and Sales Workers,52,Sales Workers,524,Other Sales Workers,5249,Sales Workers Not Elsewhere Classified,5249.0301,"Salesman, Retail Trade",01
5,Service and Sales Workers,52,Sales Workers,524,Other Sales Workers,5249,Sales Workers Not Elsewhere Classified,5249.0400,Wholesale Dealer,00
5,Service and Sales Workers,52,Sales Workers,524,Other Sales Workers,5249,Sales Workers Not Elsewhere Classified,5249.0500,Retail Dealer,00
5,Service and Sales Workers,52,Sales Workers,524,Other Sales Workers,5249,Sales Workers Not Elsewhere Classified,5249.0600,Selling Agent,00
5,Service and Sales Workers,52,Sales Workers,524,Other Sales Workers,5249,Sales Workers Not Elsewhere Classified,5249.0700,Stockist,00
5,Service and Sales Workers,53,Personal Care Workers,531,Child Care Workers and Teachers' Aides,5311,Child Care Workers,5311.0100,"Ayah, Institutional",00
5,Service and Sales Workers,53,Personal Care Workers,531,Child Care Workers and Teachers' Aides,5311,Child Care Workers,5311.0200,Child Care Worker,00
5,Service and Sales Workers,53,Personal Care Workers,531,Child Care Workers and Teachers' Aides,5311,Child Care Workers,5311.0300,Governess,00
5,Service and Sales Workers,53,Personal Care Workers,531,Child Care Workers and Teachers' Aides,5311,Child Care Workers,5311.0400,"Ayah, Domestic",00
5,Service and Sales Workers,53,Personal Care Workers,531,Child Care Workers and Teachers' Aides,5311,Child Care Workers,5311.9900,"Child Care Workers, Other",00
5,Service and Sales Workers,53,Personal Care Workers,532,Personal Care Workers in Health Services,5322,Home-Based Personal Care Workers,5322.0101,Home Health Aide,01
5,Service and Sales Workers,53,Personal Care Workers,532,Personal Care Workers in Health Services,5322,Home-Based Personal Care Workers,5322.9900,"Home-Based Personal Care Workers, Other",00
5,Service and Sales Workers,53,Personal Care Workers,532,Personal Care Workers in Health Services,5329,Personal Care Workers in Health Services Not Elsewhere Classified,5329.0101,General Duty Assistant,01
5,Service and Sales Workers,54,Protective Service Workers,541,Protective Service Workers,5411,Fire Fighters,5411.0100,Fire Fighter,00
5,Service and Sales Workers,54,Protective Service Workers,541,Protective Service Workers,5411,Fire Fighters,5411.9900,"Fire Fighters, Other",00
5,Service and Sales Workers,54,Protective Service Workers,541,Protective Service Workers,5412,Police Officers,5412.0100,Police Constable,00
5,Service and Sales Workers,54,Protective Service Workers,541,Protective Service Workers,5412,Police Officers,5412.0200,"Sepoy, Customs",00
5,Service and Sales Workers,54,Protective Service Workers,541,Protective Service Workers,5412,Police Officers,5412.0300,"Constable, Excise",00
5,Service and Sales Workers,54,Protective Service Workers,541,Protective Service Workers,5412,Police Officers,5412.9900,"Police Officers, Other",00
5,Service and Sales Workers,54,Protective Service Workers,541,Protective Service Workers,5413,Prison Guards,5413.0100,"Warder, Jail",00
5,Service and Sales Workers,54,Protective Service Workers,541,Protective Service Workers,5413,Prison Guards,5413.9900,"Prison Guards, Other",00
5,Service and Sales Workers,54,Protective Service Workers,541,Protective Service Workers,5414,Security Guards,5414.0101,Security Officer,01
5,Service and Sales Workers,54,Protective Service Workers,541,Protective Service Workers,5414,Security Guards,5414.0102,Assignment Manager,02
5,Service and Sales Workers,54,Protective Service Workers,541,Protective Service Workers,5414,Security Guards,5414.0111,Security Supervisor,11
5,Service and Sales Workers,54,Protective Service Workers,541,Protective Service Workers,5414,Security Guards,5414.0121,CCTV Supervisor,21
5,Service and Sales Workers,54,Protective Service Workers,541,Protective Service Workers,5414,Security Guards,5414.0151,Armed Security Guard,51
5,Service and Sales Workers,54,Protective Service Workers,541,Protective Service Workers,5414,Security Guards,5414.0171,Personal Security Officer,71
5,Service and Sales Workers,54,Protective Service Workers,541,Protective Service Workers,5414,Security Guards,5414.0200,Home Guard,00
5,Service and Sales Workers,54,Protective Service Workers,541,Protective Service Workers,5414,Security Guards,5414.0400,Watchman,00
5,Service and Sales Workers,54,Protective Service Workers,541,Protective Service Workers,5414,Security Guards,5414.0501,Gateman/Unarmed Security Guard,01
6,"Skilled Agricultural, Forestry and Fishery Workers",61,Market-Oriented Skilled Agricultural Workers,611,Market Gardeners & Crop Growers,6111,Field Crop and Vegetable Growers,6111.0100,"Cultivator, General",00
6,"Skilled Agricultural, Forestry and Fishery Workers",61,Market-Oriented Skilled Agricultural Workers,611,Market Gardeners & Crop Growers,6111,Field Crop and Vegetable Growers,6111.0101,Paddy Farmer,01
6,"Skilled Agricultural, Forestry and Fishery Workers",61,Market-Oriented Skilled Agricultural Workers,611,Market Gardeners & Crop Growers,6111,Field Crop and Vegetable Growers,6111.0200,"Cultivator, Crop",00
6,"Skilled Agricultural, Forestry and Fishery Workers",61,Market-Oriented Skilled Agricultural Workers,611,Market Gardeners & Crop Growers,6111,Field Crop and Vegetable Growers,6111.0201,Wheat Cultivator,01
6,"Skilled Agricultural, Forestry and Fishery Workers",61,Market-Oriented Skilled Agricultural Workers,611,Market Gardeners & Crop Growers,6111,Field Crop and Vegetable Growers,6111.0301,Maize Cultivator,01
6,"Skilled Agricultural, Forestry and Fishery Workers",61,Market-Oriented Skilled Agricultural Workers,611,Market Gardeners & Crop Growers,6111,Field Crop and Vegetable Growers,6111.0401,Pulses Cultivator,01
6,"Skilled Agricultural, Forestry and Fishery Workers",61,Market-Oriented Skilled Agricultural Workers,611,Market Gardeners & Crop Growers,6111,Field Crop and Vegetable Growers,6111.0501,Soybean Cultivator,01
6,"Skilled Agricultural, Forestry and Fishery Workers",61,Market-Oriented Skilled Agricultural Workers,611,Market Gardeners & Crop Growers,6111,Field Crop and Vegetable Growers,6111.0601,Cotton Cultivator,01
6,"Skilled Agricultural, Forestry and Fishery Workers",61,Market-Oriented Skilled Agricultural Workers,611,Market Gardeners & Crop Growers,6111,Field Crop and Vegetable Growers,6111.0701,Sugarcane Cultivator,01
6,"Skilled Agricultural, Forestry and Fishery Workers",61,Market-Oriented Skilled Agricultural Workers,611,Market Gardeners & Crop Growers,6111,Field Crop and Vegetable Growers,6111.0800,"Cultivator, Fruit",00
6,"Skilled Agricultural, Forestry and Fishery Workers",61,Market-Oriented Skilled Agricultural Workers,611,Market Gardeners & Crop Growers,6111,Field Crop and Vegetable Growers,6111.0851,Coconut Grower,51
6,"Skilled Agricultural, Forestry and Fishery Workers",61,Market-Oriented Skilled Agricultural Workers,611,Market Gardeners & Crop Growers,6111,Field Crop and Vegetable Growers,6111.0852,Friends of Coconut Tree,52
6,"Skilled Agricultural, Forestry and Fishery Workers",61,Market-Oriented Skilled Agricultural Workers,611,Market Gardeners & Crop Growers,6111,Field Crop and Vegetable Growers,6111.0901,Banana Farmer,01
6,"Skilled Agricultural, Forestry and Fishery Workers",61,Market-Oriented Skilled Agricultural Workers,611,Market Gardeners & Crop Growers,6111,Field Crop and Vegetable Growers,6111.1001,Mango Grower,01
6,"Skilled Agricultural, Forestry and Fishery Workers",61,Market-Oriented Skilled Agricultural Workers,611,Market Gardeners & Crop Growers,6111,Field Crop and Vegetable Growers,6111.1101,Citrus Fruit Grower,01
6,"Skilled Agricultural, Forestry and Fishery Workers",61,Market-Oriented Skilled Agricultural Workers,611,Market Gardeners & Crop Growers,6111,Field Crop and Vegetable Growers,6111.1200,Viniculturist,00
6,"Skilled Agricultural, Forestry and Fishery Workers",61,Market-Oriented Skilled Agricultural Workers,611,Market Gardeners & Crop Growers,6111,Field Crop and Vegetable Growers,6111.1300,"Cultivator, Vegetables",00
6,"Skilled Agricultural, Forestry and Fishery Workers",61,Market-Oriented Skilled Agricultural Workers,611,Market Gardeners & Crop Growers,6111,Field Crop and Vegetable Growers,6111.1401,Bulb Crop Cultivator,01
6,"Skilled Agricultural, Forestry and Fishery Workers",61,Market-Oriented Skilled Agricultural Workers,611,Market Gardeners & Crop Growers,6111,Field Crop and Vegetable Growers,6111.1501,Solanaceous Crop Cultivator,01
6,"Skilled Agricultural, Forestry and Fishery Workers",61,Market-Oriented Skilled Agricultural Workers,611,Market Gardeners & Crop Growers,6111,Field Crop and Vegetable Growers,6111.1601,Tuber Crop Cultivator,01
6,"Skilled Agricultural, Forestry and Fishery Workers",61,Market-Oriented Skilled Agricultural Workers,611,Market Gardeners & Crop Growers,6111,Field Crop and Vegetable Growers,6111.1801,Chillies Cultivator,01
6,"Skilled Agricultural, Forestry and Fishery Workers",61,Market-Oriented Skilled Agricultural Workers,611,Market Gardeners & Crop Growers,6111,Field Crop and Vegetable Growers,6111.1901,Coriander Cultivator,01
6,"Skilled Agricultural, Forestry and Fishery Workers",61,Market-Oriented Skilled Agricultural Workers,611,Market Gardeners & Crop Growers,6111,Field Crop and Vegetable Growers,6111.2000,"Fieldman, Agriculture",00
6,"Skilled Agricultural, Forestry and Fishery Workers",61,Market-Oriented Skilled Agricultural Workers,611,Market Gardeners & Crop Growers,6111,Field Crop and Vegetable Growers,6111.9900,"Field Crop and Vegetable Growers, Other",00
6,"Skilled Agricultural, Forestry and Fishery Workers",61,Market-Oriented Skilled Agricultural Workers,611,Market Gardeners & Crop Growers,6112,Tree and Shrub Crop Growers,6112.0100,"Pruner, Tea Gardens",00
6,"Skilled Agricultural, Forestry and Fishery Workers",61,Market-Oriented Skilled Agricultural Workers,611,Market Gardeners & Crop Growers,6112,Tree and Shrub Crop Growers,6112.0200,"Tapper, Palm Juice",00
6,"Skilled Agricultural, Forestry and Fishery Workers",61,Market-Oriented Skilled Agricultural Workers,611,Market Gardeners & Crop Growers,6112,Tree and Shrub Crop Growers,6112.0201,Neera Technician,01
6,"Skilled Agricultural, Forestry and Fishery Workers",61,Market-Oriented Skilled Agricultural Workers,611,Market Gardeners & Crop Growers,6112,Tree and Shrub Crop Growers,6112.0300,"Tapper, Rubber",00
6,"Skilled Agricultural, Forestry and Fishery Workers",61,Market-Oriented Skilled Agricultural Workers,611,Market Gardeners & Crop Growers,6112,Tree and Shrub Crop Growers,6112.0400,Budder,00
6,"Skilled Agricultural, Forestry and Fishery Workers",61,Market-Oriented Skilled Agricultural Workers,611,Market Gardeners & Crop Growers,6112,Tree and Shrub Crop Growers,6112.0501,Tea Plantation Worker,01
6,"Skilled Agricultural, Forestry and Fishery Workers",61,Market-Oriented Skilled Agricultural Workers,611,Market Gardeners & Crop Growers,6112,Tree and Shrub Crop Growers,6112.0601,Coffee Plantation Worker,01
6,"Skilled Agricultural, Forestry and Fishery Workers",61,Market-Oriented Skilled Agricultural Workers,611,Market Gardeners & Crop Growers,6112,Tree and Shrub Crop Growers,6112.0701,Bamboo Grower,01
6,"Skilled Agricultural, Forestry and Fishery Workers",61,Market-Oriented Skilled Agricultural Workers,611,Market Gardeners & Crop Growers,6112,Tree and Shrub Crop Growers,6112.0801,Rubber Nursery Worker – Budder,01
6,"Skilled Agricultural, Forestry and Fishery Workers",61,Market-Oriented Skilled Agricultural Workers,611,Market Gardeners & Crop Growers,6112,Tree and Shrub Crop Growers,6112.0802,Rubber Nursery Worker – General,02
6,"Skilled Agricultural, Forestry and Fishery Workers",61,Market-Oriented Skilled Agricultural Workers,611,Market Gardeners & Crop Growers,6112,Tree and Shrub Crop Growers,6112.9900,"Tree and Shrub Crop Growers, Other",00
6,"Skilled Agricultural, Forestry and Fishery Workers",61,Market-Oriented Skilled Agricultural Workers,611,Market Gardeners & Crop Growers,6113,"Gardeners, Horticultural and Nursery Growers",6113.0100,Planter,00
6,"Skilled Agricultural, Forestry and Fishery Workers",61,Market-Oriented Skilled Agricultural Workers,611,Market Gardeners & Crop Growers,6113,"Gardeners, Horticultural and Nursery Growers",6113.0200,Nurseryman,00
6,"Skilled Agricultural, Forestry and Fishery Workers",61,Market-Oriented Skilled Agricultural Workers,611,Market Gardeners & Crop Growers,6113,"Gardeners, Horticultural and Nursery Growers",6113.0301,"Gardener, General",01
6,"Skilled Agricultural, Forestry and Fishery Workers",61,Market-Oriented Skilled Agricultural Workers,611,Market Gardeners & Crop Growers,6113,"Gardeners, Horticultural and Nursery Growers",6113.0400,Groundsman,00
6,"Skilled Agricultural, Forestry and Fishery Workers",61,Market-Oriented Skilled Agricultural Workers,611,Market Gardeners & Crop Growers,6113,"Gardeners, Horticultural and Nursery Growers",6113.0501,Greenhouse Fitter,01
6,"Skilled Agricultural, Forestry and Fishery Workers",61,Market-Oriented Skilled Agricultural Workers,611,Market Gardeners & Crop Growers,6113,"Gardeners, Horticultural and Nursery Growers",6113.0601,Floriculturist – (Open Cultivation),01
6,"Skilled Agricultural, Forestry and Fishery Workers",61,Market-Oriented Skilled Agricultural Workers,611,Market Gardeners & Crop Growers,6113,"Gardeners, Horticultural and Nursery Growers",6113.0602,Floriculturist – (Protected Cultivation),02
6,"Skilled Agricultural, Forestry and Fishery Workers",61,Market-Oriented Skilled Agricultural Workers,611,Market Gardeners & Crop Growers,6113,"Gardeners, Horticultural and Nursery Growers",6113.9900,"Nursery Workers and Gardeners, Other",00
6,"Skilled Agricultural, Forestry and Fishery Workers",61,Market-Oriented Skilled Agricultural Workers,611,Market Gardeners & Crop Growers,6114,Mixed Crop Growers,6114.9900,"Mixed Crop Growers, Other",00
6,"Skilled Agricultural, Forestry and Fishery Workers",61,Market-Oriented Skilled Agricultural Workers,611,Market Gardeners & Crop Growers,6116,Agriculture Information Management,6116.0101,Agriculture Extension Executive,01
6,"Skilled Agricultural, Forestry and Fishery Workers",61,Market-Oriented Skilled Agricultural Workers,611,Market Gardeners & Crop Growers,6116,Agriculture Information Management,6116.0102,Agriculture Extension Service Provider,02
6,"Skilled Agricultural, Forestry and Fishery Workers",61,Market-Oriented Skilled Agricultural Workers,611,Market Gardeners & Crop Growers,6116,Agriculture Information Management,6116.0112,Community Service Provider,12
6,"Skilled Agricultural, Forestry and Fishery Workers",61,Market-Oriented Skilled Agricultural Workers,612,Animal Producers,6121,Livestock and Dairy Producers,6121.0100,"Farmer, Livestock",00
6,"Skilled Agricultural, Forestry and Fishery Workers",61,Market-Oriented Skilled Agricultural Workers,612,Animal Producers,6121,Livestock and Dairy Producers,6121.0201,"Farmer, Dairy/Dairy Farmer/Entrepreneur",01
6,"Skilled Agricultural, Forestry and Fishery Workers",61,Market-Oriented Skilled Agricultural Workers,612,Animal Producers,6121,Livestock and Dairy Producers,6121.0300,"Livestock Worker, General",00
6,"Skilled Agricultural, Forestry and Fishery Workers",61,Market-Oriented Skilled Agricultural Workers,612,Animal Producers,6121,Livestock and Dairy Producers,6121.0400,Herdsman,00
6,"Skilled Agricultural, Forestry and Fishery Workers",61,Market-Oriented Skilled Agricultural Workers,612,Animal Producers,6121,Livestock and Dairy Producers,6121.0500,Livestock Workers/Other Livestock Workers,00
6,"Skilled Agricultural, Forestry and Fishery Workers",61,Market-Oriented Skilled Agricultural Workers,612,Animal Producers,6121,Livestock and Dairy Producers,6121.0601,"Dairy Farm Worker, General/Dairy Worker",01
6,"Skilled Agricultural, Forestry and Fishery Workers",61,Market-Oriented Skilled Agricultural Workers,612,Animal Producers,6121,Livestock and Dairy Producers,6121.0700,Milker,00
6,"Skilled Agricultural, Forestry and Fishery Workers",61,Market-Oriented Skilled Agricultural Workers,612,Animal Producers,6121,Livestock and Dairy Producers,6121.0800,"Milker, Machine",00
6,"Skilled Agricultural, Forestry and Fishery Workers",61,Market-Oriented Skilled Agricultural Workers,612,Animal Producers,6121,Livestock and Dairy Producers,6121.1000,Stableman,00
6,"Skilled Agricultural, Forestry and Fishery Workers",61,Market-Oriented Skilled Agricultural Workers,612,Animal Producers,6121,Livestock and Dairy Producers,6121.1100,Elephant Keeper,00
6,"Skilled Agricultural, Forestry and Fishery Workers",61,Market-Oriented Skilled Agricultural Workers,612,Animal Producers,6121,Livestock and Dairy Producers,6121.1200,"Shearer, Sheep",00
6,"Skilled Agricultural, Forestry and Fishery Workers",61,Market-Oriented Skilled Agricultural Workers,612,Animal Producers,6121,Livestock and Dairy Producers,6121.1300,"Shearer, Animal, Other/Shearer, Other Animals",00
6,"Skilled Agricultural, Forestry and Fishery Workers",61,Market-Oriented Skilled Agricultural Workers,612,Animal Producers,6121,Livestock and Dairy Producers,6121.1400,Grass Cutter,00
6,"Skilled Agricultural, Forestry and Fishery Workers",61,Market-Oriented Skilled Agricultural Workers,612,Animal Producers,6121,Livestock and Dairy Producers,6121.9900,"Dairy and Livestock Producers, Other",00
6,"Skilled Agricultural, Forestry and Fishery Workers",61,Market-Oriented Skilled Agricultural Workers,612,Animal Producers,6122,Poultry Producers,6122.0101,"Farmer, Poultry/Broiler Farm Supervisor",01
6,"Skilled Agricultural, Forestry and Fishery Workers",61,Market-Oriented Skilled Agricultural Workers,612,Animal Producers,6122,Poultry Producers,6122.0200,"Farmer, Poultry Breeding",00
6,"Skilled Agricultural, Forestry and Fishery Workers",61,Market-Oriented Skilled Agricultural Workers,612,Animal Producers,6122,Poultry Producers,6122.0301,"Poultry Farm Worker, General/Broiler Farm Worker",01
6,"Skilled Agricultural, Forestry and Fishery Workers",61,Market-Oriented Skilled Agricultural Workers,612,Animal Producers,6122,Poultry Producers,6122.0401,Hatchery Operator/Hatchery In-Charge,01
6,"Skilled Agricultural, Forestry and Fishery Workers",61,Market-Oriented Skilled Agricultural Workers,612,Animal Producers,6122,Poultry Producers,6122.9900,"Poultry Farm Workers, Other",00
6,"Skilled Agricultural, Forestry and Fishery Workers",61,Market-Oriented Skilled Agricultural Workers,612,Animal Producers,6123,Apiarists and Sericulturists,6123.0101,Beekeeper,01
6,"Skilled Agricultural, Forestry and Fishery Workers",61,Market-Oriented Skilled Agricultural Workers,612,Animal Producers,6123,Apiarists and Sericulturists,6123.0201,"Rearer, Silkworm/ Sericulturist",01
6,"Skilled Agricultural, Forestry and Fishery Workers",61,Market-Oriented Skilled Agricultural Workers,612,Animal Producers,6123,Apiarists and Sericulturists,6123.9900,"Apiarists and Sericulturists, Other",00
6,"Skilled Agricultural, Forestry and Fishery Workers",61,Market-Oriented Skilled Agricultural Workers,612,Animal Producers,6129,Animal Producers Not Elsewhere Classified,6129.0100,"Farmer, Fur-Bearing Animals",00
6,"Skilled Agricultural, Forestry and Fishery Workers",61,Market-Oriented Skilled Agricultural Workers,612,Animal Producers,6129,Animal Producers Not Elsewhere Classified,6129.0200,Mixed Animal Producers,00
6,"Skilled Agricultural, Forestry and Fishery Workers",61,Market-Oriented Skilled Agricultural Workers,612,Animal Producers,6129,Animal Producers Not Elsewhere Classified,6129.9900,"Animal Producers and Related Workers, Other",00
6,"Skilled Agricultural, Forestry and Fishery Workers",61,Market-Oriented Skilled Agricultural Workers,613,Mixed Crop and Animal Workers,6130,Mixed Crop and Animal Workers,6130.0100,Artificial Breeding Technician,00
6,"Skilled Agricultural, Forestry and Fishery Workers",61,Market-Oriented Skilled Agricultural Workers,613,Mixed Crop and Animal Workers,6130,Mixed Crop and Animal Workers,6130.0201,Seed Grower/Quality Seed Grower,01
6,"Skilled Agricultural, Forestry and Fishery Workers",61,Market-Oriented Skilled Agricultural Workers,613,Mixed Crop and Animal Workers,6130,Mixed Crop and Animal Workers,6130.0202,Seed Processing Worker,02
6,"Skilled Agricultural, Forestry and Fishery Workers",61,Market-Oriented Skilled Agricultural Workers,613,Mixed Crop and Animal Workers,6130,Mixed Crop and Animal Workers,6130.9900,"Mixed Crop and Animal Workers, Other",00
6,"Skilled Agricultural, Forestry and Fishery Workers",62,"Market-Oriented Skilled Forestry, Fishery and Hunting Workers",621,Forestry and Related Workers,6210,Forestry and Related Workers,6210.0100,Forester,00
6,"Skilled Agricultural, Forestry and Fishery Workers",62,"Market-Oriented Skilled Forestry, Fishery and Hunting Workers",621,Forestry and Related Workers,6210,Forestry and Related Workers,6210.0200,Forest Guard,00
6,"Skilled Agricultural, Forestry and Fishery Workers",62,"Market-Oriented Skilled Forestry, Fishery and Hunting Workers",621,Forestry and Related Workers,6210,Forestry and Related Workers,6210.0300,Forest Fire Watcher,00
6,"Skilled Agricultural, Forestry and Fishery Workers",62,"Market-Oriented Skilled Forestry, Fishery and Hunting Workers",621,Forestry and Related Workers,6210,Forestry and Related Workers,6210.0400,Foresters and Related Workers,00
6,"Skilled Agricultural, Forestry and Fishery Workers",62,"Market-Oriented Skilled Forestry, Fishery and Hunting Workers",621,Forestry and Related Workers,6210,Forestry and Related Workers,6210.0500,Gatherer Lac,00
6,"Skilled Agricultural, Forestry and Fishery Workers",62,"Market-Oriented Skilled Forestry, Fishery and Hunting Workers",621,Forestry and Related Workers,6210,Forestry and Related Workers,6210.0600,"Gatherer, Medicinal Herbs",00
6,"Skilled Agricultural, Forestry and Fishery Workers",62,"Market-Oriented Skilled Forestry, Fishery and Hunting Workers",621,Forestry and Related Workers,6210,Forestry and Related Workers,6210.0700,"Gatherer, Firewood",00
6,"Skilled Agricultural, Forestry and Fishery Workers",62,"Market-Oriented Skilled Forestry, Fishery and Hunting Workers",621,Forestry and Related Workers,6210,Forestry and Related Workers,6210.0800,Cane Cutter,00
6,"Skilled Agricultural, Forestry and Fishery Workers",62,"Market-Oriented Skilled Forestry, Fishery and Hunting Workers",621,Forestry and Related Workers,6210,Forestry and Related Workers,6210.0900,Thatch Cutter,00
6,"Skilled Agricultural, Forestry and Fishery Workers",62,"Market-Oriented Skilled Forestry, Fishery and Hunting Workers",621,Forestry and Related Workers,6210,Forestry and Related Workers,6210.1000,Log Feller,00
6,"Skilled Agricultural, Forestry and Fishery Workers",62,"Market-Oriented Skilled Forestry, Fishery and Hunting Workers",621,Forestry and Related Workers,6210,Forestry and Related Workers,6210.1100,Wood Cutter,00
6,"Skilled Agricultural, Forestry and Fishery Workers",62,"Market-Oriented Skilled Forestry, Fishery and Hunting Workers",621,Forestry and Related Workers,6210,Forestry and Related Workers,6210.1200,"Marker, Log",00
6,"Skilled Agricultural, Forestry and Fishery Workers",62,"Market-Oriented Skilled Forestry, Fishery and Hunting Workers",621,Forestry and Related Workers,6210,Forestry and Related Workers,6210.1300,Sandalwood Extractor,00
6,"Skilled Agricultural, Forestry and Fishery Workers",62,"Market-Oriented Skilled Forestry, Fishery and Hunting Workers",621,Forestry and Related Workers,6210,Forestry and Related Workers,6210.1400,"Estimator, Timber",00
6,"Skilled Agricultural, Forestry and Fishery Workers",62,"Market-Oriented Skilled Forestry, Fishery and Hunting Workers",621,Forestry and Related Workers,6210,Forestry and Related Workers,6210.1500,"Sorter, Timber",00
6,"Skilled Agricultural, Forestry and Fishery Workers",62,"Market-Oriented Skilled Forestry, Fishery and Hunting Workers",621,Forestry and Related Workers,6210,Forestry and Related Workers,6210.1600,Log Driver,00
6,"Skilled Agricultural, Forestry and Fishery Workers",62,"Market-Oriented Skilled Forestry, Fishery and Hunting Workers",621,Forestry and Related Workers,6210,Forestry and Related Workers,6210.1700,"Charcoal Burner, Wood",00
6,"Skilled Agricultural, Forestry and Fishery Workers",62,"Market-Oriented Skilled Forestry, Fishery and Hunting Workers",621,Forestry and Related Workers,6210,Forestry and Related Workers,6210.1800,"Digester Operator, Wood",00
6,"Skilled Agricultural, Forestry and Fishery Workers",62,"Market-Oriented Skilled Forestry, Fishery and Hunting Workers",621,Forestry and Related Workers,6210,Forestry and Related Workers,6210.1900,"Distiller, Turpentine and Eucalyptus",00
6,"Skilled Agricultural, Forestry and Fishery Workers",62,"Market-Oriented Skilled Forestry, Fishery and Hunting Workers",621,Forestry and Related Workers,6210,Forestry and Related Workers,6210.2000,Lac Treater,00
6,"Skilled Agricultural, Forestry and Fishery Workers",62,"Market-Oriented Skilled Forestry, Fishery and Hunting Workers",621,Forestry and Related Workers,6210,Forestry and Related Workers,6210.9900,"Forestry and Related Workers, Other",00
6,"Skilled Agricultural, Forestry and Fishery Workers",62,"Market-Oriented Skilled Forestry, Fishery and Hunting Workers",622,"Fishery Workers, Hunters and Trappers",6221,Aquaculture Workers,6221.0101,Shrimp Farmer,01
6,"Skilled Agricultural, Forestry and Fishery Workers",62,"Market-Oriented Skilled Forestry, Fishery and Hunting Workers",622,"Fishery Workers, Hunters and Trappers",6221,Aquaculture Workers,6221.0102,Hatchery Production Worker,02
6,"Skilled Agricultural, Forestry and Fishery Workers",62,"Market-Oriented Skilled Forestry, Fishery and Hunting Workers",622,"Fishery Workers, Hunters and Trappers",6222,Inland and Coastal Waters Fishery Workers,6222.0100,"Fisherman, Inland Water",00
6,"Skilled Agricultural, Forestry and Fishery Workers",62,"Market-Oriented Skilled Forestry, Fishery and Hunting Workers",622,"Fishery Workers, Hunters and Trappers",6222,Inland and Coastal Waters Fishery Workers,6222.0200,"Fisherman, Estuaries, Coastal and Backwater",00
6,"Skilled Agricultural, Forestry and Fishery Workers",62,"Market-Oriented Skilled Forestry, Fishery and Hunting Workers",622,"Fishery Workers, Hunters and Trappers",6222,Inland and Coastal Waters Fishery Workers,6222.9900,"Inland and Coastal Water Fishery Workers, Other",00
6,"Skilled Agricultural, Forestry and Fishery Workers",62,"Market-Oriented Skilled Forestry, Fishery and Hunting Workers",622,"Fishery Workers, Hunters and Trappers",6223,Deep Sea Fishery Workers,6223.0101,"Fisherman, Deep Sea/Marine Capture Fisherman",01
6,"Skilled Agricultural, Forestry and Fishery Workers",62,"Market-Oriented Skilled Forestry, Fishery and Hunting Workers",622,"Fishery Workers, Hunters and Trappers",6223,Deep Sea Fishery Workers,6223.9900,"Deep Sea Fishery Workers, Other",00
6,"Skilled Agricultural, Forestry and Fishery Workers",62,"Market-Oriented Skilled Forestry, Fishery and Hunting Workers",622,"Fishery Workers, Hunters and Trappers",6224,Hunters and Trappers,6224.0300,Trapper,00
6,"Skilled Agricultural, Forestry and Fishery Workers",62,"Market-Oriented Skilled Forestry, Fishery and Hunting Workers",622,"Fishery Workers, Hunters and Trappers",6224,Hunters and Trappers,6224.0400,Tracker,00
6,"Skilled Agricultural, Forestry and Fishery Workers",62,"Market-Oriented Skilled Forestry, Fishery and Hunting Workers",622,"Fishery Workers, Hunters and Trappers",6224,Hunters and Trappers,6224.0500,Fish Overseer,00
6,"Skilled Agricultural, Forestry and Fishery Workers",62,"Market-Oriented Skilled Forestry, Fishery and Hunting Workers",622,"Fishery Workers, Hunters and Trappers",6224,Hunters and Trappers,6224.0600,Fisheries Inspector,00
6,"Skilled Agricultural, Forestry and Fishery Workers",62,"Market-Oriented Skilled Forestry, Fishery and Hunting Workers",622,"Fishery Workers, Hunters and Trappers",6224,Hunters and Trappers,6224.0700,"Fieldman, Fish",00
6,"Skilled Agricultural, Forestry and Fishery Workers",62,"Market-Oriented Skilled Forestry, Fishery and Hunting Workers",622,"Fishery Workers, Hunters and Trappers",6224,Hunters and Trappers,6224.0800,Yard Officer,00
6,"Skilled Agricultural, Forestry and Fishery Workers",62,"Market-Oriented Skilled Forestry, Fishery and Hunting Workers",622,"Fishery Workers, Hunters and Trappers",6224,Hunters and Trappers,6224.0900,Fish Hatcher,00
6,"Skilled Agricultural, Forestry and Fishery Workers",62,"Market-Oriented Skilled Forestry, Fishery and Hunting Workers",622,"Fishery Workers, Hunters and Trappers",6224,Hunters and Trappers,6224.1000,Fish Curer,00
6,"Skilled Agricultural, Forestry and Fishery Workers",62,"Market-Oriented Skilled Forestry, Fishery and Hunting Workers",622,"Fishery Workers, Hunters and Trappers",6224,Hunters and Trappers,6224.1100,Fish Meal Maker,00
6,"Skilled Agricultural, Forestry and Fishery Workers",62,"Market-Oriented Skilled Forestry, Fishery and Hunting Workers",622,"Fishery Workers, Hunters and Trappers",6224,Hunters and Trappers,6224.1200,Rock Pilot,00
6,"Skilled Agricultural, Forestry and Fishery Workers",62,"Market-Oriented Skilled Forestry, Fishery and Hunting Workers",622,"Fishery Workers, Hunters and Trappers",6224,Hunters and Trappers,6224.1300,Man Duck,00
6,"Skilled Agricultural, Forestry and Fishery Workers",62,"Market-Oriented Skilled Forestry, Fishery and Hunting Workers",622,"Fishery Workers, Hunters and Trappers",6224,Hunters and Trappers,6224.1400,Net Maker,00
6,"Skilled Agricultural, Forestry and Fishery Workers",62,"Market-Oriented Skilled Forestry, Fishery and Hunting Workers",622,"Fishery Workers, Hunters and Trappers",6224,Hunters and Trappers,6224.9900,"Hunters and Trappers, Other",00
6,"Skilled Agricultural, Forestry and Fishery Workers",63,"Subsistence Farmers, Fishers, Hunters and Gatherers",631,Subsistence Crop Farmers,6310,Subsistence Crop Farmers,6310.0100,Tree Trimmer and Pruner,00
6,"Skilled Agricultural, Forestry and Fishery Workers",63,"Subsistence Farmers, Fishers, Hunters and Gatherers",631,Subsistence Crop Farmers,6310,Subsistence Crop Farmers,6310.9900,"Subsistence Crop Farmers, Others",00
7,Craft and Related Trades Workers,71,Building and Related Trade Workers (Excluding Electricians),711,Building Frames and Related Trades Workers,7111,House Builders,7111.0100,Hut Maker,00
7,Craft and Related Trades Workers,71,Building and Related Trade Workers (Excluding Electricians),711,Building Frames and Related Trades Workers,7111,House Builders,7111.0200,Thatcher,00
7,Craft and Related Trades Workers,71,Building and Related Trade Workers (Excluding Electricians),711,Building Frames and Related Trades Workers,7111,House Builders,7111.9900,"Builders, Traditional Materials, Other",00
7,Craft and Related Trades Workers,71,Building and Related Trade Workers (Excluding Electricians),711,Building Frames and Related Trades Workers,7112,Bricklayers and Related Workers,7112.0100,Stone Mason,00
7,Craft and Related Trades Workers,71,Building and Related Trade Workers (Excluding Electricians),711,Building Frames and Related Trades Workers,7112,Bricklayers and Related Workers,7112.0200,"Bricklayerer, Construction",00
7,Craft and Related Trades Workers,71,Building and Related Trade Workers (Excluding Electricians),711,Building Frames and Related Trades Workers,7112,Bricklayers and Related Workers,7112.0201,Plumbing Mason,01
7,Craft and Related Trades Workers,71,Building and Related Trade Workers (Excluding Electricians),711,Building Frames and Related Trades Workers,7112,Bricklayers and Related Workers,7112.0300,"Bricklayer, Refractory",00
7,Craft and Related Trades Workers,71,Building and Related Trade Workers (Excluding Electricians),711,Building Frames and Related Trades Workers,7112,Bricklayers and Related Workers,7112.0400,Paviour,00
7,Craft and Related Trades Workers,71,Building and Related Trade Workers (Excluding Electricians),711,Building Frames and Related Trades Workers,7112,Bricklayers and Related Workers,7112.0500,Tar Supervisor,00
7,Craft and Related Trades Workers,71,Building and Related Trade Workers (Excluding Electricians),711,Building Frames and Related Trades Workers,7112,Bricklayers and Related Workers,7112.0601,Assistant Mason,01
7,Craft and Related Trades Workers,71,Building and Related Trade Workers (Excluding Electricians),711,Building Frames and Related Trades Workers,7112,Bricklayers and Related Workers,7112.9900,"Bricklayerers, Other",00
7,Craft and Related Trades Workers,71,Building and Related Trade Workers (Excluding Electricians),711,Building Frames and Related Trades Workers,7113,"Stonemasons, Stone Cutters, Splitters and Carvers",7113.0200,"Stone Cutter, Hand",00
7,Craft and Related Trades Workers,71,Building and Related Trade Workers (Excluding Electricians),711,Building Frames and Related Trades Workers,7113,"Stonemasons, Stone Cutters, Splitters and Carvers",7113.0300,"Stone Dresser, Hand",00
7,Craft and Related Trades Workers,71,Building and Related Trade Workers (Excluding Electricians),711,Building Frames and Related Trades Workers,7113,"Stonemasons, Stone Cutters, Splitters and Carvers",7113.0400,Stone Carver,00
7,Craft and Related Trades Workers,71,Building and Related Trade Workers (Excluding Electricians),711,Building Frames and Related Trades Workers,7113,"Stonemasons, Stone Cutters, Splitters and Carvers",7113.0500,"Stone Polisher, Hand",00
7,Craft and Related Trades Workers,71,Building and Related Trade Workers (Excluding Electricians),711,Building Frames and Related Trades Workers,7113,"Stonemasons, Stone Cutters, Splitters and Carvers",7113.9900,"Stone Splitters, Cutters and Carvers, Other",00
7,Craft and Related Trades Workers,71,Building and Related Trade Workers (Excluding Electricians),711,Building Frames and Related Trades Workers,7114,"Concrete Placers, Concrete Finishers and Related Workers",7114.0100,Concrete Moulder,00
7,Craft and Related Trades Workers,71,Building and Related Trade Workers (Excluding Electricians),711,Building Frames and Related Trades Workers,7114,"Concrete Placers, Concrete Finishers and Related Workers",7114.0200,Cement Finisher,00
7,Craft and Related Trades Workers,71,Building and Related Trade Workers (Excluding Electricians),711,Building Frames and Related Trades Workers,7114,"Concrete Placers, Concrete Finishers and Related Workers",7114.9900,"Concrete Placers, Concrete Finishers and Related Workers, Other",00
7,Craft and Related Trades Workers,71,Building and Related Trade Workers (Excluding Electricians),711,Building Frames and Related Trades Workers,7115,Carpenters and Joiners,7115.0100,"Carpenter, General",00
7,Craft and Related Trades Workers,71,Building and Related Trade Workers (Excluding Electricians),711,Building Frames and Related Trades Workers,7115,Carpenters and Joiners,7115.0200,"Carpenter, Construction",00
7,Craft and Related Trades Workers,71,Building and Related Trade Workers (Excluding Electricians),711,Building Frames and Related Trades Workers,7115,Carpenters and Joiners,7115.0201,Assistant Shuttering Carpenter,01
7,Craft and Related Trades Workers,71,Building and Related Trade Workers (Excluding Electricians),711,Building Frames and Related Trades Workers,7115,Carpenters and Joiners,7115.0300,"Carpenter, Structural",00
7,Craft and Related Trades Workers,71,Building and Related Trade Workers (Excluding Electricians),711,Building Frames and Related Trades Workers,7115,Carpenters and Joiners,7115.0400,"Carpenter, Village",00
7,Craft and Related Trades Workers,71,Building and Related Trade Workers (Excluding Electricians),711,Building Frames and Related Trades Workers,7115,Carpenters and Joiners,7115.0500,"Joiner, Wood",00
7,Craft and Related Trades Workers,71,Building and Related Trade Workers (Excluding Electricians),711,Building Frames and Related Trades Workers,7115,Carpenters and Joiners,7115.0600,"Loftsman, Ship Building",00
7,Craft and Related Trades Workers,71,Building and Related Trade Workers (Excluding Electricians),711,Building Frames and Related Trades Workers,7115,Carpenters and Joiners,7115.0700,Shipwright,00
7,Craft and Related Trades Workers,71,Building and Related Trade Workers (Excluding Electricians),711,Building Frames and Related Trades Workers,7115,Carpenters and Joiners,7115.0800,"Lascar Stager, Ship Building",00
7,Craft and Related Trades Workers,71,Building and Related Trade Workers (Excluding Electricians),711,Building Frames and Related Trades Workers,7115,Carpenters and Joiners,7115.1100,"Carpenter Worker, Boat Building",00
7,Craft and Related Trades Workers,71,Building and Related Trade Workers (Excluding Electricians),711,Building Frames and Related Trades Workers,7115,Carpenters and Joiners,7115.1200,"Carpenter, Boat Building",00
7,Craft and Related Trades Workers,71,Building and Related Trade Workers (Excluding Electricians),711,Building Frames and Related Trades Workers,7115,Carpenters and Joiners,7115.1300,"Caulker, Boat Building",00
7,Craft and Related Trades Workers,71,Building and Related Trade Workers (Excluding Electricians),711,Building Frames and Related Trades Workers,7115,Carpenters and Joiners,7115.9900,"Carpenters and Joiners Operatives, Other",00
7,Craft and Related Trades Workers,71,Building and Related Trade Workers (Excluding Electricians),711,Building Frames and Related Trades Workers,7119,Building Frame and Related Traders,7119.0100,Well Digger,00
7,Craft and Related Trades Workers,71,Building and Related Trade Workers (Excluding Electricians),711,Building Frames and Related Trades Workers,7119,Building Frame and Related Traders,7119.0200,White Washer,00
7,Craft and Related Trades Workers,71,Building and Related Trade Workers (Excluding Electricians),711,Building Frames and Related Trades Workers,7119,Building Frame and Related Traders,7119.0301,Assistant Scaffolder,01
7,Craft and Related Trades Workers,71,Building and Related Trade Workers (Excluding Electricians),711,Building Frames and Related Trades Workers,7119,Building Frame and Related Traders,7119.9900,"Building Frame and Related Trades Workers, Other",00
7,Craft and Related Trades Workers,71,Building and Related Trade Workers (Excluding Electricians),712,Building Finishers and Related Trades Workers,7121,Roofers,7121.0100,"Tile Layer, Roof",00
7,Craft and Related Trades Workers,71,Building and Related Trade Workers (Excluding Electricians),712,Building Finishers and Related Trades Workers,7121,Roofers,7121.9900,"Roofers, Other",00
7,Craft and Related Trades Workers,71,Building and Related Trade Workers (Excluding Electricians),712,Building Finishers and Related Trades Workers,7122,Floor Layers and Tile Setters,7122.0100,Tile Setter,00
7,Craft and Related Trades Workers,71,Building and Related Trade Workers (Excluding Electricians),712,Building Finishers and Related Trades Workers,7122,Floor Layers and Tile Setters,7122.0200,Concrete Mixer (Mosaic Tile),00
7,Craft and Related Trades Workers,71,Building and Related Trade Workers (Excluding Electricians),712,Building Finishers and Related Trades Workers,7122,Floor Layers and Tile Setters,7122.0300,Tile Presser (Mosaic),00
7,Craft and Related Trades Workers,71,Building and Related Trade Workers (Excluding Electricians),712,Building Finishers and Related Trades Workers,7122,Floor Layers and Tile Setters,7122.0400,Planer (Mosaic Tile),00
7,Craft and Related Trades Workers,71,Building and Related Trade Workers (Excluding Electricians),712,Building Finishers and Related Trades Workers,7122,Floor Layers and Tile Setters,7122.0500,Mosaic Layer,00
7,Craft and Related Trades Workers,71,Building and Related Trade Workers (Excluding Electricians),712,Building Finishers and Related Trades Workers,7122,Floor Layers and Tile Setters,7122.0600,Parquetry Floor Layer,00
7,Craft and Related Trades Workers,71,Building and Related Trade Workers (Excluding Electricians),712,Building Finishers and Related Trades Workers,7122,Floor Layers and Tile Setters,7122.9900,"Floor Layers and Tile Setters, Other",00
7,Craft and Related Trades Workers,71,Building and Related Trade Workers (Excluding Electricians),712,Building Finishers and Related Trades Workers,7123,Plasterers,7123.0100,Plasterer,00
7,Craft and Related Trades Workers,71,Building and Related Trade Workers (Excluding Electricians),712,Building Finishers and Related Trades Workers,7123,Plasterers,7123.9900,"Plasterers, Other",00
7,Craft and Related Trades Workers,71,Building and Related Trade Workers (Excluding Electricians),712,Building Finishers and Related Trades Workers,7124,Insulation Workers,7124.0100,"Building Insulator, Hand",00
7,Craft and Related Trades Workers,71,Building and Related Trade Workers (Excluding Electricians),712,Building Finishers and Related Trades Workers,7124,Insulation Workers,7124.0200,Acoustical Insulator,00
7,Craft and Related Trades Workers,71,Building and Related Trade Workers (Excluding Electricians),712,Building Finishers and Related Trades Workers,7124,Insulation Workers,7124.0300,"Insulator, Boilers and Pipes",00
7,Craft and Related Trades Workers,71,Building and Related Trade Workers (Excluding Electricians),712,Building Finishers and Related Trades Workers,7124,Insulation Workers,7124.0400,"Insulator, Refrigeration and Air- Conditioning Equipment",00
7,Craft and Related Trades Workers,71,Building and Related Trade Workers (Excluding Electricians),712,Building Finishers and Related Trades Workers,7124,Insulation Workers,7124.9900,"Insulation Workers, Other",00
7,Craft and Related Trades Workers,71,Building and Related Trade Workers (Excluding Electricians),712,Building Finishers and Related Trades Workers,7125,Glaziers,7125.0100,Glazier (Construction),00
7,Craft and Related Trades Workers,71,Building and Related Trade Workers (Excluding Electricians),712,Building Finishers and Related Trades Workers,7125,Glaziers,7125.0200,"Glazier, Vehicle",00
7,Craft and Related Trades Workers,71,Building and Related Trade Workers (Excluding Electricians),712,Building Finishers and Related Trades Workers,7125,Glaziers,7125.0300,Picture Framer,00
7,Craft and Related Trades Workers,71,Building and Related Trade Workers (Excluding Electricians),712,Building Finishers and Related Trades Workers,7125,Glaziers,7125.9900,"Glaziers, Other",00
7,Craft and Related Trades Workers,71,Building and Related Trade Workers (Excluding Electricians),712,Building Finishers and Related Trades Workers,7126,Plumbers and Pipe Fitters,7126.0101,"Plumber, General",01
7,Craft and Related Trades Workers,71,Building and Related Trade Workers (Excluding Electricians),712,Building Finishers and Related Trades Workers,7126,Plumbers and Pipe Fitters,7126.0102,"Plumber, Operations",02
7,Craft and Related Trades Workers,71,Building and Related Trade Workers (Excluding Electricians),712,Building Finishers and Related Trades Workers,7126,Plumbers and Pipe Fitters,7126.0103,"Plumber, General – Installation and Repair",03
7,Craft and Related Trades Workers,71,Building and Related Trade Workers (Excluding Electricians),712,Building Finishers and Related Trades Workers,7126,Plumbers and Pipe Fitters,7126.0104,"Plumber, General Helper",04
7,Craft and Related Trades Workers,71,Building and Related Trade Workers (Excluding Electricians),712,Building Finishers and Related Trades Workers,7126,Plumbers and Pipe Fitters,7126.0105,"Plumber, General Assistant",05
7,Craft and Related Trades Workers,71,Building and Related Trade Workers (Excluding Electricians),712,Building Finishers and Related Trades Workers,7126,Plumbers and Pipe Fitters,7126.0106,"Plumber, Maintenance and Servicing Assistant",06
7,Craft and Related Trades Workers,71,Building and Related Trade Workers (Excluding Electricians),712,Building Finishers and Related Trades Workers,7126,Plumbers and Pipe Fitters,7126.0107,"Plumber, Maintenance and Servicing",07
7,Craft and Related Trades Workers,71,Building and Related Trade Workers (Excluding Electricians),712,Building Finishers and Related Trades Workers,7126,Plumbers and Pipe Fitters,7126.0201,Pipe Layer/Plumber Pipeline,01
7,Craft and Related Trades Workers,71,Building and Related Trade Workers (Excluding Electricians),712,Building Finishers and Related Trades Workers,7126,Plumbers and Pipe Fitters,7126.0301,Pipe Fitter,01
7,Craft and Related Trades Workers,71,Building and Related Trade Workers (Excluding Electricians),712,Building Finishers and Related Trades Workers,7126,Plumbers and Pipe Fitters,7126.0400,Straightening Machine Operator (Iron &,00
7,Craft and Related Trades Workers,71,Building and Related Trade Workers (Excluding Electricians),712,Building Finishers and Related Trades Workers,7126,Plumbers and Pipe Fitters,7126.0500,"Puncher, Metal",00
7,Craft and Related Trades Workers,71,Building and Related Trade Workers (Excluding Electricians),712,Building Finishers and Related Trades Workers,7126,Plumbers and Pipe Fitters,7126.0600,Pneumatic Chipper,00
7,Craft and Related Trades Workers,71,Building and Related Trade Workers (Excluding Electricians),712,Building Finishers and Related Trades Workers,7126,Plumbers and Pipe Fitters,7126.9900,"Plumbers and Pipe Fitters, Other",00
7,Craft and Related Trades Workers,71,Building and Related Trade Workers (Excluding Electricians),712,Building Finishers and Related Trades Workers,7127,Air-Conditioning and Refrigeration Mechanics,7127.0100,"Mechanic, Refrigeration and Air- Conditioning",00
7,Craft and Related Trades Workers,71,Building and Related Trade Workers (Excluding Electricians),713,"Painters, Builders, Structure Cleaners and Related Trades Workers",7131,Painters and Related Workers,7131.0100,"Painter, Building",00
7,Craft and Related Trades Workers,71,Building and Related Trade Workers (Excluding Electricians),713,"Painters, Builders, Structure Cleaners and Related Trades Workers",7131,Painters and Related Workers,7131.0101,Assistant Painter and Decorator,01
7,Craft and Related Trades Workers,71,Building and Related Trade Workers (Excluding Electricians),713,"Painters, Builders, Structure Cleaners and Related Trades Workers",7131,Painters and Related Workers,7131.0200,"Painter, Steel Structure",00
7,Craft and Related Trades Workers,71,Building and Related Trade Workers (Excluding Electricians),713,"Painters, Builders, Structure Cleaners and Related Trades Workers",7131,Painters and Related Workers,7131.0300,"Painter, Industrial",00
7,Craft and Related Trades Workers,71,Building and Related Trade Workers (Excluding Electricians),713,"Painters, Builders, Structure Cleaners and Related Trades Workers",7131,Painters and Related Workers,7131.0500,Paper Hanger/Wallpaper Fixer/Decorator,00
7,Craft and Related Trades Workers,71,Building and Related Trade Workers (Excluding Electricians),713,"Painters, Builders, Structure Cleaners and Related Trades Workers",7131,Painters and Related Workers,7131.9900,"Painters and Related Workers, Other",00
7,Craft and Related Trades Workers,71,Building and Related Trade Workers (Excluding Electricians),713,"Painters, Builders, Structure Cleaners and Related Trades Workers",7132,Spray Painters and Varnishers,7132.0100,"Painter, General",00
7,Craft and Related Trades Workers,71,Building and Related Trade Workers (Excluding Electricians),713,"Painters, Builders, Structure Cleaners and Related Trades Workers",7132,Spray Painters and Varnishers,7132.0201,"Painter, Spray/Painting Technician (Spray Painting)",01
7,Craft and Related Trades Workers,71,Building and Related Trade Workers (Excluding Electricians),713,"Painters, Builders, Structure Cleaners and Related Trades Workers",7132,Spray Painters and Varnishers,7132.0202,Auto Spray Painter/Painter,02
7,Craft and Related Trades Workers,71,Building and Related Trade Workers (Excluding Electricians),713,"Painters, Builders, Structure Cleaners and Related Trades Workers",7132,Spray Painters and Varnishers,7132.0203,Auto Body Painting Technician – Surface Treatment,03
7,Craft and Related Trades Workers,71,Building and Related Trade Workers (Excluding Electricians),713,"Painters, Builders, Structure Cleaners and Related Trades Workers",7132,Spray Painters and Varnishers,7132.0204,Automotive Body Painting Technician,04
7,Craft and Related Trades Workers,71,Building and Related Trade Workers (Excluding Electricians),713,"Painters, Builders, Structure Cleaners and Related Trades Workers",7132,Spray Painters and Varnishers,7132.0205,Auto Spray Painter Assistant/Painter,05
7,Craft and Related Trades Workers,71,Building and Related Trade Workers (Excluding Electricians),713,"Painters, Builders, Structure Cleaners and Related Trades Workers",7132,Spray Painters and Varnishers,7132.0300,Metal Sprayer,00
7,Craft and Related Trades Workers,71,Building and Related Trade Workers (Excluding Electricians),713,"Painters, Builders, Structure Cleaners and Related Trades Workers",7132,Spray Painters and Varnishers,7132.0400,"Painter, Sign and Letter",00
7,Craft and Related Trades Workers,71,Building and Related Trade Workers (Excluding Electricians),713,"Painters, Builders, Structure Cleaners and Related Trades Workers",7132,Spray Painters and Varnishers,7132.0500,"Painter, Brush",00
7,Craft and Related Trades Workers,71,Building and Related Trade Workers (Excluding Electricians),713,"Painters, Builders, Structure Cleaners and Related Trades Workers",7132,Spray Painters and Varnishers,7132.0600,"Painter, Wood Work and Furniture",00
7,Craft and Related Trades Workers,71,Building and Related Trade Workers (Excluding Electricians),713,"Painters, Builders, Structure Cleaners and Related Trades Workers",7132,Spray Painters and Varnishers,7132.0700,"Painter, Glass",00
7,Craft and Related Trades Workers,71,Building and Related Trade Workers (Excluding Electricians),713,"Painters, Builders, Structure Cleaners and Related Trades Workers",7132,Spray Painters and Varnishers,7132.0900,"Painter, Mate",00
7,Craft and Related Trades Workers,71,Building and Related Trade Workers (Excluding Electricians),713,"Painters, Builders, Structure Cleaners and Related Trades Workers",7132,Spray Painters and Varnishers,7132.0901,Automotive Paint Shop Assistant,01
7,Craft and Related Trades Workers,71,Building and Related Trade Workers (Excluding Electricians),713,"Painters, Builders, Structure Cleaners and Related Trades Workers",7132,Spray Painters and Varnishers,7132.9900,"Varnishers and Related Workers, Other",00
7,Craft and Related Trades Workers,72,"Metal, Machinery and Related Trades Workers",721,"Sheet and Structural Metal Workers, Moulders and Welders, and Related Workers",7211,Metal Moulders and Core Makers,7211.0100,"Moulder, General",00
7,Craft and Related Trades Workers,72,"Metal, Machinery and Related Trades Workers",721,"Sheet and Structural Metal Workers, Moulders and Welders, and Related Workers",7211,Metal Moulders and Core Makers,7211.0101,Press Shop Operator,01
7,Craft and Related Trades Workers,72,"Metal, Machinery and Related Trades Workers",721,"Sheet and Structural Metal Workers, Moulders and Welders, and Related Workers",7211,Metal Moulders and Core Makers,7211.0102,Press Shop Assistant/Helper,02
7,Craft and Related Trades Workers,72,"Metal, Machinery and Related Trades Workers",721,"Sheet and Structural Metal Workers, Moulders and Welders, and Related Workers",7211,Metal Moulders and Core Makers,7211.0200,"Moulder, Machine",00
7,Craft and Related Trades Workers,72,"Metal, Machinery and Related Trades Workers",721,"Sheet and Structural Metal Workers, Moulders and Welders, and Related Workers",7211,Metal Moulders and Core Makers,7211.0201,Casting Technician – Sand Moulding,01
7,Craft and Related Trades Workers,72,"Metal, Machinery and Related Trades Workers",721,"Sheet and Structural Metal Workers, Moulders and Welders, and Related Workers",7211,Metal Moulders and Core Makers,7211.0300,"Moulder, Vertical Pipe",00
7,Craft and Related Trades Workers,72,"Metal, Machinery and Related Trades Workers",721,"Sheet and Structural Metal Workers, Moulders and Welders, and Related Workers",7211,Metal Moulders and Core Makers,7211.0400,"Rammer, Vertical Pipe Moulding",00
7,Craft and Related Trades Workers,72,"Metal, Machinery and Related Trades Workers",721,"Sheet and Structural Metal Workers, Moulders and Welders, and Related Workers",7211,Metal Moulders and Core Makers,7211.0500,"Core Maker, Moulding (Hand)",00
7,Craft and Related Trades Workers,72,"Metal, Machinery and Related Trades Workers",721,"Sheet and Structural Metal Workers, Moulders and Welders, and Related Workers",7211,Metal Moulders and Core Makers,7211.0600,"Core Maker, Vertical Pipe",00
7,Craft and Related Trades Workers,72,"Metal, Machinery and Related Trades Workers",721,"Sheet and Structural Metal Workers, Moulders and Welders, and Related Workers",7211,Metal Moulders and Core Makers,7211.9900,"Metal Moulders and Core Makers, Other",00
7,Craft and Related Trades Workers,72,"Metal, Machinery and Related Trades Workers",721,"Sheet and Structural Metal Workers, Moulders and Welders, and Related Workers",7212,Welders and Flame Cutters,7212.0100,"Welder, Gas",00
7,Craft and Related Trades Workers,72,"Metal, Machinery and Related Trades Workers",721,"Sheet and Structural Metal Workers, Moulders and Welders, and Related Workers",7212,Welders and Flame Cutters,7212.0101,Plumber (Welder)/Plumbing (Sanitary Fixtures) Fitter Assistant,01
7,Craft and Related Trades Workers,72,"Metal, Machinery and Related Trades Workers",721,"Sheet and Structural Metal Workers, Moulders and Welders, and Related Workers",7212,Welders and Flame Cutters,7212.0102,Plumber (Welder) Assistant,02
7,Craft and Related Trades Workers,72,"Metal, Machinery and Related Trades Workers",721,"Sheet and Structural Metal Workers, Moulders and Welders, and Related Workers",7212,Welders and Flame Cutters,7212.0105,Tungsten Inert Gas Welder,05
7,Craft and Related Trades Workers,72,"Metal, Machinery and Related Trades Workers",721,"Sheet and Structural Metal Workers, Moulders and Welders, and Related Workers",7212,Welders and Flame Cutters,7212.0111,Repair Welder,11
7,Craft and Related Trades Workers,72,"Metal, Machinery and Related Trades Workers",721,"Sheet and Structural Metal Workers, Moulders and Welders, and Related Workers",7212,Welders and Flame Cutters,7212.0200,"Welder, Electric",00
7,Craft and Related Trades Workers,72,"Metal, Machinery and Related Trades Workers",721,"Sheet and Structural Metal Workers, Moulders and Welders, and Related Workers",7212,Welders and Flame Cutters,7212.0300,"Welder, Machine",00
7,Craft and Related Trades Workers,72,"Metal, Machinery and Related Trades Workers",721,"Sheet and Structural Metal Workers, Moulders and Welders, and Related Workers",7212,Welders and Flame Cutters,7212.0301,Welder,01
7,Craft and Related Trades Workers,72,"Metal, Machinery and Related Trades Workers",721,"Sheet and Structural Metal Workers, Moulders and Welders, and Related Workers",7212,Welders and Flame Cutters,7212.0302,Welding Technician,02
7,Craft and Related Trades Workers,72,"Metal, Machinery and Related Trades Workers",721,"Sheet and Structural Metal Workers, Moulders and Welders, and Related Workers",7212,Welders and Flame Cutters,7212.0303,Gas Metal Arc Welder/Metal Inert Gas/Metal Active Gas/Gas Metal Arc Welder (MIG/MAG/GMAW),03
7,Craft and Related Trades Workers,72,"Metal, Machinery and Related Trades Workers",721,"Sheet and Structural Metal Workers, Moulders and Welders, and Related Workers",7212,Welders and Flame Cutters,7212.0400,Gas Cutter,00
7,Craft and Related Trades Workers,72,"Metal, Machinery and Related Trades Workers",721,"Sheet and Structural Metal Workers, Moulders and Welders, and Related Workers",7212,Welders and Flame Cutters,7212.0402,Plasma Cutter – Manual,02
7,Craft and Related Trades Workers,72,"Metal, Machinery and Related Trades Workers",721,"Sheet and Structural Metal Workers, Moulders and Welders, and Related Workers",7212,Welders and Flame Cutters,7212.0500,Brazer,00
7,Craft and Related Trades Workers,72,"Metal, Machinery and Related Trades Workers",721,"Sheet and Structural Metal Workers, Moulders and Welders, and Related Workers",7212,Welders and Flame Cutters,7212.0501,Soldering and Brazing Operator,01
7,Craft and Related Trades Workers,72,"Metal, Machinery and Related Trades Workers",721,"Sheet and Structural Metal Workers, Moulders and Welders, and Related Workers",7212,Welders and Flame Cutters,7212.0600,Lead Burner,00
7,Craft and Related Trades Workers,72,"Metal, Machinery and Related Trades Workers",721,"Sheet and Structural Metal Workers, Moulders and Welders, and Related Workers",7212,Welders and Flame Cutters,7212.0700,"Welder, Resistance",00
7,Craft and Related Trades Workers,72,"Metal, Machinery and Related Trades Workers",721,"Sheet and Structural Metal Workers, Moulders and Welders, and Related Workers",7212,Welders and Flame Cutters,7212.0801,Welding Assistant,01
7,Craft and Related Trades Workers,72,"Metal, Machinery and Related Trades Workers",721,"Sheet and Structural Metal Workers, Moulders and Welders, and Related Workers",7212,Welders and Flame Cutters,7212.9900,"Welders and Flame Cutters, Other",00
7,Craft and Related Trades Workers,72,"Metal, Machinery and Related Trades Workers",721,"Sheet and Structural Metal Workers, Moulders and Welders, and Related Workers",7213,Sheet Metal Workers,7213.0101,"Sheet Metal Worker, General/Sheet Metal Worker – Hand Tools and Manually Operated Machines",01
7,Craft and Related Trades Workers,72,"Metal, Machinery and Related Trades Workers",721,"Sheet and Structural Metal Workers, Moulders and Welders, and Related Workers",7213,Sheet Metal Workers,7213.0200,"Sheet Metal Worker, Structural",00
7,Craft and Related Trades Workers,72,"Metal, Machinery and Related Trades Workers",721,"Sheet and Structural Metal Workers, Moulders and Welders, and Related Workers",7213,Sheet Metal Workers,7213.0201,Auto Engine Repair Technician,01
7,Craft and Related Trades Workers,72,"Metal, Machinery and Related Trades Workers",721,"Sheet and Structural Metal Workers, Moulders and Welders, and Related Workers",7213,Sheet Metal Workers,7213.0301,Dent Remover/Auto Body Repair Technician/ Denter,01
7,Craft and Related Trades Workers,72,"Metal, Machinery and Related Trades Workers",721,"Sheet and Structural Metal Workers, Moulders and Welders, and Related Workers",7213,Sheet Metal Workers,7213.0302,Auto Body Technician/Denter,02
7,Craft and Related Trades Workers,72,"Metal, Machinery and Related Trades Workers",721,"Sheet and Structural Metal Workers, Moulders and Welders, and Related Workers",7213,Sheet Metal Workers,7213.0400,Tinsmith/Whitesmith,00
7,Craft and Related Trades Workers,72,"Metal, Machinery and Related Trades Workers",721,"Sheet and Structural Metal Workers, Moulders and Welders, and Related Workers",7213,Sheet Metal Workers,7213.0500,Tin Coater,00
7,Craft and Related Trades Workers,72,"Metal, Machinery and Related Trades Workers",721,"Sheet and Structural Metal Workers, Moulders and Welders, and Related Workers",7213,Sheet Metal Workers,7213.0600,Machine Feeder and Off-Bearer,00
7,Craft and Related Trades Workers,72,"Metal, Machinery and Related Trades Workers",721,"Sheet and Structural Metal Workers, Moulders and Welders, and Related Workers",7213,Sheet Metal Workers,7213.9900,"Sheet Metal Workers, Other",00
7,Craft and Related Trades Workers,72,"Metal, Machinery and Related Trades Workers",721,"Sheet and Structural Metal Workers, Moulders and Welders, and Related Workers",7214,Structural Metal Preparers and Erectors,7214.0300,Boiler Fitter,00
7,Craft and Related Trades Workers,72,"Metal, Machinery and Related Trades Workers",721,"Sheet and Structural Metal Workers, Moulders and Welders, and Related Workers",7214,Structural Metal Preparers and Erectors,7214.0400,"Tubesmith, Boiler",00
7,Craft and Related Trades Workers,72,"Metal, Machinery and Related Trades Workers",721,"Sheet and Structural Metal Workers, Moulders and Welders, and Related Workers",7214,Structural Metal Preparers and Erectors,7214.0500,Boiler Maker,00
7,Craft and Related Trades Workers,72,"Metal, Machinery and Related Trades Workers",721,"Sheet and Structural Metal Workers, Moulders and Welders, and Related Workers",7214,Structural Metal Preparers and Erectors,7214.0600,"Erector, Structural",00
7,Craft and Related Trades Workers,72,"Metal, Machinery and Related Trades Workers",721,"Sheet and Structural Metal Workers, Moulders and Welders, and Related Workers",7214,Structural Metal Preparers and Erectors,7214.0700,"Fitter, Structural",00
7,Craft and Related Trades Workers,72,"Metal, Machinery and Related Trades Workers",721,"Sheet and Structural Metal Workers, Moulders and Welders, and Related Workers",7214,Structural Metal Preparers and Erectors,7214.0800,"Fitter, Construction",00
7,Craft and Related Trades Workers,72,"Metal, Machinery and Related Trades Workers",721,"Sheet and Structural Metal Workers, Moulders and Welders, and Related Workers",7214,Structural Metal Preparers and Erectors,7214.0900,Riveter,00
7,Craft and Related Trades Workers,72,"Metal, Machinery and Related Trades Workers",721,"Sheet and Structural Metal Workers, Moulders and Welders, and Related Workers",7214,Structural Metal Preparers and Erectors,7214.1000,Riveter (Railroad Equipment),00
7,Craft and Related Trades Workers,72,"Metal, Machinery and Related Trades Workers",721,"Sheet and Structural Metal Workers, Moulders and Welders, and Related Workers",7214,Structural Metal Preparers and Erectors,7214.1101,Assistant Bar Bender and Fixer,01
7,Craft and Related Trades Workers,72,"Metal, Machinery and Related Trades Workers",721,"Sheet and Structural Metal Workers, Moulders and Welders, and Related Workers",7214,Structural Metal Preparers and Erectors,7214.9900,"Structural Metal Prepares and Erectors, Other",00
7,Craft and Related Trades Workers,72,"Metal, Machinery and Related Trades Workers",721,"Sheet and Structural Metal Workers, Moulders and Welders, and Related Workers",7215,Riggers and Cable Splicers,7215.0100,Rigger,00
7,Craft and Related Trades Workers,72,"Metal, Machinery and Related Trades Workers",721,"Sheet and Structural Metal Workers, Moulders and Welders, and Related Workers",7215,Riggers and Cable Splicers,7215.0101,Rigger: Rigging of Heavy Material,01
7,Craft and Related Trades Workers,72,"Metal, Machinery and Related Trades Workers",721,"Sheet and Structural Metal Workers, Moulders and Welders, and Related Workers",7215,Riggers and Cable Splicers,7215.0200,Slinger,00
7,Craft and Related Trades Workers,72,"Metal, Machinery and Related Trades Workers",721,"Sheet and Structural Metal Workers, Moulders and Welders, and Related Workers",7215,Riggers and Cable Splicers,7215.0300,Splicer (Rope and Cables),00
7,Craft and Related Trades Workers,72,"Metal, Machinery and Related Trades Workers",721,"Sheet and Structural Metal Workers, Moulders and Welders, and Related Workers",7215,Riggers and Cable Splicers,7215.9900,"Riggers and Cable Splicers, Other",00
7,Craft and Related Trades Workers,72,"Metal, Machinery and Related Trades Workers",722,"Blacksmiths, Tool Makers and Related Trades Workers",7221,"Blacksmiths, Hammersmith and Forging Press Workers",7221.0100,Blacksmith,00
7,Craft and Related Trades Workers,72,"Metal, Machinery and Related Trades Workers",722,"Blacksmiths, Tool Makers and Related Trades Workers",7221,"Blacksmiths, Hammersmith and Forging Press Workers",7221.0200,Village Blacksmith,00
7,Craft and Related Trades Workers,72,"Metal, Machinery and Related Trades Workers",722,"Blacksmiths, Tool Makers and Related Trades Workers",7221,"Blacksmiths, Hammersmith and Forging Press Workers",7221.0300,Power Hammer Operator,00
7,Craft and Related Trades Workers,72,"Metal, Machinery and Related Trades Workers",722,"Blacksmiths, Tool Makers and Related Trades Workers",7221,"Blacksmiths, Hammersmith and Forging Press Workers",7221.0301,Forging Operator,01
7,Craft and Related Trades Workers,72,"Metal, Machinery and Related Trades Workers",722,"Blacksmiths, Tool Makers and Related Trades Workers",7221,"Blacksmiths, Hammersmith and Forging Press Workers",7221.0400,Hammer Man,00
7,Craft and Related Trades Workers,72,"Metal, Machinery and Related Trades Workers",722,"Blacksmiths, Tool Makers and Related Trades Workers",7221,"Blacksmiths, Hammersmith and Forging Press Workers",7221.0500,Stamper/Forging Operator,00
7,Craft and Related Trades Workers,72,"Metal, Machinery and Related Trades Workers",722,"Blacksmiths, Tool Makers and Related Trades Workers",7221,"Blacksmiths, Hammersmith and Forging Press Workers",7221.0600,Farrier,00
7,Craft and Related Trades Workers,72,"Metal, Machinery and Related Trades Workers",722,"Blacksmiths, Tool Makers and Related Trades Workers",7221,"Blacksmiths, Hammersmith and Forging Press Workers",7221.0700,Wire Drawer/Wire Drawing Machine Operator,00
7,Craft and Related Trades Workers,72,"Metal, Machinery and Related Trades Workers",722,"Blacksmiths, Tool Makers and Related Trades Workers",7221,"Blacksmiths, Hammersmith and Forging Press Workers",7221.0800,Metal Spinner/Metal spinning Machine Operator,00
7,Craft and Related Trades Workers,72,"Metal, Machinery and Related Trades Workers",722,"Blacksmiths, Tool Makers and Related Trades Workers",7221,"Blacksmiths, Hammersmith and Forging Press Workers",7221.9900,"Blacksmiths, Hammersmith and Forging Press Workers, Other",00
7,Craft and Related Trades Workers,72,"Metal, Machinery and Related Trades Workers",722,"Blacksmiths, Tool Makers and Related Trades Workers",7222.0100,"Marker, Metal",7222.0200,Tool Maker,00
7,Craft and Related Trades Workers,72,"Metal, Machinery and Related Trades Workers",722,"Blacksmiths, Tool Makers and Related Trades Workers",7222.0100,"Marker, Metal",7222.0300,Jig and Fixture Marker,00
7,Craft and Related Trades Workers,72,"Metal, Machinery and Related Trades Workers",722,"Blacksmiths, Tool Makers and Related Trades Workers",7222.0100,"Marker, Metal",7222.0400,Jig Borer,00
7,Craft and Related Trades Workers,72,"Metal, Machinery and Related Trades Workers",722,"Blacksmiths, Tool Makers and Related Trades Workers",7222.0100,"Marker, Metal",7222.0500,Die Maker,00
7,Craft and Related Trades Workers,72,"Metal, Machinery and Related Trades Workers",722,"Blacksmiths, Tool Makers and Related Trades Workers",7222.0100,"Marker, Metal",7222.0600,"Die Sinker, Hand",00
7,Craft and Related Trades Workers,72,"Metal, Machinery and Related Trades Workers",722,"Blacksmiths, Tool Makers and Related Trades Workers",7222.0100,"Marker, Metal",7222.0700,Locksmith,00
7,Craft and Related Trades Workers,72,"Metal, Machinery and Related Trades Workers",722,"Blacksmiths, Tool Makers and Related Trades Workers",7222.0100,"Marker, Metal",7222.0800,"Pattern Marker, Metal Foundry",00
7,Craft and Related Trades Workers,72,"Metal, Machinery and Related Trades Workers",722,"Blacksmiths, Tool Makers and Related Trades Workers",7222.0100,"Marker, Metal",7222.0900,Armourer,00
7,Craft and Related Trades Workers,72,"Metal, Machinery and Related Trades Workers",722,"Blacksmiths, Tool Makers and Related Trades Workers",7222.0100,"Marker, Metal",7222.9900,"Tool Makers and Related Workers, Other",00
7,Craft and Related Trades Workers,72,"Metal, Machinery and Related Trades Workers",722,"Blacksmiths, Tool Makers and Related Trades Workers",7223,Metal Working Machine Tool Setters and Operators,7223.0100,"Tool Setter, General",00
7,Craft and Related Trades Workers,72,"Metal, Machinery and Related Trades Workers",722,"Blacksmiths, Tool Makers and Related Trades Workers",7223,Metal Working Machine Tool Setters and Operators,7223.0200,"Tool Setter, Press",00
7,Craft and Related Trades Workers,72,"Metal, Machinery and Related Trades Workers",722,"Blacksmiths, Tool Makers and Related Trades Workers",7223,Metal Working Machine Tool Setters and Operators,7223.0300,"Setter, Drop Forging Machine",00
7,Craft and Related Trades Workers,72,"Metal, Machinery and Related Trades Workers",722,"Blacksmiths, Tool Makers and Related Trades Workers",7223,Metal Working Machine Tool Setters and Operators,7223.0400,"Setter, Automatic Machine",00
7,Craft and Related Trades Workers,72,"Metal, Machinery and Related Trades Workers",722,"Blacksmiths, Tool Makers and Related Trades Workers",7223,Metal Working Machine Tool Setters and Operators,7223.0401,Assembly Line Machine Setter,01
7,Craft and Related Trades Workers,72,"Metal, Machinery and Related Trades Workers",722,"Blacksmiths, Tool Makers and Related Trades Workers",7223,Metal Working Machine Tool Setters and Operators,7223.0500,"Mechanist, General/Machinist",00
7,Craft and Related Trades Workers,72,"Metal, Machinery and Related Trades Workers",722,"Blacksmiths, Tool Makers and Related Trades Workers",7223,Metal Working Machine Tool Setters and Operators,7223.0501,Machine Shop Master Technician/Setter,01
7,Craft and Related Trades Workers,72,"Metal, Machinery and Related Trades Workers",722,"Blacksmiths, Tool Makers and Related Trades Workers",7223,Metal Working Machine Tool Setters and Operators,7223.0502,Machine Shop Supervisor,02
7,Craft and Related Trades Workers,72,"Metal, Machinery and Related Trades Workers",722,"Blacksmiths, Tool Makers and Related Trades Workers",7223,Metal Working Machine Tool Setters and Operators,7223.0601,Turner/Conventional Turning,01
7,Craft and Related Trades Workers,72,"Metal, Machinery and Related Trades Workers",722,"Blacksmiths, Tool Makers and Related Trades Workers",7223,Metal Working Machine Tool Setters and Operators,7223.0700,Turret and Capstan Lathe Operator,00
7,Craft and Related Trades Workers,72,"Metal, Machinery and Related Trades Workers",722,"Blacksmiths, Tool Makers and Related Trades Workers",7223,Metal Working Machine Tool Setters and Operators,7223.0701,Lathe Machinist,01
7,Craft and Related Trades Workers,72,"Metal, Machinery and Related Trades Workers",722,"Blacksmiths, Tool Makers and Related Trades Workers",7223,Metal Working Machine Tool Setters and Operators,7223.0800,Shaper,00
7,Craft and Related Trades Workers,72,"Metal, Machinery and Related Trades Workers",722,"Blacksmiths, Tool Makers and Related Trades Workers",7223,Metal Working Machine Tool Setters and Operators,7223.0900,Planer,00
7,Craft and Related Trades Workers,72,"Metal, Machinery and Related Trades Workers",722,"Blacksmiths, Tool Makers and Related Trades Workers",7223,Metal Working Machine Tool Setters and Operators,7223.1000,"Planer, Edge",00
7,Craft and Related Trades Workers,72,"Metal, Machinery and Related Trades Workers",722,"Blacksmiths, Tool Makers and Related Trades Workers",7223,Metal Working Machine Tool Setters and Operators,7223.1100,Slotter,00
7,Craft and Related Trades Workers,72,"Metal, Machinery and Related Trades Workers",722,"Blacksmiths, Tool Makers and Related Trades Workers",7223,Metal Working Machine Tool Setters and Operators,7223.1201,Miller/Operator – Conventional Milling,01
7,Craft and Related Trades Workers,72,"Metal, Machinery and Related Trades Workers",722,"Blacksmiths, Tool Makers and Related Trades Workers",7223,Metal Working Machine Tool Setters and Operators,7223.1300,Gear Cutter,00
7,Craft and Related Trades Workers,72,"Metal, Machinery and Related Trades Workers",722,"Blacksmiths, Tool Makers and Related Trades Workers",7223,Metal Working Machine Tool Setters and Operators,7223.1400,Heavy Duty End Mill Operator,00
7,Craft and Related Trades Workers,72,"Metal, Machinery and Related Trades Workers",722,"Blacksmiths, Tool Makers and Related Trades Workers",7223,Metal Working Machine Tool Setters and Operators,7223.1500,"Driller Metal, General",00
7,Craft and Related Trades Workers,72,"Metal, Machinery and Related Trades Workers",722,"Blacksmiths, Tool Makers and Related Trades Workers",7223,Metal Working Machine Tool Setters and Operators,7223.1600,Radial Driller,00
7,Craft and Related Trades Workers,72,"Metal, Machinery and Related Trades Workers",722,"Blacksmiths, Tool Makers and Related Trades Workers",7223,Metal Working Machine Tool Setters and Operators,7223.1701,Borer/Operator Boring Machine Operator,01
7,Craft and Related Trades Workers,72,"Metal, Machinery and Related Trades Workers",722,"Blacksmiths, Tool Makers and Related Trades Workers",7223,Metal Working Machine Tool Setters and Operators,7223.1800,Cylinder Borer,00
7,Craft and Related Trades Workers,72,"Metal, Machinery and Related Trades Workers",722,"Blacksmiths, Tool Makers and Related Trades Workers",7223,Metal Working Machine Tool Setters and Operators,7223.1900,Rifling Machine Operator,00
7,Craft and Related Trades Workers,72,"Metal, Machinery and Related Trades Workers",722,"Blacksmiths, Tool Makers and Related Trades Workers",7223,Metal Working Machine Tool Setters and Operators,7223.2000,Bending Machine Operator,00
7,Craft and Related Trades Workers,72,"Metal, Machinery and Related Trades Workers",722,"Blacksmiths, Tool Makers and Related Trades Workers",7223,Metal Working Machine Tool Setters and Operators,7223.2100,Glazer,00
7,Craft and Related Trades Workers,72,"Metal, Machinery and Related Trades Workers",722,"Blacksmiths, Tool Makers and Related Trades Workers",7223,Metal Working Machine Tool Setters and Operators,7223.2200,"Grinder, Tool and Cutter",00
7,Craft and Related Trades Workers,72,"Metal, Machinery and Related Trades Workers",722,"Blacksmiths, Tool Makers and Related Trades Workers",7223,Metal Working Machine Tool Setters and Operators,7223.2300,"Power Press Operator, Metal",00
7,Craft and Related Trades Workers,72,"Metal, Machinery and Related Trades Workers",722,"Blacksmiths, Tool Makers and Related Trades Workers",7223,Metal Working Machine Tool Setters and Operators,7223.2400,Sheet Metal Machine Operator,00
7,Craft and Related Trades Workers,72,"Metal, Machinery and Related Trades Workers",722,"Blacksmiths, Tool Makers and Related Trades Workers",7223,Metal Working Machine Tool Setters and Operators,7223.2500,Ball Filling Machine Operator,00
7,Craft and Related Trades Workers,72,"Metal, Machinery and Related Trades Workers",722,"Blacksmiths, Tool Makers and Related Trades Workers",7223,Metal Working Machine Tool Setters and Operators,7223.2600,Ball Lapping Machine Operator,00
7,Craft and Related Trades Workers,72,"Metal, Machinery and Related Trades Workers",722,"Blacksmiths, Tool Makers and Related Trades Workers",7223,Metal Working Machine Tool Setters and Operators,7223.2700,Dividing Machine Operator,00
7,Craft and Related Trades Workers,72,"Metal, Machinery and Related Trades Workers",722,"Blacksmiths, Tool Makers and Related Trades Workers",7223,Metal Working Machine Tool Setters and Operators,7223.2800,Die Copying Machine Operator/Die Sinking Electric Discharge Machine Operator,00
7,Craft and Related Trades Workers,72,"Metal, Machinery and Related Trades Workers",722,"Blacksmiths, Tool Makers and Related Trades Workers",7223,Metal Working Machine Tool Setters and Operators,7223.2900,Profiling Machine Operator,00
7,Craft and Related Trades Workers,72,"Metal, Machinery and Related Trades Workers",722,"Blacksmiths, Tool Makers and Related Trades Workers",7223,Metal Working Machine Tool Setters and Operators,7223.3000,Metal Stamper,00
7,Craft and Related Trades Workers,72,"Metal, Machinery and Related Trades Workers",722,"Blacksmiths, Tool Makers and Related Trades Workers",7223,Metal Working Machine Tool Setters and Operators,7223.5001,Machining Technician/CNC Operator,01
7,Craft and Related Trades Workers,72,"Metal, Machinery and Related Trades Workers",722,"Blacksmiths, Tool Makers and Related Trades Workers",7223,Metal Working Machine Tool Setters and Operators,7223.5002,CNC Operator – Machining Technician,02
7,Craft and Related Trades Workers,72,"Metal, Machinery and Related Trades Workers",722,"Blacksmiths, Tool Makers and Related Trades Workers",7223,Metal Working Machine Tool Setters and Operators,7223.5003,CNC Operator – Machinist,03
7,Craft and Related Trades Workers,72,"Metal, Machinery and Related Trades Workers",722,"Blacksmiths, Tool Makers and Related Trades Workers",7223,Metal Working Machine Tool Setters and Operators,7223.5004,CNC Operator - Vertical Machining Centre,04
7,Craft and Related Trades Workers,72,"Metal, Machinery and Related Trades Workers",722,"Blacksmiths, Tool Makers and Related Trades Workers",7223,Metal Working Machine Tool Setters and Operators,7223.5005,CNC Setter-cum-Operator – Vertical Machining Centre,05
7,Craft and Related Trades Workers,72,"Metal, Machinery and Related Trades Workers",722,"Blacksmiths, Tool Makers and Related Trades Workers",7223,Metal Working Machine Tool Setters and Operators,7223.6001,CNC Setter-cum-Operator – Turning,01
7,Craft and Related Trades Workers,72,"Metal, Machinery and Related Trades Workers",722,"Blacksmiths, Tool Makers and Related Trades Workers",7223,Metal Working Machine Tool Setters and Operators,7223.6002,CNC Operator – Turning,02
7,Craft and Related Trades Workers,72,"Metal, Machinery and Related Trades Workers",722,"Blacksmiths, Tool Makers and Related Trades Workers",7223,Metal Working Machine Tool Setters and Operators,7223.6003,CNC Programmer,03
7,Craft and Related Trades Workers,72,"Metal, Machinery and Related Trades Workers",722,"Blacksmiths, Tool Makers and Related Trades Workers",7223,Metal Working Machine Tool Setters and Operators,7223.9900,"Metal Working Machine Tool Setters and Operators, Others",00
7,Craft and Related Trades Workers,72,"Metal, Machinery and Related Trades Workers",722,"Blacksmiths, Tool Makers and Related Trades Workers",7224,"Metal Polishers, Wheel Grinders and Tool Sharpeners",7224.0100,"Grinder, General",00
7,Craft and Related Trades Workers,72,"Metal, Machinery and Related Trades Workers",722,"Blacksmiths, Tool Makers and Related Trades Workers",7224,"Metal Polishers, Wheel Grinders and Tool Sharpeners",7224.0102,Fitter – Fabrication,02
7,Craft and Related Trades Workers,72,"Metal, Machinery and Related Trades Workers",722,"Blacksmiths, Tool Makers and Related Trades Workers",7224,"Metal Polishers, Wheel Grinders and Tool Sharpeners",7224.0200,"Grinder, Crankshaft",00
7,Craft and Related Trades Workers,72,"Metal, Machinery and Related Trades Workers",722,"Blacksmiths, Tool Makers and Related Trades Workers",7224,"Metal Polishers, Wheel Grinders and Tool Sharpeners",7224.0300,Roll Grinder,00
7,Craft and Related Trades Workers,72,"Metal, Machinery and Related Trades Workers",722,"Blacksmiths, Tool Makers and Related Trades Workers",7224,"Metal Polishers, Wheel Grinders and Tool Sharpeners",7224.0400,Surface Grinder,00
7,Craft and Related Trades Workers,72,"Metal, Machinery and Related Trades Workers",722,"Blacksmiths, Tool Makers and Related Trades Workers",7224,"Metal Polishers, Wheel Grinders and Tool Sharpeners",7224.0401,Grinder – Hand-Held and Power Tools,01
7,Craft and Related Trades Workers,72,"Metal, Machinery and Related Trades Workers",722,"Blacksmiths, Tool Makers and Related Trades Workers",7224,"Metal Polishers, Wheel Grinders and Tool Sharpeners",7224.0402,Operator – Conventional Surface Grinding Machines,02
7,Craft and Related Trades Workers,72,"Metal, Machinery and Related Trades Workers",722,"Blacksmiths, Tool Makers and Related Trades Workers",7224,"Metal Polishers, Wheel Grinders and Tool Sharpeners",7224.0500,Thread Grinder,00
7,Craft and Related Trades Workers,72,"Metal, Machinery and Related Trades Workers",722,"Blacksmiths, Tool Makers and Related Trades Workers",7224,"Metal Polishers, Wheel Grinders and Tool Sharpeners",7224.0600,Honer/Honing Machine Operator,00
7,Craft and Related Trades Workers,72,"Metal, Machinery and Related Trades Workers",722,"Blacksmiths, Tool Makers and Related Trades Workers",7224,"Metal Polishers, Wheel Grinders and Tool Sharpeners",7224.0700,Lapper,00
7,Craft and Related Trades Workers,72,"Metal, Machinery and Related Trades Workers",722,"Blacksmiths, Tool Makers and Related Trades Workers",7224,"Metal Polishers, Wheel Grinders and Tool Sharpeners",7224.0701,Super Finishing Technician,01
7,Craft and Related Trades Workers,72,"Metal, Machinery and Related Trades Workers",722,"Blacksmiths, Tool Makers and Related Trades Workers",7224,"Metal Polishers, Wheel Grinders and Tool Sharpeners",7224.0801,Polisher,01
7,Craft and Related Trades Workers,72,"Metal, Machinery and Related Trades Workers",722,"Blacksmiths, Tool Makers and Related Trades Workers",7224,"Metal Polishers, Wheel Grinders and Tool Sharpeners",7224.0900,"Saw Grinder, Hand",00
7,Craft and Related Trades Workers,72,"Metal, Machinery and Related Trades Workers",722,"Blacksmiths, Tool Makers and Related Trades Workers",7224,"Metal Polishers, Wheel Grinders and Tool Sharpeners",7224.1100,Metal Bluer,00
7,Craft and Related Trades Workers,72,"Metal, Machinery and Related Trades Workers",722,"Blacksmiths, Tool Makers and Related Trades Workers",7224,"Metal Polishers, Wheel Grinders and Tool Sharpeners",7224.9900,"Metal Wheel Grinder, Polishing and Tool Sharpeners, Other",00
7,Craft and Related Trades Workers,72,"Metal, Machinery and Related Trades Workers",723,Machinery Mechanics and Repairers,7231,Motor Vehicle Mechanics and Repairers,7231.0100,"Mechanic, Automobile",00
7,Craft and Related Trades Workers,72,"Metal, Machinery and Related Trades Workers",723,Machinery Mechanics and Repairers,7231,Motor Vehicle Mechanics and Repairers,7231.0101,Maintenance Technician – Service Workshop,01
7,Craft and Related Trades Workers,72,"Metal, Machinery and Related Trades Workers",723,Machinery Mechanics and Repairers,7231,Motor Vehicle Mechanics and Repairers,7231.0102,AC Specialist,02
7,Craft and Related Trades Workers,72,"Metal, Machinery and Related Trades Workers",723,Machinery Mechanics and Repairers,7231,Motor Vehicle Mechanics and Repairers,7231.0103,Automotive Body Technician Level 3,03
7,Craft and Related Trades Workers,72,"Metal, Machinery and Related Trades Workers",723,Machinery Mechanics and Repairers,7231,Motor Vehicle Mechanics and Repairers,7231.0104,Automotive Body Technician Level 4,04
7,Craft and Related Trades Workers,72,"Metal, Machinery and Related Trades Workers",723,Machinery Mechanics and Repairers,7231,Motor Vehicle Mechanics and Repairers,7231.0105,Brake Specialist,05
7,Craft and Related Trades Workers,72,"Metal, Machinery and Related Trades Workers",723,Machinery Mechanics and Repairers,7231,Motor Vehicle Mechanics and Repairers,7231.0106,Clutch Specialist,06
7,Craft and Related Trades Workers,72,"Metal, Machinery and Related Trades Workers",723,Machinery Mechanics and Repairers,7231,Motor Vehicle Mechanics and Repairers,7231.0107,Auto Service Technician – Mechanic,07
7,Craft and Related Trades Workers,72,"Metal, Machinery and Related Trades Workers",723,Machinery Mechanics and Repairers,7231,Motor Vehicle Mechanics and Repairers,7231.0108,Auto Service Technician – Helper,08
7,Craft and Related Trades Workers,72,"Metal, Machinery and Related Trades Workers",723,Machinery Mechanics and Repairers,7231,Motor Vehicle Mechanics and Repairers,7231.0200,Engine Tester,00
7,Craft and Related Trades Workers,72,"Metal, Machinery and Related Trades Workers",723,Machinery Mechanics and Repairers,7231,Motor Vehicle Mechanics and Repairers,7231.0201,Test Technician,01
7,Craft and Related Trades Workers,72,"Metal, Machinery and Related Trades Workers",723,Machinery Mechanics and Repairers,7231,Motor Vehicle Mechanics and Repairers,7231.0300,Tractor Mechanic,00
7,Craft and Related Trades Workers,72,"Metal, Machinery and Related Trades Workers",723,Machinery Mechanics and Repairers,7231,Motor Vehicle Mechanics and Repairers,7231.0400,Fitter Automobile,00
7,Craft and Related Trades Workers,72,"Metal, Machinery and Related Trades Workers",723,Machinery Mechanics and Repairers,7231,Motor Vehicle Mechanics and Repairers,7231.0401,Mechanic Fitter,01
7,Craft and Related Trades Workers,72,"Metal, Machinery and Related Trades Workers",723,Machinery Mechanics and Repairers,7231,Motor Vehicle Mechanics and Repairers,7231.0500,"Mechanic, Motor Cycle",00
7,Craft and Related Trades Workers,72,"Metal, Machinery and Related Trades Workers",723,Machinery Mechanics and Repairers,7231,Motor Vehicle Mechanics and Repairers,7231.0501,Auto Service Technician (Two and Three Wheelers),01
7,Craft and Related Trades Workers,72,"Metal, Machinery and Related Trades Workers",723,Machinery Mechanics and Repairers,7231,Motor Vehicle Mechanics and Repairers,7231.0900,Cleaner Motor Vehicle,00
7,Craft and Related Trades Workers,72,"Metal, Machinery and Related Trades Workers",723,Machinery Mechanics and Repairers,7231,Motor Vehicle Mechanics and Repairers,7231.9900,"Motor Vehicle Mechanics, Other",00
7,Craft and Related Trades Workers,72,"Metal, Machinery and Related Trades Workers",723,Machinery Mechanics and Repairers,7232,Aircraft Engine Mechanics and Repairers,7232.0100,Airframe Erector,00
7,Craft and Related Trades Workers,72,"Metal, Machinery and Related Trades Workers",723,Machinery Mechanics and Repairers,7232,Aircraft Engine Mechanics and Repairers,7232.0200,"Mechanic Aircraft, Propeller",00
7,Craft and Related Trades Workers,72,"Metal, Machinery and Related Trades Workers",723,Machinery Mechanics and Repairers,7232,Aircraft Engine Mechanics and Repairers,7232.0300,"Engine Tester, Aircraft",00
7,Craft and Related Trades Workers,72,"Metal, Machinery and Related Trades Workers",723,Machinery Mechanics and Repairers,7232,Aircraft Engine Mechanics and Repairers,7232.0400,"Engine Tester, Helper, Aircraft",00
7,Craft and Related Trades Workers,72,"Metal, Machinery and Related Trades Workers",723,Machinery Mechanics and Repairers,7232,Aircraft Engine Mechanics and Repairers,7232.0500,"Mechanic Aircraft Engine, Field Service/Filed Mechanic Aircraft",00
7,Craft and Related Trades Workers,72,"Metal, Machinery and Related Trades Workers",723,Machinery Mechanics and Repairers,7232,Aircraft Engine Mechanics and Repairers,7232.0600,"Mechanic Aircraft, Engine Overhauling",00
7,Craft and Related Trades Workers,72,"Metal, Machinery and Related Trades Workers",723,Machinery Mechanics and Repairers,7232,Aircraft Engine Mechanics and Repairers,7232.9900,"Aircraft Mechanics, Other",00
7,Craft and Related Trades Workers,72,"Metal, Machinery and Related Trades Workers",723,Machinery Mechanics and Repairers,7233,Agricultural and Industrial Machinery Mechanics and Repairers,7233.0100,"Fitter, General",00
7,Craft and Related Trades Workers,72,"Metal, Machinery and Related Trades Workers",723,Machinery Mechanics and Repairers,7233,Agricultural and Industrial Machinery Mechanics and Repairers,7233.0101,Maintenance Fitter – Mechanical,01
7,Craft and Related Trades Workers,72,"Metal, Machinery and Related Trades Workers",723,Machinery Mechanics and Repairers,7233,Agricultural and Industrial Machinery Mechanics and Repairers,7233.0102,Machinist,02
7,Craft and Related Trades Workers,72,"Metal, Machinery and Related Trades Workers",723,Machinery Mechanics and Repairers,7233,Agricultural and Industrial Machinery Mechanics and Repairers,7233.0121,"Fitter Levelling, Alignment & Balancing",21
7,Craft and Related Trades Workers,72,"Metal, Machinery and Related Trades Workers",723,Machinery Mechanics and Repairers,7233,Agricultural and Industrial Machinery Mechanics and Repairers,7233.0200,"Fitter, Bench",00
7,Craft and Related Trades Workers,72,"Metal, Machinery and Related Trades Workers",723,Machinery Mechanics and Repairers,7233,Agricultural and Industrial Machinery Mechanics and Repairers,7233.0300,"Mechanic, Petrol Engine",00
7,Craft and Related Trades Workers,72,"Metal, Machinery and Related Trades Workers",723,Machinery Mechanics and Repairers,7233,Agricultural and Industrial Machinery Mechanics and Repairers,7233.0301,Bearing Maintenance,01
7,Craft and Related Trades Workers,72,"Metal, Machinery and Related Trades Workers",723,Machinery Mechanics and Repairers,7233,Agricultural and Industrial Machinery Mechanics and Repairers,7233.0400,"Mechanic, Diesel Engine",00
7,Craft and Related Trades Workers,72,"Metal, Machinery and Related Trades Workers",723,Machinery Mechanics and Repairers,7233,Agricultural and Industrial Machinery Mechanics and Repairers,7233.0401,Belt Conveyor Maintenance,01
7,Craft and Related Trades Workers,72,"Metal, Machinery and Related Trades Workers",723,Machinery Mechanics and Repairers,7233,Agricultural and Industrial Machinery Mechanics and Repairers,7233.0402,Conveyor Operation and Maintenance,02
7,Craft and Related Trades Workers,72,"Metal, Machinery and Related Trades Workers",723,Machinery Mechanics and Repairers,7233,Agricultural and Industrial Machinery Mechanics and Repairers,7233.0600,"Mechanic, Gas/Diesel Engine",00
7,Craft and Related Trades Workers,72,"Metal, Machinery and Related Trades Workers",723,Machinery Mechanics and Repairers,7233,Agricultural and Industrial Machinery Mechanics and Repairers,7233.0700,"Mechanic, Earth Moving Machinery",00
7,Craft and Related Trades Workers,72,"Metal, Machinery and Related Trades Workers",723,Machinery Mechanics and Repairers,7233,Agricultural and Industrial Machinery Mechanics and Repairers,7233.0701,Mobile Equipment Maintenance,01
7,Craft and Related Trades Workers,72,"Metal, Machinery and Related Trades Workers",723,Machinery Mechanics and Repairers,7233,Agricultural and Industrial Machinery Mechanics and Repairers,7233.0800,"Mechanic, Road Roller",00
7,Craft and Related Trades Workers,72,"Metal, Machinery and Related Trades Workers",723,Machinery Mechanics and Repairers,7233,Agricultural and Industrial Machinery Mechanics and Repairers,7233.0900,"Mechanic, Turbine",00
7,Craft and Related Trades Workers,72,"Metal, Machinery and Related Trades Workers",723,Machinery Mechanics and Repairers,7233,Agricultural and Industrial Machinery Mechanics and Repairers,7233.1000,"Mechanic, Stationery Steam Engine",00
7,Craft and Related Trades Workers,72,"Metal, Machinery and Related Trades Workers",723,Machinery Mechanics and Repairers,7233,Agricultural and Industrial Machinery Mechanics and Repairers,7233.1100,"Mechanic, Maintenance, Chemical Plant/Technician, Maintenance, Chemical Plant",00
7,Craft and Related Trades Workers,72,"Metal, Machinery and Related Trades Workers",723,Machinery Mechanics and Repairers,7233,Agricultural and Industrial Machinery Mechanics and Repairers,7233.1200,Millwright,00
7,Craft and Related Trades Workers,72,"Metal, Machinery and Related Trades Workers",723,Machinery Mechanics and Repairers,7233,Agricultural and Industrial Machinery Mechanics and Repairers,7233.1300,"Mechanic, Pump",00
7,Craft and Related Trades Workers,72,"Metal, Machinery and Related Trades Workers",723,Machinery Mechanics and Repairers,7233,Agricultural and Industrial Machinery Mechanics and Repairers,7233.1301,Plumber (Pumps & E/M Mechanic),01
7,Craft and Related Trades Workers,72,"Metal, Machinery and Related Trades Workers",723,Machinery Mechanics and Repairers,7233,Agricultural and Industrial Machinery Mechanics and Repairers,7233.1400,"Mechanic, Dairy Maintenance",00
7,Craft and Related Trades Workers,72,"Metal, Machinery and Related Trades Workers",723,Machinery Mechanics and Repairers,7233,Agricultural and Industrial Machinery Mechanics and Repairers,7233.1500,"Mechanic, Mining Machinery",00
7,Craft and Related Trades Workers,72,"Metal, Machinery and Related Trades Workers",723,Machinery Mechanics and Repairers,7233,Agricultural and Industrial Machinery Mechanics and Repairers,7233.1600,"Mechanic, Textile Machinery",00
7,Craft and Related Trades Workers,72,"Metal, Machinery and Related Trades Workers",723,Machinery Mechanics and Repairers,7233,Agricultural and Industrial Machinery Mechanics and Repairers,7233.1700,"Mechanic, Printing Machinery",00
7,Craft and Related Trades Workers,72,"Metal, Machinery and Related Trades Workers",723,Machinery Mechanics and Repairers,7233,Agricultural and Industrial Machinery Mechanics and Repairers,7233.1800,"Mechanic, Sewing Machine",00
7,Craft and Related Trades Workers,72,"Metal, Machinery and Related Trades Workers",723,Machinery Mechanics and Repairers,7233,Agricultural and Industrial Machinery Mechanics and Repairers,7233.1900,"Lamp Repairman, Mines",00
7,Craft and Related Trades Workers,72,"Metal, Machinery and Related Trades Workers",723,Machinery Mechanics and Repairers,7233,Agricultural and Industrial Machinery Mechanics and Repairers,7233.2000,"Mechanic, Repairman (Domestic Appliances)",00
7,Craft and Related Trades Workers,72,"Metal, Machinery and Related Trades Workers",723,Machinery Mechanics and Repairers,7233,Agricultural and Industrial Machinery Mechanics and Repairers,7233.2100,"Fitter, Stationery Steam Engine",00
7,Craft and Related Trades Workers,72,"Metal, Machinery and Related Trades Workers",723,Machinery Mechanics and Repairers,7233,Agricultural and Industrial Machinery Mechanics and Repairers,7233.2200,"Fitter, Marine",00
7,Craft and Related Trades Workers,72,"Metal, Machinery and Related Trades Workers",723,Machinery Mechanics and Repairers,7233,Agricultural and Industrial Machinery Mechanics and Repairers,7233.2300,"Fitter, Railway Carriage and Wagon",00
7,Craft and Related Trades Workers,72,"Metal, Machinery and Related Trades Workers",723,Machinery Mechanics and Repairers,7233,Agricultural and Industrial Machinery Mechanics and Repairers,7233.2400,"Fitter, Loco",00
7,Craft and Related Trades Workers,72,"Metal, Machinery and Related Trades Workers",723,Machinery Mechanics and Repairers,7233,Agricultural and Industrial Machinery Mechanics and Repairers,7233.2500,Loco Cleaner,00
7,Craft and Related Trades Workers,72,"Metal, Machinery and Related Trades Workers",723,Machinery Mechanics and Repairers,7233,Agricultural and Industrial Machinery Mechanics and Repairers,7233.2600,"Fitter, Bicycle",00
7,Craft and Related Trades Workers,72,"Metal, Machinery and Related Trades Workers",723,Machinery Mechanics and Repairers,7233,Agricultural and Industrial Machinery Mechanics and Repairers,7233.2700,"Fitter, Signal",00
7,Craft and Related Trades Workers,72,"Metal, Machinery and Related Trades Workers",723,Machinery Mechanics and Repairers,7233,Agricultural and Industrial Machinery Mechanics and Repairers,7233.2800,Agriculture Engineering Technician,00
7,Craft and Related Trades Workers,72,"Metal, Machinery and Related Trades Workers",723,Machinery Mechanics and Repairers,7233,Agricultural and Industrial Machinery Mechanics and Repairers,7233.2901,Fitter: Hydraulic and Pneumatic System,01
7,Craft and Related Trades Workers,72,"Metal, Machinery and Related Trades Workers",723,Machinery Mechanics and Repairers,7233,Agricultural and Industrial Machinery Mechanics and Repairers,7233.9900,"Machinery Mechanics and Fitters, Other",00
7,Craft and Related Trades Workers,73,Handicraft and Printing Workers,731,Handicraft Workers,7311,Precision Instrument Makers and Repairers,7311.0100,"Mechanic Precision Instrument, General",00
7,Craft and Related Trades Workers,73,Handicraft and Printing Workers,731,Handicraft Workers,7311,Precision Instrument Makers and Repairers,7311.0101,Technician Instrumentation,01
7,Craft and Related Trades Workers,73,Handicraft and Printing Workers,731,Handicraft Workers,7311,Precision Instrument Makers and Repairers,7311.0200,Watch Repairer,00
7,Craft and Related Trades Workers,73,Handicraft and Printing Workers,731,Handicraft Workers,7311,Precision Instrument Makers and Repairers,7311.0300,Assembler (Clock & Watch),00
7,Craft and Related Trades Workers,73,Handicraft and Printing Workers,731,Handicraft Workers,7311,Precision Instrument Makers and Repairers,7311.0400,"Mechanic Precision Instrument, Mechanical",00
7,Craft and Related Trades Workers,73,Handicraft and Printing Workers,731,Handicraft Workers,7311,Precision Instrument Makers and Repairers,7311.0401,Fitter Instrumentation,01
7,Craft and Related Trades Workers,73,Handicraft and Printing Workers,731,Handicraft Workers,7311,Precision Instrument Makers and Repairers,7311.0500,"Viewer, Workshop",00
7,Craft and Related Trades Workers,73,Handicraft and Printing Workers,731,Handicraft Workers,7311,Precision Instrument Makers and Repairers,7311.0600,"Mechanic, Atomizer and Fuel Pump (Diesel)",00
7,Craft and Related Trades Workers,73,Handicraft and Printing Workers,731,Handicraft Workers,7311,Precision Instrument Makers and Repairers,7311.0800,"Mechanic, Optical Instrument",00
7,Craft and Related Trades Workers,73,Handicraft and Printing Workers,731,Handicraft Workers,7311,Precision Instrument Makers and Repairers,7311.0900,"Calibrator, Glass",00
7,Craft and Related Trades Workers,73,Handicraft and Printing Workers,731,Handicraft Workers,7311,Precision Instrument Makers and Repairers,7311.1000,Calibrator (Instrument & Apparatus),00
7,Craft and Related Trades Workers,73,Handicraft and Printing Workers,731,Handicraft Workers,7311,Precision Instrument Makers and Repairers,7311.1001,Calibration Technician,01
7,Craft and Related Trades Workers,73,Handicraft and Printing Workers,731,Handicraft Workers,7311,Precision Instrument Makers and Repairers,7311.1002,Calibration Engineer,02
7,Craft and Related Trades Workers,73,Handicraft and Printing Workers,731,Handicraft Workers,7311,Precision Instrument Makers and Repairers,7311.1100,"Calibrator, Other",00
7,Craft and Related Trades Workers,73,Handicraft and Printing Workers,731,Handicraft Workers,7311,Precision Instrument Makers and Repairers,7311.1200,Orthopaedic Appliances and Limb Technician,00
7,Craft and Related Trades Workers,73,Handicraft and Printing Workers,731,Handicraft Workers,7311,Precision Instrument Makers and Repairers,7311.1400,"Instrument Maker, Other",00
7,Craft and Related Trades Workers,73,Handicraft and Printing Workers,731,Handicraft Workers,7311,Precision Instrument Makers and Repairers,7311.9900,"Precision Instrument Makers and Repairers, Other",00
7,Craft and Related Trades Workers,73,Handicraft and Printing Workers,731,Handicraft Workers,7312,Musical Instrument Makers and Tuners,7312.0100,Musical Instrument Maker (String ),00
7,Craft and Related Trades Workers,73,Handicraft and Printing Workers,731,Handicraft Workers,7312,Musical Instrument Makers and Tuners,7312.0200,Harmonium Maker,00
7,Craft and Related Trades Workers,73,Handicraft and Printing Workers,731,Handicraft Workers,7312,Musical Instrument Makers and Tuners,7312.0300,Harmonium Key Maker,00
7,Craft and Related Trades Workers,73,Handicraft and Printing Workers,731,Handicraft Workers,7312,Musical Instrument Makers and Tuners,7312.0400,Harmonium Fitter,00
7,Craft and Related Trades Workers,73,Handicraft and Printing Workers,731,Handicraft Workers,7312,Musical Instrument Makers and Tuners,7312.0500,Bellow Man (Harmonium),00
7,Craft and Related Trades Workers,73,Handicraft and Printing Workers,731,Handicraft Workers,7312,Musical Instrument Makers and Tuners,7312.0600,Reed Fitter (Harmonium),00
7,Craft and Related Trades Workers,73,Handicraft and Printing Workers,731,Handicraft Workers,7312,Musical Instrument Makers and Tuners,7312.0800,Finisher (Harmonium),00
7,Craft and Related Trades Workers,73,Handicraft and Printing Workers,731,Handicraft Workers,7312,Musical Instrument Makers and Tuners,7312.1000,Organ Tuner,00
7,Craft and Related Trades Workers,73,Handicraft and Printing Workers,731,Handicraft Workers,7312,Musical Instrument Makers and Tuners,7312.1200,Piano Tuner,00
7,Craft and Related Trades Workers,73,Handicraft and Printing Workers,731,Handicraft Workers,7312,Musical Instrument Makers and Tuners,7312.1300,Tabla Maker (Musical Instrument),00
7,Craft and Related Trades Workers,73,Handicraft and Printing Workers,731,Handicraft Workers,7312,Musical Instrument Makers and Tuners,7312.1400,"Drum Maker, Musical",00
7,Craft and Related Trades Workers,73,Handicraft and Printing Workers,731,Handicraft Workers,7312,Musical Instrument Makers and Tuners,7312.1500,Clarinet Assembler,00
7,Craft and Related Trades Workers,73,Handicraft and Printing Workers,731,Handicraft Workers,7312,Musical Instrument Makers and Tuners,7312.1600,Bagpipe Maker,00
7,Craft and Related Trades Workers,73,Handicraft and Printing Workers,731,Handicraft Workers,7312,Musical Instrument Makers and Tuners,7312.1700,Brass Musical Instruments Assembler,00
7,Craft and Related Trades Workers,73,Handicraft and Printing Workers,731,Handicraft Workers,7312,Musical Instrument Makers and Tuners,7312.1800,Musical Instrument Repairer,00
7,Craft and Related Trades Workers,73,Handicraft and Printing Workers,731,Handicraft Workers,7312,Musical Instrument Makers and Tuners,7312.9900,"Musical Instrument Makers and Tuners, Other",00
7,Craft and Related Trades Workers,73,Handicraft and Printing Workers,731,Handicraft Workers,7313,Jewellery and Precision Metal Workers,7313.0100,"Roller, Gold and Silver",00
7,Craft and Related Trades Workers,73,Handicraft and Printing Workers,731,Handicraft Workers,7313,Jewellery and Precision Metal Workers,7313.0101,Jewellery Polisher,01
7,Craft and Related Trades Workers,73,Handicraft and Printing Workers,731,Handicraft Workers,7313,Jewellery and Precision Metal Workers,7313.0102,Plater,02
7,Craft and Related Trades Workers,73,Handicraft and Printing Workers,731,Handicraft Workers,7313,Jewellery and Precision Metal Workers,7313.0103,Filer and Assembler,03
7,Craft and Related Trades Workers,73,Handicraft and Printing Workers,731,Handicraft Workers,7313,Jewellery and Precision Metal Workers,7313.0201,"Wire Maker, Gold and Silver/Component Maker",01
7,Craft and Related Trades Workers,73,Handicraft and Printing Workers,731,Handicraft Workers,7313,Jewellery and Precision Metal Workers,7313.0202,Gemstone Thread Maker,02
7,Craft and Related Trades Workers,73,Handicraft and Printing Workers,731,Handicraft Workers,7313,Jewellery and Precision Metal Workers,7313.0301,"Gold Curer, General/Gold Refiner",01
7,Craft and Related Trades Workers,73,Handicraft and Printing Workers,731,Handicraft Workers,7313,Jewellery and Precision Metal Workers,7313.0401,"Gold Curer, Mint/Gold Melter and Refiner",01
7,Craft and Related Trades Workers,73,Handicraft and Printing Workers,731,Handicraft Workers,7313,Jewellery and Precision Metal Workers,7313.0500,Gold Foil Maker,00
7,Craft and Related Trades Workers,73,Handicraft and Printing Workers,731,Handicraft Workers,7313,Jewellery and Precision Metal Workers,7313.0600,"Leaf Maker, Gold and Silver",00
7,Craft and Related Trades Workers,73,Handicraft and Printing Workers,731,Handicraft Workers,7313,Jewellery and Precision Metal Workers,7313.0700,Goldsmith,00
7,Craft and Related Trades Workers,73,Handicraft and Printing Workers,731,Handicraft Workers,7313,Jewellery and Precision Metal Workers,7313.0701,Polisher and Cleaner,01
7,Craft and Related Trades Workers,73,Handicraft and Printing Workers,731,Handicraft Workers,7313,Jewellery and Precision Metal Workers,7313.0702,Goldsmith Enameller,02
7,Craft and Related Trades Workers,73,Handicraft and Printing Workers,731,Handicraft Workers,7313,Jewellery and Precision Metal Workers,7313.0703,Goldsmith Frame Maker,03
7,Craft and Related Trades Workers,73,Handicraft and Printing Workers,731,Handicraft Workers,7313,Jewellery and Precision Metal Workers,7313.0801,Jewel Setter/Setter,01
7,Craft and Related Trades Workers,73,Handicraft and Printing Workers,731,Handicraft Workers,7313,Jewellery and Precision Metal Workers,7313.0802,Metal Setter,02
7,Craft and Related Trades Workers,73,Handicraft and Printing Workers,731,Handicraft Workers,7313,Jewellery and Precision Metal Workers,7313.0803,Wax Setter,03
7,Craft and Related Trades Workers,73,Handicraft and Printing Workers,731,Handicraft Workers,7313,Jewellery and Precision Metal Workers,7313.0804,Wax Tree Maker,04
7,Craft and Related Trades Workers,73,Handicraft and Printing Workers,731,Handicraft Workers,7313,Jewellery and Precision Metal Workers,7313.0901,Gem Sorter,01
7,Craft and Related Trades Workers,73,Handicraft and Printing Workers,731,Handicraft Workers,7313,Jewellery and Precision Metal Workers,7313.0902,Rough Assorter,02
7,Craft and Related Trades Workers,73,Handicraft and Printing Workers,731,Handicraft Workers,7313,Jewellery and Precision Metal Workers,7313.0903,Rough Marker,03
7,Craft and Related Trades Workers,73,Handicraft and Printing Workers,731,Handicraft Workers,7313,Jewellery and Precision Metal Workers,7313.1001,Gem Slicer/Gemstone Rough Cutter,01
7,Craft and Related Trades Workers,73,Handicraft and Printing Workers,731,Handicraft Workers,7313,Jewellery and Precision Metal Workers,7313.1101,Gem Cleaver,01
7,Craft and Related Trades Workers,73,Handicraft and Printing Workers,731,Handicraft Workers,7313,Jewellery and Precision Metal Workers,7313.1201,Inclusion Plotter,01
7,Craft and Related Trades Workers,73,Handicraft and Printing Workers,731,Handicraft Workers,7313,Jewellery and Precision Metal Workers,7313.1202,Planner,02
7,Craft and Related Trades Workers,73,Handicraft and Printing Workers,731,Handicraft Workers,7313,Jewellery and Precision Metal Workers,7313.1300,"Gem Grinder, Hand",00
7,Craft and Related Trades Workers,73,Handicraft and Printing Workers,731,Handicraft Workers,7313,Jewellery and Precision Metal Workers,7313.1301,Manual Bruter,01
7,Craft and Related Trades Workers,73,Handicraft and Printing Workers,731,Handicraft Workers,7313,Jewellery and Precision Metal Workers,7313.1302,Auto Blocker,02
7,Craft and Related Trades Workers,73,Handicraft and Printing Workers,731,Handicraft Workers,7313,Jewellery and Precision Metal Workers,7313.1303,Gemstone Facet Maker,03
7,Craft and Related Trades Workers,73,Handicraft and Printing Workers,731,Handicraft Workers,7313,Jewellery and Precision Metal Workers,7313.1304,Table Cutter,04
7,Craft and Related Trades Workers,73,Handicraft and Printing Workers,731,Handicraft Workers,7313,Jewellery and Precision Metal Workers,7313.1305,Manual Blocker,05
7,Craft and Related Trades Workers,73,Handicraft and Printing Workers,731,Handicraft Workers,7313,Jewellery and Precision Metal Workers,7313.1306,Auto Bruter,06
7,Craft and Related Trades Workers,73,Handicraft and Printing Workers,731,Handicraft Workers,7313,Jewellery and Precision Metal Workers,7313.1400,"Gem Polisher, Hand",00
7,Craft and Related Trades Workers,73,Handicraft and Printing Workers,731,Handicraft Workers,7313,Jewellery and Precision Metal Workers,7313.1501,Diamond Assorter,01
7,Craft and Related Trades Workers,73,Handicraft and Printing Workers,731,Handicraft Workers,7313,Jewellery and Precision Metal Workers,7313.1502,Polished Diamond Grader & Assorter (Basic),02
7,Craft and Related Trades Workers,73,Handicraft and Printing Workers,731,Handicraft Workers,7313,Jewellery and Precision Metal Workers,7313.1503,Polished Diamond Grader & Assorter (Advance),03
7,Craft and Related Trades Workers,73,Handicraft and Printing Workers,731,Handicraft Workers,7313,Jewellery and Precision Metal Workers,7313.1504,Bottom Polisher,04
7,Craft and Related Trades Workers,73,Handicraft and Printing Workers,731,Handicraft Workers,7313,Jewellery and Precision Metal Workers,7313.1505,Gemstone Girdle Polisher,05
7,Craft and Related Trades Workers,73,Handicraft and Printing Workers,731,Handicraft Workers,7313,Jewellery and Precision Metal Workers,7313.1506,Gemstone Polisher,06
7,Craft and Related Trades Workers,73,Handicraft and Printing Workers,731,Handicraft Workers,7313,Jewellery and Precision Metal Workers,7313.1601,Gemstone Pre-Shaper,01
7,Craft and Related Trades Workers,73,Handicraft and Printing Workers,731,Handicraft Workers,7313,Jewellery and Precision Metal Workers,7313.1602,Gemstone Final Shaper and Calibrator,02
7,Craft and Related Trades Workers,73,Handicraft and Printing Workers,731,Handicraft Workers,7313,Jewellery and Precision Metal Workers,7313.1701,Gem Driller,01
7,Craft and Related Trades Workers,73,Handicraft and Printing Workers,731,Handicraft Workers,7313,Jewellery and Precision Metal Workers,7313.1702,Window Opener,02
7,Craft and Related Trades Workers,73,Handicraft and Printing Workers,731,Handicraft Workers,7313,Jewellery and Precision Metal Workers,7313.1800,Jewellery Engraver,00
7,Craft and Related Trades Workers,73,Handicraft and Printing Workers,731,Handicraft Workers,7313,Jewellery and Precision Metal Workers,7313.1900,Engraver,00
7,Craft and Related Trades Workers,73,Handicraft and Printing Workers,731,Handicraft Workers,7313,Jewellery and Precision Metal Workers,7313.2200,"Embosser, Sheet",00
7,Craft and Related Trades Workers,73,Handicraft and Printing Workers,731,Handicraft Workers,7313,Jewellery and Precision Metal Workers,7313.2300,"Inlayer, Metal",00
7,Craft and Related Trades Workers,73,Handicraft and Printing Workers,731,Handicraft Workers,7313,Jewellery and Precision Metal Workers,7313.2401,Rubber Mould Maker,01
7,Craft and Related Trades Workers,73,Handicraft and Printing Workers,731,Handicraft Workers,7313,Jewellery and Precision Metal Workers,7313.2402,Wax Piece Maker,02
7,Craft and Related Trades Workers,73,Handicraft and Printing Workers,731,Handicraft Workers,7313,Jewellery and Precision Metal Workers,7313.2501,Boiling In-Charge,01
7,Craft and Related Trades Workers,73,Handicraft and Printing Workers,731,Handicraft Workers,7313,Jewellery and Precision Metal Workers,7313.2601,Final Quality Inspector,01
7,Craft and Related Trades Workers,73,Handicraft and Printing Workers,731,Handicraft Workers,7313,Jewellery and Precision Metal Workers,7313.9900,"Jewellery, Goldsmith and Silversmith Workers, Other",00
7,Craft and Related Trades Workers,73,Handicraft and Printing Workers,731,Handicraft Workers,7314,Potters and Related Workers,7314.0100,"Mould Maker, Pottery and Porcelain",00
7,Craft and Related Trades Workers,73,Handicraft and Printing Workers,731,Handicraft Workers,7314,Potters and Related Workers,7314.0200,"Caster, Pottery and Porcelain",00
7,Craft and Related Trades Workers,73,Handicraft and Printing Workers,731,Handicraft Workers,7314,Potters and Related Workers,7314.0300,Clay Toy Maker/Hand Moulder,00
7,Craft and Related Trades Workers,73,Handicraft and Printing Workers,731,Handicraft Workers,7314,Potters and Related Workers,7314.0400,"Moulder, Hand (Ceramics)",00
7,Craft and Related Trades Workers,73,Handicraft and Printing Workers,731,Handicraft Workers,7314,Potters and Related Workers,7314.0500,Maker (Pottery and Porcelain)/Jigger and Jolly Operator,00
7,Craft and Related Trades Workers,73,Handicraft and Printing Workers,731,Handicraft Workers,7314,Potters and Related Workers,7314.0600,Turner Pottery and Porcelain,00
7,Craft and Related Trades Workers,73,Handicraft and Printing Workers,731,Handicraft Workers,7314,Potters and Related Workers,7314.0700,"Bricks and Tile Moulder, Hand",00
7,Craft and Related Trades Workers,73,Handicraft and Printing Workers,731,Handicraft Workers,7314,Potters and Related Workers,7314.0800,Abrasive Wheel Moulder,00
7,Craft and Related Trades Workers,73,Handicraft and Printing Workers,731,Handicraft Workers,7314,Potters and Related Workers,7314.0900,Potter (Pottery and Porcelain)/Potter's Wheel Operator,00
7,Craft and Related Trades Workers,73,Handicraft and Printing Workers,731,Handicraft Workers,7314,Potters and Related Workers,7314.1000,Granulator Attendant (Cement),00
7,Craft and Related Trades Workers,73,Handicraft and Printing Workers,731,Handicraft Workers,7314,Potters and Related Workers,7314.1100,Clay Maker (Pottery),00
7,Craft and Related Trades Workers,73,Handicraft and Printing Workers,731,Handicraft Workers,7314,Potters and Related Workers,7314.1200,Checker (Ceramics),00
7,Craft and Related Trades Workers,73,Handicraft and Printing Workers,731,Handicraft Workers,7314,Potters and Related Workers,7314.1300,"Sorter, Brick and Tile",00
7,Craft and Related Trades Workers,73,Handicraft and Printing Workers,731,Handicraft Workers,7314,Potters and Related Workers,7314.9900,"Abrasive Wheel Formers, Potters and Related Workers, Other",00
7,Craft and Related Trades Workers,73,Handicraft and Printing Workers,731,Handicraft Workers,7315,"Glass Makers, Cutters, Grinders and Finishers",7315.0100,"Blower, Glass",00
7,Craft and Related Trades Workers,73,Handicraft and Printing Workers,731,Handicraft Workers,7315,"Glass Makers, Cutters, Grinders and Finishers",7315.0200,"Blower, Laboratory Apparatus",00
7,Craft and Related Trades Workers,73,Handicraft and Printing Workers,731,Handicraft Workers,7315,"Glass Makers, Cutters, Grinders and Finishers",7315.0300,Blower Helper (Glass),00
7,Craft and Related Trades Workers,73,Handicraft and Printing Workers,731,Handicraft Workers,7315,"Glass Makers, Cutters, Grinders and Finishers",7315.0600,Mouldman (Glass),00
7,Craft and Related Trades Workers,73,Handicraft and Printing Workers,731,Handicraft Workers,7315,"Glass Makers, Cutters, Grinders and Finishers",7315.0700,Bender (Glass),00
7,Craft and Related Trades Workers,73,Handicraft and Printing Workers,731,Handicraft Workers,7315,"Glass Makers, Cutters, Grinders and Finishers",7315.0800,Gatherer (Glass),00
7,Craft and Related Trades Workers,73,Handicraft and Printing Workers,731,Handicraft Workers,7315,"Glass Makers, Cutters, Grinders and Finishers",7315.0900,Drawer (Glass),00
7,Craft and Related Trades Workers,73,Handicraft and Printing Workers,731,Handicraft Workers,7315,"Glass Makers, Cutters, Grinders and Finishers",7315.1000,Bead Maker (Glass),00
7,Craft and Related Trades Workers,73,Handicraft and Printing Workers,731,Handicraft Workers,7315,"Glass Makers, Cutters, Grinders and Finishers",7315.1100,Optical Worker,00
7,Craft and Related Trades Workers,73,Handicraft and Printing Workers,731,Handicraft Workers,7315,"Glass Makers, Cutters, Grinders and Finishers",7315.1200,Lens Grinder,00
7,Craft and Related Trades Workers,73,Handicraft and Printing Workers,731,Handicraft Workers,7315,"Glass Makers, Cutters, Grinders and Finishers",7315.1300,Edger (Optical glass),00
7,Craft and Related Trades Workers,73,Handicraft and Printing Workers,731,Handicraft Workers,7315,"Glass Makers, Cutters, Grinders and Finishers",7315.1400,Lens Polisher (Optical),00
7,Craft and Related Trades Workers,73,Handicraft and Printing Workers,731,Handicraft Workers,7315,"Glass Makers, Cutters, Grinders and Finishers",7315.1500,Lens Centerer and Edger (Optical Glass),00
7,Craft and Related Trades Workers,73,Handicraft and Printing Workers,731,Handicraft Workers,7315,"Glass Makers, Cutters, Grinders and Finishers",7315.1600,Wheel Grinder (Glass),00
7,Craft and Related Trades Workers,73,Handicraft and Printing Workers,731,Handicraft Workers,7315,"Glass Makers, Cutters, Grinders and Finishers",7315.1700,Edge Finisher (Glass),00
7,Craft and Related Trades Workers,73,Handicraft and Printing Workers,731,Handicraft Workers,7315,"Glass Makers, Cutters, Grinders and Finishers",7315.1800,"Cutter, Glass Bangles",00
7,Craft and Related Trades Workers,73,Handicraft and Printing Workers,731,Handicraft Workers,7315,"Glass Makers, Cutters, Grinders and Finishers",7315.1900,Cooling Man (Glass),00
7,Craft and Related Trades Workers,73,Handicraft and Printing Workers,731,Handicraft Workers,7315,"Glass Makers, Cutters, Grinders and Finishers",7315.2000,"Glass Cutter, Other",00
7,Craft and Related Trades Workers,73,Handicraft and Printing Workers,731,Handicraft Workers,7315,"Glass Makers, Cutters, Grinders and Finishers",7315.2100,"Joiner, Glass Bangles",00
7,Craft and Related Trades Workers,73,Handicraft and Printing Workers,731,Handicraft Workers,7315,"Glass Makers, Cutters, Grinders and Finishers",7315.2200,"Crusher Attendant, Stone",00
7,Craft and Related Trades Workers,73,Handicraft and Printing Workers,731,Handicraft Workers,7315,"Glass Makers, Cutters, Grinders and Finishers",7315.2300,Grinder (Stone and Clay),00
7,Craft and Related Trades Workers,73,Handicraft and Printing Workers,731,Handicraft Workers,7315,"Glass Makers, Cutters, Grinders and Finishers",7315.2400,"Sorter, Glass Products",00
7,Craft and Related Trades Workers,73,Handicraft and Printing Workers,731,Handicraft Workers,7315,"Glass Makers, Cutters, Grinders and Finishers",7315.9900,"Glass Makers, Cutters, Grinders and Finishers, Other",00
7,Craft and Related Trades Workers,73,Handicraft and Printing Workers,731,Handicraft Workers,7316,"Signwriter, Decorative Painters, Engravers and Etchers",7316.0100,"Engraver, Glass",00
7,Craft and Related Trades Workers,73,Handicraft and Printing Workers,731,Handicraft Workers,7316,"Signwriter, Decorative Painters, Engravers and Etchers",7316.0200,Glass Etcher,00
7,Craft and Related Trades Workers,73,Handicraft and Printing Workers,731,Handicraft Workers,7316,"Signwriter, Decorative Painters, Engravers and Etchers",7316.0300,Sand Blaster (Glass),00
7,Craft and Related Trades Workers,73,Handicraft and Printing Workers,731,Handicraft Workers,7316,"Signwriter, Decorative Painters, Engravers and Etchers",7316.0400,Volume Man/Calibrating Technician,00
7,Craft and Related Trades Workers,73,Handicraft and Printing Workers,731,Handicraft Workers,7316,"Signwriter, Decorative Painters, Engravers and Etchers",7316.0500,"Waxing Man (Glass)/Helper Calibrator/Decorator, Glass",00
7,Craft and Related Trades Workers,73,Handicraft and Printing Workers,731,Handicraft Workers,7316,"Signwriter, Decorative Painters, Engravers and Etchers",7316.0600,Glass Enameller,00
7,Craft and Related Trades Workers,73,Handicraft and Printing Workers,731,Handicraft Workers,7316,"Signwriter, Decorative Painters, Engravers and Etchers",7316.0700,Hand Painter (Ceramics),00
7,Craft and Related Trades Workers,73,Handicraft and Printing Workers,731,Handicraft Workers,7316,"Signwriter, Decorative Painters, Engravers and Etchers",7316.0800,Decorator (Ceramics),00
7,Craft and Related Trades Workers,73,Handicraft and Printing Workers,731,Handicraft Workers,7316,"Signwriter, Decorative Painters, Engravers and Etchers",7316.0900,"Spray Painter, (Ceramics)",00
7,Craft and Related Trades Workers,73,Handicraft and Printing Workers,731,Handicraft Workers,7316,"Signwriter, Decorative Painters, Engravers and Etchers",7316.1000,"Glazer, Pottery and Porcelain",00
7,Craft and Related Trades Workers,73,Handicraft and Printing Workers,731,Handicraft Workers,7316,"Signwriter, Decorative Painters, Engravers and Etchers",7316.1100,Mirror Silverer,00
7,Craft and Related Trades Workers,73,Handicraft and Printing Workers,731,Handicraft Workers,7316,"Signwriter, Decorative Painters, Engravers and Etchers",7316.1200,"Signwriter, Decorative Painters, Engravers and Etchers, Other",00
7,Craft and Related Trades Workers,73,Handicraft and Printing Workers,731,Handicraft Workers,7317,"Handicraft Workers in Wood, Basketry and Related Materials",7317.0100,Lamp Shade Maker,00
7,Craft and Related Trades Workers,73,Handicraft and Printing Workers,731,Handicraft Workers,7317,"Handicraft Workers in Wood, Basketry and Related Materials",7317.0300,"Furniture Maker, Bamboo",00
7,Craft and Related Trades Workers,73,Handicraft and Printing Workers,731,Handicraft Workers,7317,"Handicraft Workers in Wood, Basketry and Related Materials",7317.0400,"Furniture Maker, Reed",00
7,Craft and Related Trades Workers,73,Handicraft and Printing Workers,731,Handicraft Workers,7317,"Handicraft Workers in Wood, Basketry and Related Materials",7317.0500,"Furniture Maker, Cane",00
7,Craft and Related Trades Workers,73,Handicraft and Printing Workers,731,Handicraft Workers,7317,"Handicraft Workers in Wood, Basketry and Related Materials",7317.0600,Caner,00
7,Craft and Related Trades Workers,73,Handicraft and Printing Workers,731,Handicraft Workers,7317,"Handicraft Workers in Wood, Basketry and Related Materials",7317.0700,Basket Maker,00
7,Craft and Related Trades Workers,73,Handicraft and Printing Workers,731,Handicraft Workers,7317,"Handicraft Workers in Wood, Basketry and Related Materials",7317.0800,"Mat Weaver, Bamboo",00
7,Craft and Related Trades Workers,73,Handicraft and Printing Workers,731,Handicraft Workers,7317,"Handicraft Workers in Wood, Basketry and Related Materials",7317.0900,"Mat Weaver, Grass and Leave",00
7,Craft and Related Trades Workers,73,Handicraft and Printing Workers,731,Handicraft Workers,7317,"Handicraft Workers in Wood, Basketry and Related Materials",7317.1000,Broom Maker,00
7,Craft and Related Trades Workers,73,Handicraft and Printing Workers,731,Handicraft Workers,7317,"Handicraft Workers in Wood, Basketry and Related Materials",7317.1100,Chick Maker,00
7,Craft and Related Trades Workers,73,Handicraft and Printing Workers,731,Handicraft Workers,7317,"Handicraft Workers in Wood, Basketry and Related Materials",7317.1200,Khas Thatti Maker,00
7,Craft and Related Trades Workers,73,Handicraft and Printing Workers,731,Handicraft Workers,7317,"Handicraft Workers in Wood, Basketry and Related Materials",7317.1300,Brush Material Preparer,00
7,Craft and Related Trades Workers,73,Handicraft and Printing Workers,731,Handicraft Workers,7317,"Handicraft Workers in Wood, Basketry and Related Materials",7317.1400,"Brush Maker, Hand",00
7,Craft and Related Trades Workers,73,Handicraft and Printing Workers,731,Handicraft Workers,7317,"Handicraft Workers in Wood, Basketry and Related Materials",7317.9900,"Basketry Weavers, Brush Makers and Related Workers, Other",00
7,Craft and Related Trades Workers,73,Handicraft and Printing Workers,731,Handicraft Workers,7318,"Handicraft Workers in Textiles, Leather and Related Materials",7318.0100,Candle Maker,00
7,Craft and Related Trades Workers,73,Handicraft and Printing Workers,731,Handicraft Workers,7318,"Handicraft Workers in Textiles, Leather and Related Materials",7318.0200,Candle Moulder,00
7,Craft and Related Trades Workers,73,Handicraft and Printing Workers,731,Handicraft Workers,7318,"Handicraft Workers in Textiles, Leather and Related Materials",7318.0300,Carpet Weaver (Carpet & Rug),00
7,Craft and Related Trades Workers,73,Handicraft and Printing Workers,731,Handicraft Workers,7318,"Handicraft Workers in Textiles, Leather and Related Materials",7318.0400,"Knitting Machine Operator, Automatic",00
7,Craft and Related Trades Workers,73,Handicraft and Printing Workers,731,Handicraft Workers,7318,"Handicraft Workers in Textiles, Leather and Related Materials",7318.0500,"Hand Printer, Textile/Hand Block Printer",00
7,Craft and Related Trades Workers,73,Handicraft and Printing Workers,731,Handicraft Workers,7318,"Handicraft Workers in Textiles, Leather and Related Materials",7318.0600,Hand Dyer,00
7,Craft and Related Trades Workers,73,Handicraft and Printing Workers,731,Handicraft Workers,7318,"Handicraft Workers in Textiles, Leather and Related Materials",7318.0800,"Repairer, Fabrics/Fabric Mender",00
7,Craft and Related Trades Workers,73,Handicraft and Printing Workers,731,Handicraft Workers,7318,"Handicraft Workers in Textiles, Leather and Related Materials",7318.0900,"Bale Breaker Tenter, Cotton/Blow Room Operator",00
7,Craft and Related Trades Workers,73,Handicraft and Printing Workers,731,Handicraft Workers,7318,"Handicraft Workers in Textiles, Leather and Related Materials",7318.1000,"Batching Worker, Wool",00
7,Craft and Related Trades Workers,73,Handicraft and Printing Workers,731,Handicraft Workers,7318,"Handicraft Workers in Textiles, Leather and Related Materials",7318.1100,Wool Sorter,00
7,Craft and Related Trades Workers,73,Handicraft and Printing Workers,731,Handicraft Workers,7318,"Handicraft Workers in Textiles, Leather and Related Materials",7318.1200,"Selector, Jute",00
7,Craft and Related Trades Workers,73,Handicraft and Printing Workers,731,Handicraft Workers,7318,"Handicraft Workers in Textiles, Leather and Related Materials",7318.1300,"Grader, Coir",00
7,Craft and Related Trades Workers,73,Handicraft and Printing Workers,731,Handicraft Workers,7318,"Handicraft Workers in Textiles, Leather and Related Materials",7318.1500,Waste Machine Man (Cotton Textile)/Waste Collection Machine Operator,00
7,Craft and Related Trades Workers,73,Handicraft and Printing Workers,731,Handicraft Workers,7318,"Handicraft Workers in Textiles, Leather and Related Materials",7318.1800,"Scouring Man, Wool/Wool Washing and Scouring Operator",00
7,Craft and Related Trades Workers,73,Handicraft and Printing Workers,731,Handicraft Workers,7318,"Handicraft Workers in Textiles, Leather and Related Materials",7318.1900,Cooker (Silkworm),00
7,Craft and Related Trades Workers,73,Handicraft and Printing Workers,731,Handicraft Workers,7318,"Handicraft Workers in Textiles, Leather and Related Materials",7318.2000,"Softener Feeder and Receiver, Jute",00
7,Craft and Related Trades Workers,73,Handicraft and Printing Workers,731,Handicraft Workers,7318,"Handicraft Workers in Textiles, Leather and Related Materials",7318.2100,"Root Cutter, Jute",00
7,Craft and Related Trades Workers,73,Handicraft and Printing Workers,731,Handicraft Workers,7318,"Handicraft Workers in Textiles, Leather and Related Materials",7318.2200,Teaser (Feeder and Receiver) Jute,00
7,Craft and Related Trades Workers,73,Handicraft and Printing Workers,731,Handicraft Workers,7318,"Handicraft Workers in Textiles, Leather and Related Materials",7318.2300,"Fibre Preparer, Coir",00
7,Craft and Related Trades Workers,73,Handicraft and Printing Workers,731,Handicraft Workers,7318,"Handicraft Workers in Textiles, Leather and Related Materials",7318.2700,"Cardtenter, Cotton/Carding Tenter",00
7,Craft and Related Trades Workers,73,Handicraft and Printing Workers,731,Handicraft Workers,7318,"Handicraft Workers in Textiles, Leather and Related Materials",7318.2800,"Set Framer, Silk",00
7,Craft and Related Trades Workers,73,Handicraft and Printing Workers,731,Handicraft Workers,7318,"Handicraft Workers in Textiles, Leather and Related Materials",7318.2900,Sliver Lap Man/Combing Preparatory Operator,00
7,Craft and Related Trades Workers,73,Handicraft and Printing Workers,731,Handicraft Workers,7318,"Handicraft Workers in Textiles, Leather and Related Materials",7318.3400,Comb Minder/Combing Preparatory Operator,00
7,Craft and Related Trades Workers,73,Handicraft and Printing Workers,731,Handicraft Workers,7318,"Handicraft Workers in Textiles, Leather and Related Materials",7318.3500,Gill Box Man,00
7,Craft and Related Trades Workers,73,Handicraft and Printing Workers,731,Handicraft Workers,7318,"Handicraft Workers in Textiles, Leather and Related Materials",7318.3600,"Spreader Feeder, Jute",00
7,Craft and Related Trades Workers,73,Handicraft and Printing Workers,731,Handicraft Workers,7318,"Handicraft Workers in Textiles, Leather and Related Materials",7318.3700,"Spreader, Receiver, Jute",00
7,Craft and Related Trades Workers,73,Handicraft and Printing Workers,731,Handicraft Workers,7318,"Handicraft Workers in Textiles, Leather and Related Materials",7318.3800,"Breaker Feeder, Jute",00
7,Craft and Related Trades Workers,73,Handicraft and Printing Workers,731,Handicraft Workers,7318,"Handicraft Workers in Textiles, Leather and Related Materials",7318.4000,"Finisher Feeder, Jute",00
7,Craft and Related Trades Workers,73,Handicraft and Printing Workers,731,Handicraft Workers,7318,"Handicraft Workers in Textiles, Leather and Related Materials",7318.4200,Hand Spinner (Cotton and Woollen Textile),00
7,Craft and Related Trades Workers,73,Handicraft and Printing Workers,731,Handicraft Workers,7318,"Handicraft Workers in Textiles, Leather and Related Materials",7318.4300,Piecer,00
7,Craft and Related Trades Workers,73,Handicraft and Printing Workers,731,Handicraft Workers,7318,"Handicraft Workers in Textiles, Leather and Related Materials",7318.4500,"Spinner, Jute",00
7,Craft and Related Trades Workers,73,Handicraft and Printing Workers,731,Handicraft Workers,7318,"Handicraft Workers in Textiles, Leather and Related Materials",7318.4600,"Spinner, Coir",00
7,Craft and Related Trades Workers,73,Handicraft and Printing Workers,731,Handicraft Workers,7318,"Handicraft Workers in Textiles, Leather and Related Materials",7318.4700,Twister,00
7,Craft and Related Trades Workers,73,Handicraft and Printing Workers,731,Handicraft Workers,7318,"Handicraft Workers in Textiles, Leather and Related Materials",7318.4800,"Doffer, Spinning/Ring Spinning Doffer",00
7,Craft and Related Trades Workers,73,Handicraft and Printing Workers,731,Handicraft Workers,7318,"Handicraft Workers in Textiles, Leather and Related Materials",7318.4900,"Knotter, Silk",00
7,Craft and Related Trades Workers,73,Handicraft and Printing Workers,731,Handicraft Workers,7318,"Handicraft Workers in Textiles, Leather and Related Materials",7318.5000,Beam Gaiter,00
7,Craft and Related Trades Workers,73,Handicraft and Printing Workers,731,Handicraft Workers,7318,"Handicraft Workers in Textiles, Leather and Related Materials",7318.5100,"Lacer, Hand",00
7,Craft and Related Trades Workers,73,Handicraft and Printing Workers,731,Handicraft Workers,7318,"Handicraft Workers in Textiles, Leather and Related Materials",7318.5200,Lattice Pegger,00
7,Craft and Related Trades Workers,73,Handicraft and Printing Workers,731,Handicraft Workers,7318,"Handicraft Workers in Textiles, Leather and Related Materials",7318.5300,"Reacher, Hand (Textile)",00
7,Craft and Related Trades Workers,73,Handicraft and Printing Workers,731,Handicraft Workers,7318,"Handicraft Workers in Textiles, Leather and Related Materials",7318.5500,Weaver Power Loom,00
7,Craft and Related Trades Workers,73,Handicraft and Printing Workers,731,Handicraft Workers,7318,"Handicraft Workers in Textiles, Leather and Related Materials",7318.5800,"Weaver, Handloom",00
7,Craft and Related Trades Workers,73,Handicraft and Printing Workers,731,Handicraft Workers,7318,"Handicraft Workers in Textiles, Leather and Related Materials",7318.5900,"Carpet Weaver, Hand Knitting",00
7,Craft and Related Trades Workers,73,Handicraft and Printing Workers,731,Handicraft Workers,7318,"Handicraft Workers in Textiles, Leather and Related Materials",7318.6000,"Carpet Clipper, Hand",00
7,Craft and Related Trades Workers,73,Handicraft and Printing Workers,731,Handicraft Workers,7318,"Handicraft Workers in Textiles, Leather and Related Materials",7318.6100,Carpet Embosser,00
7,Craft and Related Trades Workers,73,Handicraft and Printing Workers,731,Handicraft Workers,7318,"Handicraft Workers in Textiles, Leather and Related Materials",7318.6200,Carpet Repairer,00
7,Craft and Related Trades Workers,73,Handicraft and Printing Workers,731,Handicraft Workers,7318,"Handicraft Workers in Textiles, Leather and Related Materials",7318.6300,Coir Weaver (Matting),00
7,Craft and Related Trades Workers,73,Handicraft and Printing Workers,731,Handicraft Workers,7318,"Handicraft Workers in Textiles, Leather and Related Materials",7318.6400,"Net Maker, Hand",00
7,Craft and Related Trades Workers,73,Handicraft and Printing Workers,731,Handicraft Workers,7318,"Handicraft Workers in Textiles, Leather and Related Materials",7318.6500,"Crochet Worker, Hand",00
7,Craft and Related Trades Workers,73,Handicraft and Printing Workers,731,Handicraft Workers,7318,"Handicraft Workers in Textiles, Leather and Related Materials",7318.6600,"Knitter, Hand",00
7,Craft and Related Trades Workers,73,Handicraft and Printing Workers,731,Handicraft Workers,7318,"Handicraft Workers in Textiles, Leather and Related Materials",7318.6700,"Braid Maker, Hand",00
7,Craft and Related Trades Workers,73,Handicraft and Printing Workers,731,Handicraft Workers,7318,"Handicraft Workers in Textiles, Leather and Related Materials",7318.9900,"Handicraft Workers in Textiles, Leather and Related Materials, Others",00
7,Craft and Related Trades Workers,73,Handicraft and Printing Workers,732,Printing Trades Workers,7321,Pre-Press Technicians,7321.0100,"Compositor, Hand",00
7,Craft and Related Trades Workers,73,Handicraft and Printing Workers,732,Printing Trades Workers,7321,Pre-Press Technicians,7321.0200,Impositor,00
7,Craft and Related Trades Workers,73,Handicraft and Printing Workers,732,Printing Trades Workers,7321,Pre-Press Technicians,7321.0300,Distributor (Letter Press),00
7,Craft and Related Trades Workers,73,Handicraft and Printing Workers,732,Printing Trades Workers,7321,Pre-Press Technicians,7321.0400,Composing Room Operatives,00
7,Craft and Related Trades Workers,73,Handicraft and Printing Workers,732,Printing Trades Workers,7321,Pre-Press Technicians,7321.0500,Stereo Matrix Moulder,00
7,Craft and Related Trades Workers,73,Handicraft and Printing Workers,732,Printing Trades Workers,7321,Pre-Press Technicians,7321.0600,Stereotype Caster,00
7,Craft and Related Trades Workers,73,Handicraft and Printing Workers,732,Printing Trades Workers,7321,Pre-Press Technicians,7321.0700,Electrotyper,00
7,Craft and Related Trades Workers,73,Handicraft and Printing Workers,732,Printing Trades Workers,7321,Pre-Press Technicians,7321.0800,Lithographic Artist,00
7,Craft and Related Trades Workers,73,Handicraft and Printing Workers,732,Printing Trades Workers,7321,Pre-Press Technicians,7321.0801,Circuit Imaging Operator,01
7,Craft and Related Trades Workers,73,Handicraft and Printing Workers,732,Printing Trades Workers,7321,Pre-Press Technicians,7321.0802,Circuit Imaging Operator – Photo Imaging,02
7,Craft and Related Trades Workers,73,Handicraft and Printing Workers,732,Printing Trades Workers,7321,Pre-Press Technicians,7321.0900,"Retoucher, Lithographic",00
7,Craft and Related Trades Workers,73,Handicraft and Printing Workers,732,Printing Trades Workers,7321,Pre-Press Technicians,7321.1000,Mounter/Mounting Machine Operator/CNC Mounting Machine Operator,00
7,Craft and Related Trades Workers,73,Handicraft and Printing Workers,732,Printing Trades Workers,7321,Pre-Press Technicians,7321.1200,"Cameraman, Photomechanical",00
7,Craft and Related Trades Workers,73,Handicraft and Printing Workers,732,Printing Trades Workers,7321,Pre-Press Technicians,7321.1300,Microstat Cameraman,00
7,Craft and Related Trades Workers,73,Handicraft and Printing Workers,732,Printing Trades Workers,7321,Pre-Press Technicians,7321.1400,Photostat Camera Operator/Photocopier Operator,00
7,Craft and Related Trades Workers,73,Handicraft and Printing Workers,732,Printing Trades Workers,7321,Pre-Press Technicians,7321.1500,"Transferor, Photomechanical",00
7,Craft and Related Trades Workers,73,Handicraft and Printing Workers,732,Printing Trades Workers,7321,Pre-Press Technicians,7321.1600,Etcher Photo Engraving,00
7,Craft and Related Trades Workers,73,Handicraft and Printing Workers,732,Printing Trades Workers,7321,Pre-Press Technicians,7321.1700,"Barman, Lino Machine",00
7,Craft and Related Trades Workers,73,Handicraft and Printing Workers,732,Printing Trades Workers,7321,Pre-Press Technicians,7321.9900,"Pre-Press Technicians, Others",00
7,Craft and Related Trades Workers,73,Handicraft and Printing Workers,732,Printing Trades Workers,7322,Printers,7322.0200,Lino Operator,00
7,Craft and Related Trades Workers,73,Handicraft and Printing Workers,732,Printing Trades Workers,7322,Printers,7322.0300,Mono Operator,00
7,Craft and Related Trades Workers,73,Handicraft and Printing Workers,732,Printing Trades Workers,7322,Printers,7322.0400,Mono Caster,00
7,Craft and Related Trades Workers,73,Handicraft and Printing Workers,732,Printing Trades Workers,7322,Printers,7322.0500,Type Caster,00
7,Craft and Related Trades Workers,73,Handicraft and Printing Workers,732,Printing Trades Workers,7322,Printers,7322.0600,"Maker-Up, Photo Type Setting",00
7,Craft and Related Trades Workers,73,Handicraft and Printing Workers,732,Printing Trades Workers,7322,Printers,7322.0700,Photo Type Setting Machine Operator,00
7,Craft and Related Trades Workers,73,Handicraft and Printing Workers,732,Printing Trades Workers,7322,Printers,7322.0800,Type Dresser,00
7,Craft and Related Trades Workers,73,Handicraft and Printing Workers,732,Printing Trades Workers,7322,Printers,7322.0900,"Roller Maker, Paper Printing",00
7,Craft and Related Trades Workers,73,Handicraft and Printing Workers,732,Printing Trades Workers,7322,Printers,7322.1000,Braille – Duplicating Machine Operator (Printing & Publishing),00
7,Craft and Related Trades Workers,73,Handicraft and Printing Workers,732,Printing Trades Workers,7322,Printers,7322.1100,"Stencil Cutter, Silk Screen Printing",00
7,Craft and Related Trades Workers,73,Handicraft and Printing Workers,732,Printing Trades Workers,7322,Printers,7322.1200,Silk Screen Printer,00
7,Craft and Related Trades Workers,73,Handicraft and Printing Workers,732,Printing Trades Workers,7322,Printers,7322.1300,Printing Jobber,00
7,Craft and Related Trades Workers,73,Handicraft and Printing Workers,732,Printing Trades Workers,7322,Printers,7322.1400,Colour Maker (Textile Product),00
7,Craft and Related Trades Workers,73,Handicraft and Printing Workers,732,Printing Trades Workers,7322,Printers,7322.1500,Precision Printing Worker,00
7,Craft and Related Trades Workers,73,Handicraft and Printing Workers,732,Printing Trades Workers,7322,Printers,7322.1600,Frontman,00
7,Craft and Related Trades Workers,73,Handicraft and Printing Workers,732,Printing Trades Workers,7322,Printers,7322.1700,"Pressman (Flatbed, Letter Press)",00
7,Craft and Related Trades Workers,73,Handicraft and Printing Workers,732,Printing Trades Workers,7322,Printers,7322.1800,"Machineman, Hand Printing",00
7,Craft and Related Trades Workers,73,Handicraft and Printing Workers,732,Printing Trades Workers,7322,Printers,7322.1900,"Machineman, Automatic Printing",00
7,Craft and Related Trades Workers,73,Handicraft and Printing Workers,732,Printing Trades Workers,7322,Printers,7322.2000,"Machineman, Rotary Printing",00
7,Craft and Related Trades Workers,73,Handicraft and Printing Workers,732,Printing Trades Workers,7322,Printers,7322.2100,"Machineman, Offset Printing",00
7,Craft and Related Trades Workers,73,Handicraft and Printing Workers,732,Printing Trades Workers,7322,Printers,7322.2200,"Machineman, Direct Lithographic Printing",00
7,Craft and Related Trades Workers,73,Handicraft and Printing Workers,732,Printing Trades Workers,7322,Printers,7322.2300,"Pressman, Roto Gravure",00
7,Craft and Related Trades Workers,73,Handicraft and Printing Workers,732,Printing Trades Workers,7322,Printers,7322.9900,"Printers, Others",00
7,Craft and Related Trades Workers,73,Handicraft and Printing Workers,732,Printing Trades Workers,7323,Print Finishing and Binding Workers,7323.0100,Book Binder,00
7,Craft and Related Trades Workers,73,Handicraft and Printing Workers,732,Printing Trades Workers,7323,Print Finishing and Binding Workers,7323.0200,Map and Chart Mounter,00
7,Craft and Related Trades Workers,73,Handicraft and Printing Workers,732,Printing Trades Workers,7323,Print Finishing and Binding Workers,7323.0300,Book Mender,00
7,Craft and Related Trades Workers,73,Handicraft and Printing Workers,732,Printing Trades Workers,7323,Print Finishing and Binding Workers,7323.0400,Book Binding Worker,00
7,Craft and Related Trades Workers,73,Handicraft and Printing Workers,732,Printing Trades Workers,7323,Print Finishing and Binding Workers,7323.9900,"Book Binders and Related Workers, Other",00
7,Craft and Related Trades Workers,74,Electrical and Electronics Trades Workers,741,Electrical Equipment Installers and Repairers,7411,Building and Related Electricians,7411.0100,"Electrician, General",00
7,Craft and Related Trades Workers,74,Electrical and Electronics Trades Workers,741,Electrical Equipment Installers and Repairers,7411,Building and Related Electricians,7411.0101,Access Controls Installation Technician,01
7,Craft and Related Trades Workers,74,Electrical and Electronics Trades Workers,741,Electrical Equipment Installers and Repairers,7411,Building and Related Electricians,7411.0102,CCTV Installation Technician,02
7,Craft and Related Trades Workers,74,Electrical and Electronics Trades Workers,741,Electrical Equipment Installers and Repairers,7411,Building and Related Electricians,7411.0200,Electrician (Mines),00
7,Craft and Related Trades Workers,74,Electrical and Electronics Trades Workers,741,Electrical Equipment Installers and Repairers,7411,Building and Related Electricians,7411.0301,"Wireman, Light and Power",01
7,Craft and Related Trades Workers,74,Electrical and Electronics Trades Workers,741,Electrical Equipment Installers and Repairers,7411,Building and Related Electricians,7411.0500,"Meter Sealer, Electrical",00
7,Craft and Related Trades Workers,74,Electrical and Electronics Trades Workers,741,Electrical Equipment Installers and Repairers,7411,Building and Related Electricians,7411.0600,"Electrician, Stage and Studio",00
7,Craft and Related Trades Workers,74,Electrical and Electronics Trades Workers,741,Electrical Equipment Installers and Repairers,7411,Building and Related Electricians,7411.9900,"Building and Related Electricians, Other",00
7,Craft and Related Trades Workers,74,Electrical and Electronics Trades Workers,741,Electrical Equipment Installers and Repairers,7412,Electrical Mechanics and Fitters,7412.0100,"Mechanic, Precision Instrument, Electrical",00
7,Craft and Related Trades Workers,74,Electrical and Electronics Trades Workers,741,Electrical Equipment Installers and Repairers,7412,Electrical Mechanics and Fitters,7412.0101,Automation Specialist,01
7,Craft and Related Trades Workers,74,Electrical and Electronics Trades Workers,741,Electrical Equipment Installers and Repairers,7412,Electrical Mechanics and Fitters,7412.0102,In-Circuit Testing Machine Operator,02
7,Craft and Related Trades Workers,74,Electrical and Electronics Trades Workers,741,Electrical Equipment Installers and Repairers,7412,Electrical Mechanics and Fitters,7412.0103,Automated Optical Inspection Operator,03
7,Craft and Related Trades Workers,74,Electrical and Electronics Trades Workers,741,Electrical Equipment Installers and Repairers,7412,Electrical Mechanics and Fitters,7412.0104,Bare Board Testing Operator,04
7,Craft and Related Trades Workers,74,Electrical and Electronics Trades Workers,741,Electrical Equipment Installers and Repairers,7412,Electrical Mechanics and Fitters,7412.0200,Electrical Fitter,00
7,Craft and Related Trades Workers,74,Electrical and Electronics Trades Workers,741,Electrical Equipment Installers and Repairers,7412,Electrical Mechanics and Fitters,7412.0201,Fitter – Electrical and Electronic Assembly,01
7,Craft and Related Trades Workers,74,Electrical and Electronics Trades Workers,741,Electrical Equipment Installers and Repairers,7412,Electrical Mechanics and Fitters,7412.0202,Mechanical Fitter,02
7,Craft and Related Trades Workers,74,Electrical and Electronics Trades Workers,741,Electrical Equipment Installers and Repairers,7412,Electrical Mechanics and Fitters,7412.0203,Fitter Electrical Assembly,03
7,Craft and Related Trades Workers,74,Electrical and Electronics Trades Workers,741,Electrical Equipment Installers and Repairers,7412,Electrical Mechanics and Fitters,7412.0300,"Adjuster, Relays",00
7,Craft and Related Trades Workers,74,Electrical and Electronics Trades Workers,741,Electrical Equipment Installers and Repairers,7412,Electrical Mechanics and Fitters,7412.0400,Armature Winder,00
7,Craft and Related Trades Workers,74,Electrical and Electronics Trades Workers,741,Electrical Equipment Installers and Repairers,7412,Electrical Mechanics and Fitters,7412.0500,"Coil Winder, Machine",00
7,Craft and Related Trades Workers,74,Electrical and Electronics Trades Workers,741,Electrical Equipment Installers and Repairers,7412,Electrical Mechanics and Fitters,7412.0600,"Electrician, Aircraft",00
7,Craft and Related Trades Workers,74,Electrical and Electronics Trades Workers,741,Electrical Equipment Installers and Repairers,7412,Electrical Mechanics and Fitters,7412.0701,"Electrician, Automobile",01
7,Craft and Related Trades Workers,74,Electrical and Electronics Trades Workers,741,Electrical Equipment Installers and Repairers,7412,Electrical Mechanics and Fitters,7412.0801,Maintenance Assistant/Helper,01
7,Craft and Related Trades Workers,74,Electrical and Electronics Trades Workers,741,Electrical Equipment Installers and Repairers,7412,Electrical Mechanics and Fitters,7412.0901,Potting and Curing Operator,01
7,Craft and Related Trades Workers,74,Electrical and Electronics Trades Workers,741,Electrical Equipment Installers and Repairers,7412,Electrical Mechanics and Fitters,7412.1001,Mechanical Fitter – Control Panel,01
7,Craft and Related Trades Workers,74,Electrical and Electronics Trades Workers,741,Electrical Equipment Installers and Repairers,7412,Electrical Mechanics and Fitters,7412.1002,Site Engineer – Control Panel,02
7,Craft and Related Trades Workers,74,Electrical and Electronics Trades Workers,741,Electrical Equipment Installers and Repairers,7412,Electrical Mechanics and Fitters,7412.9900,"Electrical Mechanics and Fitters, Other",00
7,Craft and Related Trades Workers,74,Electrical and Electronics Trades Workers,741,Electrical Equipment Installers and Repairers,7413,Electrical Line Installers and Repairers,7413.0100,"Lineman, Light and Power",00
7,Craft and Related Trades Workers,74,Electrical and Electronics Trades Workers,741,Electrical Equipment Installers and Repairers,7413,Electrical Line Installers and Repairers,7413.9900,"Electrical Line Installers, Repairers and",00
7,Craft and Related Trades Workers,74,Electrical and Electronics Trades Workers,741,Electrical Equipment Installers and Repairers,7419,Electrical and Electronic Equipment Mechanics and Fitters and Related Workers Not Elsewhere Classified,7419.0100,Senior Functioner (Telephone Equipment Manufacturing),00
7,Craft and Related Trades Workers,74,Electrical and Electronics Trades Workers,741,Electrical Equipment Installers and Repairers,7419,Electrical and Electronic Equipment Mechanics and Fitters and Related Workers Not Elsewhere Classified,7419.0200,Junior Functioner (Telephone Equipment Manufacturing),00
7,Craft and Related Trades Workers,74,Electrical and Electronics Trades Workers,741,Electrical Equipment Installers and Repairers,7419,Electrical and Electronic Equipment Mechanics and Fitters and Related Workers Not Elsewhere Classified,7419.0300,Wiring Inspector and Bank Tester (Telephone Equipment Manufacturing),00
7,Craft and Related Trades Workers,74,Electrical and Electronics Trades Workers,741,Electrical Equipment Installers and Repairers,7419,Electrical and Electronic Equipment Mechanics and Fitters and Related Workers Not Elsewhere Classified,7419.0400,"Inspector, Assembly (Telephone Equipment Manufacturing)",00
7,Craft and Related Trades Workers,74,Electrical and Electronics Trades Workers,741,Electrical Equipment Installers and Repairers,7419,Electrical and Electronic Equipment Mechanics and Fitters and Related Workers Not Elsewhere Classified,7419.0500,Battery Servicing Man,00
7,Craft and Related Trades Workers,74,Electrical and Electronics Trades Workers,741,Electrical Equipment Installers and Repairers,7419,Electrical and Electronic Equipment Mechanics and Fitters and Related Workers Not Elsewhere Classified,7419.0600,"Operator, Impregnation Plant (Telephone Equipment Manufacturing)",00
7,Craft and Related Trades Workers,74,Electrical and Electronics Trades Workers,741,Electrical Equipment Installers and Repairers,7419,Electrical and Electronic Equipment Mechanics and Fitters and Related Workers Not Elsewhere Classified,7419.9900,"Electrical and Electronic Equipment Mechanics and Fitters and Related Workers, Other",00
7,Craft and Related Trades Workers,74,Electrical and Electronics Trades Workers,742,Electronics and Telecommunication Installers and Repairers,7421,Electronic Mechanics and Servicers,7421.0100,"Electronics Fitter, General",00
7,Craft and Related Trades Workers,74,Electrical and Electronics Trades Workers,742,Electronics and Telecommunication Installers and Repairers,7421,Electronic Mechanics and Servicers,7421.0101,Fitter Electronic Assembly,01
7,Craft and Related Trades Workers,74,Electrical and Electronics Trades Workers,742,Electronics and Telecommunication Installers and Repairers,7421,Electronic Mechanics and Servicers,7421.0300,Electronic Mechanic,00
7,Craft and Related Trades Workers,74,Electrical and Electronics Trades Workers,742,Electronics and Telecommunication Installers and Repairers,7421,Electronic Mechanics and Servicers,7421.0401,Field Technician: Air-Conditioner,01
7,Craft and Related Trades Workers,74,Electrical and Electronics Trades Workers,742,Electronics and Telecommunication Installers and Repairers,7421,Electronic Mechanics and Servicers,7421.0501,Field Technician: Refrigerator,01
7,Craft and Related Trades Workers,74,Electrical and Electronics Trades Workers,742,Electronics and Telecommunication Installers and Repairers,7421,Electronic Mechanics and Servicers,7421.0601,Field Technician: Washing Machine,01
7,Craft and Related Trades Workers,74,Electrical and Electronics Trades Workers,742,Electronics and Telecommunication Installers and Repairers,7421,Electronic Mechanics and Servicers,7421.0701,Field Technician: Other Home Appliances,01
7,Craft and Related Trades Workers,74,Electrical and Electronics Trades Workers,742,Electronics and Telecommunication Installers and Repairers,7421,Electronic Mechanics and Servicers,7421.0801,Field Technician: UPS and Inverter,01
7,Craft and Related Trades Workers,74,Electrical and Electronics Trades Workers,742,Electronics and Telecommunication Installers and Repairers,7421,Electronic Mechanics and Servicers,7421.0901,Field Technician: Digital Camera,01
7,Craft and Related Trades Workers,74,Electrical and Electronics Trades Workers,742,Electronics and Telecommunication Installers and Repairers,7421,Electronic Mechanics and Servicers,7421.1001,Field Engineer – RACW,01
7,Craft and Related Trades Workers,74,Electrical and Electronics Trades Workers,742,Electronics and Telecommunication Installers and Repairers,7421,Electronic Mechanics and Servicers,7421.1101,Repair Assistant: Switches,01
7,Craft and Related Trades Workers,74,Electrical and Electronics Trades Workers,742,Electronics and Telecommunication Installers and Repairers,7421,Electronic Mechanics and Servicers,7421.1201,Auto-Tester Capacitor,01
7,Craft and Related Trades Workers,74,Electrical and Electronics Trades Workers,742,Electronics and Telecommunication Installers and Repairers,7421,Electronic Mechanics and Servicers,7421.1202,Testing Technician,02
7,Craft and Related Trades Workers,74,Electrical and Electronics Trades Workers,742,Electronics and Telecommunication Installers and Repairers,7421,Electronic Mechanics and Servicers,7421.1301,TV Repair Technician,01
7,Craft and Related Trades Workers,74,Electrical and Electronics Trades Workers,742,Electronics and Telecommunication Installers and Repairers,7421,Electronic Mechanics and Servicers,7421.1302,Field Engineer TV,02
7,Craft and Related Trades Workers,74,Electrical and Electronics Trades Workers,742,Electronics and Telecommunication Installers and Repairers,7421,Electronic Mechanics and Servicers,7421.1401,Solar Panel Installation Technician,01
7,Craft and Related Trades Workers,74,Electrical and Electronics Trades Workers,742,Electronics and Telecommunication Installers and Repairers,7421,Electronic Mechanics and Servicers,7421.1402,Solar Photo Voltaic System Installation Technician,02
7,Craft and Related Trades Workers,74,Electrical and Electronics Trades Workers,742,Electronics and Telecommunication Installers and Repairers,7421,Electronic Mechanics and Servicers,7421.1403,PV System Installation Engineer,03
7,Craft and Related Trades Workers,74,Electrical and Electronics Trades Workers,742,Electronics and Telecommunication Installers and Repairers,7421,Electronic Mechanics and Servicers,7421.9900,"Electronic Fitters, Mechanics and Servicers, Other",00
7,Craft and Related Trades Workers,74,Electrical and Electronics Trades Workers,742,Electronics and Telecommunication Installers and Repairers,7422,Information and Communications Technology Installers and Servicers,7422.0100,Installation Mechanic,00
7,Craft and Related Trades Workers,74,Electrical and Electronics Trades Workers,742,Electronics and Telecommunication Installers and Repairers,7422,Information and Communications Technology Installers and Servicers,7422.0200,Maintenance Mechanic,00
7,Craft and Related Trades Workers,74,Electrical and Electronics Trades Workers,742,Electronics and Telecommunication Installers and Repairers,7422,Information and Communications Technology Installers and Servicers,7422.0201,Fault Management Engineer,01
7,Craft and Related Trades Workers,74,Electrical and Electronics Trades Workers,742,Electronics and Telecommunication Installers and Repairers,7422,Information and Communications Technology Installers and Servicers,7422.0202,Grass Root Telecom Provider (GRTP),02
7,Craft and Related Trades Workers,74,Electrical and Electronics Trades Workers,742,Electronics and Telecommunication Installers and Repairers,7422,Information and Communications Technology Installers and Servicers,7422.0203,Handset Repair Engineer (Level II),03
7,Craft and Related Trades Workers,74,Electrical and Electronics Trades Workers,742,Electronics and Telecommunication Installers and Repairers,7422,Information and Communications Technology Installers and Servicers,7422.0204,Infrastructure Engineer,04
7,Craft and Related Trades Workers,74,Electrical and Electronics Trades Workers,742,Electronics and Telecommunication Installers and Repairers,7422,Information and Communications Technology Installers and Servicers,7422.0400,"Lineman, Telephone and Telegraph",00
7,Craft and Related Trades Workers,74,Electrical and Electronics Trades Workers,742,Electronics and Telecommunication Installers and Repairers,7422,Information and Communications Technology Installers and Servicers,7422.0600,"Fault Controller, Telephones",00
7,Craft and Related Trades Workers,74,Electrical and Electronics Trades Workers,742,Electronics and Telecommunication Installers and Repairers,7422,Information and Communications Technology Installers and Servicers,7422.0700,Carrier Attendant (Telephone) and Telegraph,00
7,Craft and Related Trades Workers,74,Electrical and Electronics Trades Workers,742,Electronics and Telecommunication Installers and Repairers,7422,Information and Communications Technology Installers and Servicers,7422.0800,Cable Jointer,00
7,Craft and Related Trades Workers,74,Electrical and Electronics Trades Workers,742,Electronics and Telecommunication Installers and Repairers,7422,Information and Communications Technology Installers and Servicers,7422.0801,Optical Fibre Technician,01
7,Craft and Related Trades Workers,74,Electrical and Electronics Trades Workers,742,Electronics and Telecommunication Installers and Repairers,7422,Information and Communications Technology Installers and Servicers,7422.0802,Optical Fibre Splicer,02
7,Craft and Related Trades Workers,74,Electrical and Electronics Trades Workers,742,Electronics and Telecommunication Installers and Repairers,7422,Information and Communications Technology Installers and Servicers,7422.0900,Radar Mechanic,00
7,Craft and Related Trades Workers,74,Electrical and Electronics Trades Workers,742,Electronics and Telecommunication Installers and Repairers,7422,Information and Communications Technology Installers and Servicers,7422.1000,X-Ray Mechanic,00
7,Craft and Related Trades Workers,74,Electrical and Electronics Trades Workers,742,Electronics and Telecommunication Installers and Repairers,7422,Information and Communications Technology Installers and Servicers,7422.1001,Installation and Service Engineer,01
7,Craft and Related Trades Workers,74,Electrical and Electronics Trades Workers,742,Electronics and Telecommunication Installers and Repairers,7422,Information and Communications Technology Installers and Servicers,7422.1100,Television Installation Man,00
7,Craft and Related Trades Workers,74,Electrical and Electronics Trades Workers,742,Electronics and Telecommunication Installers and Repairers,7422,Information and Communications Technology Installers and Servicers,7422.1200,Cable Television Installer,00
7,Craft and Related Trades Workers,74,Electrical and Electronics Trades Workers,742,Electronics and Telecommunication Installers and Repairers,7422,Information and Communications Technology Installers and Servicers,7422.1201,Set-Top Box Installer/Service Technician,01
7,Craft and Related Trades Workers,74,Electrical and Electronics Trades Workers,742,Electronics and Telecommunication Installers and Repairers,7422,Information and Communications Technology Installers and Servicers,7422.1202,DTH Set-Top Box Installer and Service Technician,02
7,Craft and Related Trades Workers,74,Electrical and Electronics Trades Workers,742,Electronics and Telecommunication Installers and Repairers,7422,Information and Communications Technology Installers and Servicers,7422.1203,DAS Set-Top Box Installer and Service Technician,03
7,Craft and Related Trades Workers,74,Electrical and Electronics Trades Workers,742,Electronics and Telecommunication Installers and Repairers,7422,Information and Communications Technology Installers and Servicers,7422.1300,Television Service and Repairman,00
7,Craft and Related Trades Workers,74,Electrical and Electronics Trades Workers,742,Electronics and Telecommunication Installers and Repairers,7422,Information and Communications Technology Installers and Servicers,7422.1302,Television Repair Technician,02
7,Craft and Related Trades Workers,74,Electrical and Electronics Trades Workers,742,Electronics and Telecommunication Installers and Repairers,7422,Information and Communications Technology Installers and Servicers,7422.1400,Radio Technician (Radio Manufacturing),00
7,Craft and Related Trades Workers,74,Electrical and Electronics Trades Workers,742,Electronics and Telecommunication Installers and Repairers,7422,Information and Communications Technology Installers and Servicers,7422.1500,Radio Mechanic,00
7,Craft and Related Trades Workers,74,Electrical and Electronics Trades Workers,742,Electronics and Telecommunication Installers and Repairers,7422,Information and Communications Technology Installers and Servicers,7422.1600,"Radio Craftsman, Installation",00
7,Craft and Related Trades Workers,74,Electrical and Electronics Trades Workers,742,Electronics and Telecommunication Installers and Repairers,7422,Information and Communications Technology Installers and Servicers,7422.1700,"Radio Craftsman, Maintenance",00
7,Craft and Related Trades Workers,74,Electrical and Electronics Trades Workers,742,Electronics and Telecommunication Installers and Repairers,7422,Information and Communications Technology Installers and Servicers,7422.1801,Site Surveyor/R F Site Surveyor,01
7,Craft and Related Trades Workers,74,Electrical and Electronics Trades Workers,742,Electronics and Telecommunication Installers and Repairers,7422,Information and Communications Technology Installers and Servicers,7422.1901,Assembly Line Operator,01
7,Craft and Related Trades Workers,74,Electrical and Electronics Trades Workers,742,Electronics and Telecommunication Installers and Repairers,7422,Information and Communications Technology Installers and Servicers,7422.2001,Field Technician: (Computing and Peripherals),01
7,Craft and Related Trades Workers,74,Electrical and Electronics Trades Workers,742,Electronics and Telecommunication Installers and Repairers,7422,Information and Communications Technology Installers and Servicers,7422.2002,Installation (Computing and Peripherals),02
7,Craft and Related Trades Workers,74,Electrical and Electronics Trades Workers,742,Electronics and Telecommunication Installers and Repairers,7422,Information and Communications Technology Installers and Servicers,7422.2101,Field Technician: (Networking and Storage),01
7,Craft and Related Trades Workers,74,Electrical and Electronics Trades Workers,742,Electronics and Telecommunication Installers and Repairers,7422,Information and Communications Technology Installers and Servicers,7422.2201,Test and Repair Technician,01
7,Craft and Related Trades Workers,74,Electrical and Electronics Trades Workers,742,Electronics and Telecommunication Installers and Repairers,7422,Information and Communications Technology Installers and Servicers,7422.2301,Smartphones Repair Technician,01
7,Craft and Related Trades Workers,74,Electrical and Electronics Trades Workers,742,Electronics and Telecommunication Installers and Repairers,7422,Information and Communications Technology Installers and Servicers,7422.3001,Tower Technician,01
7,Craft and Related Trades Workers,74,Electrical and Electronics Trades Workers,742,Electronics and Telecommunication Installers and Repairers,7422,Information and Communications Technology Installers and Servicers,7422.9900,"Information and Communications Technology Installers and Servicers, Other",00
7,Craft and Related Trades Workers,75,"Food Processing, Woodworking, Garment and Other Craft and Related Trades Workers",751,Food Processing and Related Trade Workers,7511,"Butchers, Fishmongers and Related Food Preparers",7511.0100,Butcher,00
7,Craft and Related Trades Workers,75,"Food Processing, Woodworking, Garment and Other Craft and Related Trades Workers",751,Food Processing and Related Trade Workers,7511,"Butchers, Fishmongers and Related Food Preparers",7511.0200,Slaughterer,00
7,Craft and Related Trades Workers,75,"Food Processing, Woodworking, Garment and Other Craft and Related Trades Workers",751,Food Processing and Related Trade Workers,7511,"Butchers, Fishmongers and Related Food Preparers",7511.0300,Sausage Maker,00
7,Craft and Related Trades Workers,75,"Food Processing, Woodworking, Garment and Other Craft and Related Trades Workers",751,Food Processing and Related Trade Workers,7511,"Butchers, Fishmongers and Related Food Preparers",7511.0400,Briner,00
7,Craft and Related Trades Workers,75,"Food Processing, Woodworking, Garment and Other Craft and Related Trades Workers",751,Food Processing and Related Trade Workers,7511,"Butchers, Fishmongers and Related Food Preparers",7511.0500,Pickler (Meat Product),00
7,Craft and Related Trades Workers,75,"Food Processing, Woodworking, Garment and Other Craft and Related Trades Workers",751,Food Processing and Related Trade Workers,7511,"Butchers, Fishmongers and Related Food Preparers",7511.0600,Shactor,00
7,Craft and Related Trades Workers,75,"Food Processing, Woodworking, Garment and Other Craft and Related Trades Workers",751,Food Processing and Related Trade Workers,7511,"Butchers, Fishmongers and Related Food Preparers",7511.9900,"Butchers, Fishmongers and Related Food",00
7,Craft and Related Trades Workers,75,"Food Processing, Woodworking, Garment and Other Craft and Related Trades Workers",751,Food Processing and Related Trade Workers,7512,"Bakers, Pastry Cooks and Confectionery Makers",7512.0100,Baker (Baking Products),00
7,Craft and Related Trades Workers,75,"Food Processing, Woodworking, Garment and Other Craft and Related Trades Workers",751,Food Processing and Related Trade Workers,7512,"Bakers, Pastry Cooks and Confectionery Makers",7512.0200,Mixing Machine Attendant,00
7,Craft and Related Trades Workers,75,"Food Processing, Woodworking, Garment and Other Craft and Related Trades Workers",751,Food Processing and Related Trade Workers,7512,"Bakers, Pastry Cooks and Confectionery Makers",7512.0300,Ovenman (Bakery Products),00
7,Craft and Related Trades Workers,75,"Food Processing, Woodworking, Garment and Other Craft and Related Trades Workers",751,Food Processing and Related Trade Workers,7512,"Bakers, Pastry Cooks and Confectionery Makers",7512.0400,Sweet Meat Maker,00
7,Craft and Related Trades Workers,75,"Food Processing, Woodworking, Garment and Other Craft and Related Trades Workers",751,Food Processing and Related Trade Workers,7512,"Bakers, Pastry Cooks and Confectionery Makers",7512.0500,Candy Maker,00
7,Craft and Related Trades Workers,75,"Food Processing, Woodworking, Garment and Other Craft and Related Trades Workers",751,Food Processing and Related Trade Workers,7512,"Bakers, Pastry Cooks and Confectionery Makers",7512.0600,Panman (Confectionery),00
7,Craft and Related Trades Workers,75,"Food Processing, Woodworking, Garment and Other Craft and Related Trades Workers",751,Food Processing and Related Trade Workers,7512,"Bakers, Pastry Cooks and Confectionery Makers",7512.0700,"Plate Worker, Confectionery",00
7,Craft and Related Trades Workers,75,"Food Processing, Woodworking, Garment and Other Craft and Related Trades Workers",751,Food Processing and Related Trade Workers,7512,"Bakers, Pastry Cooks and Confectionery Makers",7512.0800,Chocolate Maker,00
7,Craft and Related Trades Workers,75,"Food Processing, Woodworking, Garment and Other Craft and Related Trades Workers",751,Food Processing and Related Trade Workers,7512,"Bakers, Pastry Cooks and Confectionery Makers",7512.0900,Conche Operator (Sugar & Confectionery),00
7,Craft and Related Trades Workers,75,"Food Processing, Woodworking, Garment and Other Craft and Related Trades Workers",751,Food Processing and Related Trade Workers,7512,"Bakers, Pastry Cooks and Confectionery Makers",7512.1000,Yeast Maker (Beverage),00
7,Craft and Related Trades Workers,75,"Food Processing, Woodworking, Garment and Other Craft and Related Trades Workers",751,Food Processing and Related Trade Workers,7512,"Bakers, Pastry Cooks and Confectionery Makers",7512.9900,"Bakers, Pastry Cooks and Confectionery Makers, Other",00
7,Craft and Related Trades Workers,75,"Food Processing, Woodworking, Garment and Other Craft and Related Trades Workers",751,Food Processing and Related Trade Workers,7513,Dairy Products Makers,7513.0100,"Dairy Worker, General",00
7,Craft and Related Trades Workers,75,"Food Processing, Woodworking, Garment and Other Craft and Related Trades Workers",751,Food Processing and Related Trade Workers,7513,Dairy Products Makers,7513.0200,Separator Man,00
7,Craft and Related Trades Workers,75,"Food Processing, Woodworking, Garment and Other Craft and Related Trades Workers",751,Food Processing and Related Trade Workers,7513,Dairy Products Makers,7513.0300,Butter Maker,00
7,Craft and Related Trades Workers,75,"Food Processing, Woodworking, Garment and Other Craft and Related Trades Workers",751,Food Processing and Related Trade Workers,7513,Dairy Products Makers,7513.0400,Cheese Maker,00
7,Craft and Related Trades Workers,75,"Food Processing, Woodworking, Garment and Other Craft and Related Trades Workers",751,Food Processing and Related Trade Workers,7513,Dairy Products Makers,7513.0500,Ice-Cream Maker,00
7,Craft and Related Trades Workers,75,"Food Processing, Woodworking, Garment and Other Craft and Related Trades Workers",751,Food Processing and Related Trade Workers,7513,Dairy Products Makers,7513.9900,"Dairy Products Makers, Others",00
7,Craft and Related Trades Workers,75,"Food Processing, Woodworking, Garment and Other Craft and Related Trades Workers",751,Food Processing and Related Trade Workers,7514,"Fruits, Vegetables and Related Preservers",7514.0100,Oil Expeller Man,00
7,Craft and Related Trades Workers,75,"Food Processing, Woodworking, Garment and Other Craft and Related Trades Workers",751,Food Processing and Related Trade Workers,7514,"Fruits, Vegetables and Related Preservers",7514.0200,"Oil Crusher Operator, Animal-Driven",00
7,Craft and Related Trades Workers,75,"Food Processing, Woodworking, Garment and Other Craft and Related Trades Workers",751,Food Processing and Related Trade Workers,7514,"Fruits, Vegetables and Related Preservers",7514.0300,"Grinder, Hand (Food Grain)",00
7,Craft and Related Trades Workers,75,"Food Processing, Woodworking, Garment and Other Craft and Related Trades Workers",751,Food Processing and Related Trade Workers,7514,"Fruits, Vegetables and Related Preservers",7514.0400,"Pounder, Hand (Food Grain)",00
7,Craft and Related Trades Workers,75,"Food Processing, Woodworking, Garment and Other Craft and Related Trades Workers",751,Food Processing and Related Trade Workers,7514,"Fruits, Vegetables and Related Preservers",7514.0500,Parcher (Food Grain),00
7,Craft and Related Trades Workers,75,"Food Processing, Woodworking, Garment and Other Craft and Related Trades Workers",751,Food Processing and Related Trade Workers,7514,"Fruits, Vegetables and Related Preservers",7514.0600,"Washing Machine Attendant, Cleaner (Food Grain)",00
7,Craft and Related Trades Workers,75,"Food Processing, Woodworking, Garment and Other Craft and Related Trades Workers",751,Food Processing and Related Trade Workers,7514,"Fruits, Vegetables and Related Preservers",7514.0700,"Cook, General (Food Canning and Preserving)",00
7,Craft and Related Trades Workers,75,"Food Processing, Woodworking, Garment and Other Craft and Related Trades Workers",751,Food Processing and Related Trade Workers,7514,"Fruits, Vegetables and Related Preservers",7514.0800,Condiment Maker (Food Canning & Preserving),00
7,Craft and Related Trades Workers,75,"Food Processing, Woodworking, Garment and Other Craft and Related Trades Workers",751,Food Processing and Related Trade Workers,7514,"Fruits, Vegetables and Related Preservers",7514.0900,Cannery Worker (Can & Preservation),00
7,Craft and Related Trades Workers,75,"Food Processing, Woodworking, Garment and Other Craft and Related Trades Workers",751,Food Processing and Related Trade Workers,7514,"Fruits, Vegetables and Related Preservers",7514.1000,Pickler (Can & Preservation),00
7,Craft and Related Trades Workers,75,"Food Processing, Woodworking, Garment and Other Craft and Related Trades Workers",751,Food Processing and Related Trade Workers,7514,"Fruits, Vegetables and Related Preservers",7514.1100,"Preservative Filler, Machine (Can & Preservation)",00
7,Craft and Related Trades Workers,75,"Food Processing, Woodworking, Garment and Other Craft and Related Trades Workers",751,Food Processing and Related Trade Workers,7514,"Fruits, Vegetables and Related Preservers",7514.9900,"Fruits, Vegetables and Related Preservers, Others",00
7,Craft and Related Trades Workers,75,"Food Processing, Woodworking, Garment and Other Craft and Related Trades Workers",751,Food Processing and Related Trade Workers,7515,Food and Beverage Tasters and Graders,7515.0100,Tea Taster,00
7,Craft and Related Trades Workers,75,"Food Processing, Woodworking, Garment and Other Craft and Related Trades Workers",751,Food Processing and Related Trade Workers,7515,Food and Beverage Tasters and Graders,7515.0200,Liquor Taster,00
7,Craft and Related Trades Workers,75,"Food Processing, Woodworking, Garment and Other Craft and Related Trades Workers",751,Food Processing and Related Trade Workers,7515,Food and Beverage Tasters and Graders,7515.0300,Taster (Food),00
7,Craft and Related Trades Workers,75,"Food Processing, Woodworking, Garment and Other Craft and Related Trades Workers",751,Food Processing and Related Trade Workers,7515,Food and Beverage Tasters and Graders,7515.0400,"Grader, Meat",00
7,Craft and Related Trades Workers,75,"Food Processing, Woodworking, Garment and Other Craft and Related Trades Workers",751,Food Processing and Related Trade Workers,7515,Food and Beverage Tasters and Graders,7515.9900,"Food and Beverage Tasters and Graders, Other",00
7,Craft and Related Trades Workers,75,"Food Processing, Woodworking, Garment and Other Craft and Related Trades Workers",751,Food Processing and Related Trade Workers,7516,Tobacco Preparers and Tobacco Products,7516.0100,Tobacco Curer,00
7,Craft and Related Trades Workers,75,"Food Processing, Woodworking, Garment and Other Craft and Related Trades Workers",751,Food Processing and Related Trade Workers,7516,Tobacco Preparers and Tobacco Products,7516.0200,Tobacco Grader,00
7,Craft and Related Trades Workers,75,"Food Processing, Woodworking, Garment and Other Craft and Related Trades Workers",751,Food Processing and Related Trade Workers,7516,Tobacco Preparers and Tobacco Products,7516.0300,"Blender, Tobacco",00
7,Craft and Related Trades Workers,75,"Food Processing, Woodworking, Garment and Other Craft and Related Trades Workers",751,Food Processing and Related Trade Workers,7516,Tobacco Preparers and Tobacco Products,7516.0400,"Conditioner, Tobacco",00
7,Craft and Related Trades Workers,75,"Food Processing, Woodworking, Garment and Other Craft and Related Trades Workers",751,Food Processing and Related Trade Workers,7516,Tobacco Preparers and Tobacco Products,7516.0500,Cigar or Cheroot Roller,00
7,Craft and Related Trades Workers,75,"Food Processing, Woodworking, Garment and Other Craft and Related Trades Workers",751,Food Processing and Related Trade Workers,7516,Tobacco Preparers and Tobacco Products,7516.0600,Cigar or Cheroot Roller Helper,00
7,Craft and Related Trades Workers,75,"Food Processing, Woodworking, Garment and Other Craft and Related Trades Workers",751,Food Processing and Related Trade Workers,7516,Tobacco Preparers and Tobacco Products,7516.0700,Bidi Maker,00
7,Craft and Related Trades Workers,75,"Food Processing, Woodworking, Garment and Other Craft and Related Trades Workers",751,Food Processing and Related Trade Workers,7516,Tobacco Preparers and Tobacco Products,7516.0800,"Furnace Man, Bidi",00
7,Craft and Related Trades Workers,75,"Food Processing, Woodworking, Garment and Other Craft and Related Trades Workers",751,Food Processing and Related Trade Workers,7516,Tobacco Preparers and Tobacco Products,7516.0900,Bidi Checker,00
7,Craft and Related Trades Workers,75,"Food Processing, Woodworking, Garment and Other Craft and Related Trades Workers",751,Food Processing and Related Trade Workers,7516,Tobacco Preparers and Tobacco Products,7516.1000,Snuff Maker,00
7,Craft and Related Trades Workers,75,"Food Processing, Woodworking, Garment and Other Craft and Related Trades Workers",751,Food Processing and Related Trade Workers,7516,Tobacco Preparers and Tobacco Products,7516.1100,Chewing Tobacco Maker,00
7,Craft and Related Trades Workers,75,"Food Processing, Woodworking, Garment and Other Craft and Related Trades Workers",751,Food Processing and Related Trade Workers,7516,Tobacco Preparers and Tobacco Products,7516.9900,"Tobacco Preparers and Tobacco Products Makers, Other",00
7,Craft and Related Trades Workers,75,"Food Processing, Woodworking, Garment and Other Craft and Related Trades Workers",752,"Wood Treaters, Cabinet Makers and Related Trades Workers",7521,Wood Treaters,7521.0100,"Kiln Operator, Wood",00
7,Craft and Related Trades Workers,75,"Food Processing, Woodworking, Garment and Other Craft and Related Trades Workers",752,"Wood Treaters, Cabinet Makers and Related Trades Workers",7521,Wood Treaters,7521.0200,"Impregnator, Wood",00
7,Craft and Related Trades Workers,75,"Food Processing, Woodworking, Garment and Other Craft and Related Trades Workers",752,"Wood Treaters, Cabinet Makers and Related Trades Workers",7521,Wood Treaters,7521.0300,Wood Bender,00
7,Craft and Related Trades Workers,75,"Food Processing, Woodworking, Garment and Other Craft and Related Trades Workers",752,"Wood Treaters, Cabinet Makers and Related Trades Workers",7521,Wood Treaters,7521.0400,Wood Treater,00
7,Craft and Related Trades Workers,75,"Food Processing, Woodworking, Garment and Other Craft and Related Trades Workers",752,"Wood Treaters, Cabinet Makers and Related Trades Workers",7521,Wood Treaters,7521.0500,Grader (Wood Working),00
7,Craft and Related Trades Workers,75,"Food Processing, Woodworking, Garment and Other Craft and Related Trades Workers",752,"Wood Treaters, Cabinet Makers and Related Trades Workers",7521,Wood Treaters,7521.9900,"Wood Treaters, Other",00
7,Craft and Related Trades Workers,75,"Food Processing, Woodworking, Garment and Other Craft and Related Trades Workers",752,"Wood Treaters, Cabinet Makers and Related Trades Workers",7522,Cabinet Makers and Related Workers,7522.0100,"Furniture Maker, Wood",00
7,Craft and Related Trades Workers,75,"Food Processing, Woodworking, Garment and Other Craft and Related Trades Workers",752,"Wood Treaters, Cabinet Makers and Related Trades Workers",7522,Cabinet Makers and Related Workers,7522.0200,Cabinet Maker,00
7,Craft and Related Trades Workers,75,"Food Processing, Woodworking, Garment and Other Craft and Related Trades Workers",752,"Wood Treaters, Cabinet Makers and Related Trades Workers",7522,Cabinet Makers and Related Workers,7522.0600,"Body Builder, Automobile",00
7,Craft and Related Trades Workers,75,"Food Processing, Woodworking, Garment and Other Craft and Related Trades Workers",752,"Wood Treaters, Cabinet Makers and Related Trades Workers",7522,Cabinet Makers and Related Workers,7522.0700,"Coach Builder, Railway",00
7,Craft and Related Trades Workers,75,"Food Processing, Woodworking, Garment and Other Craft and Related Trades Workers",752,"Wood Treaters, Cabinet Makers and Related Trades Workers",7522,Cabinet Makers and Related Workers,7522.0800,"Body Builder, Other Vehicles",00
7,Craft and Related Trades Workers,75,"Food Processing, Woodworking, Garment and Other Craft and Related Trades Workers",752,"Wood Treaters, Cabinet Makers and Related Trades Workers",7522,Cabinet Makers and Related Workers,7522.0900,Wood Marker,00
7,Craft and Related Trades Workers,75,"Food Processing, Woodworking, Garment and Other Craft and Related Trades Workers",752,"Wood Treaters, Cabinet Makers and Related Trades Workers",7522,Cabinet Makers and Related Workers,7522.1000,"Pattern Marker, Wood",00
7,Craft and Related Trades Workers,75,"Food Processing, Woodworking, Garment and Other Craft and Related Trades Workers",752,"Wood Treaters, Cabinet Makers and Related Trades Workers",7522,Cabinet Makers and Related Workers,7522.1100,Cooper,00
7,Craft and Related Trades Workers,75,"Food Processing, Woodworking, Garment and Other Craft and Related Trades Workers",752,"Wood Treaters, Cabinet Makers and Related Trades Workers",7522,Cabinet Makers and Related Workers,7522.1200,"Wood Carver, Hand",00
7,Craft and Related Trades Workers,75,"Food Processing, Woodworking, Garment and Other Craft and Related Trades Workers",752,"Wood Treaters, Cabinet Makers and Related Trades Workers",7522,Cabinet Makers and Related Workers,7522.1300,"Inlayer, Wood",00
7,Craft and Related Trades Workers,75,"Food Processing, Woodworking, Garment and Other Craft and Related Trades Workers",752,"Wood Treaters, Cabinet Makers and Related Trades Workers",7522,Cabinet Makers and Related Workers,7522.1400,"Toy Maker, Wood",00
7,Craft and Related Trades Workers,75,"Food Processing, Woodworking, Garment and Other Craft and Related Trades Workers",752,"Wood Treaters, Cabinet Makers and Related Trades Workers",7522,Cabinet Makers and Related Workers,7522.1500,"Pith Worker, Wood",00
7,Craft and Related Trades Workers,75,"Food Processing, Woodworking, Garment and Other Craft and Related Trades Workers",752,"Wood Treaters, Cabinet Makers and Related Trades Workers",7522,Cabinet Makers and Related Workers,7522.1600,Picture Frame Maker,00
7,Craft and Related Trades Workers,75,"Food Processing, Woodworking, Garment and Other Craft and Related Trades Workers",752,"Wood Treaters, Cabinet Makers and Related Trades Workers",7522,Cabinet Makers and Related Workers,7522.1800,"Sports Goods Maker, Wood",00
7,Craft and Related Trades Workers,75,"Food Processing, Woodworking, Garment and Other Craft and Related Trades Workers",752,"Wood Treaters, Cabinet Makers and Related Trades Workers",7522,Cabinet Makers and Related Workers,7522.1900,Wood Lacquerer,00
7,Craft and Related Trades Workers,75,"Food Processing, Woodworking, Garment and Other Craft and Related Trades Workers",752,"Wood Treaters, Cabinet Makers and Related Trades Workers",7522,Cabinet Makers and Related Workers,7522.2000,Wood Polisher,00
7,Craft and Related Trades Workers,75,"Food Processing, Woodworking, Garment and Other Craft and Related Trades Workers",752,"Wood Treaters, Cabinet Makers and Related Trades Workers",7522,Cabinet Makers and Related Workers,7522.2100,Paper Board Maker,00
7,Craft and Related Trades Workers,75,"Food Processing, Woodworking, Garment and Other Craft and Related Trades Workers",752,"Wood Treaters, Cabinet Makers and Related Trades Workers",7522,Cabinet Makers and Related Workers,7522.9900,"Cabinet Makers and Related Workers, Other",00
7,Craft and Related Trades Workers,75,"Food Processing, Woodworking, Garment and Other Craft and Related Trades Workers",752,"Wood Treaters, Cabinet Makers and Related Trades Workers",7523,Wood Working Machine Tool Setters and Operators,7523.0100,"Wood Machinist, General",00
7,Craft and Related Trades Workers,75,"Food Processing, Woodworking, Garment and Other Craft and Related Trades Workers",752,"Wood Treaters, Cabinet Makers and Related Trades Workers",7523,Wood Working Machine Tool Setters and Operators,7523.0200,"Wood Turner, Machine",00
7,Craft and Related Trades Workers,75,"Food Processing, Woodworking, Garment and Other Craft and Related Trades Workers",752,"Wood Treaters, Cabinet Makers and Related Trades Workers",7523,Wood Working Machine Tool Setters and Operators,7523.0300,"Wood, Turner Hand",00
7,Craft and Related Trades Workers,75,"Food Processing, Woodworking, Garment and Other Craft and Related Trades Workers",752,"Wood Treaters, Cabinet Makers and Related Trades Workers",7523,Wood Working Machine Tool Setters and Operators,7523.0400,Shaper Wood,00
7,Craft and Related Trades Workers,75,"Food Processing, Woodworking, Garment and Other Craft and Related Trades Workers",752,"Wood Treaters, Cabinet Makers and Related Trades Workers",7523,Wood Working Machine Tool Setters and Operators,7523.0500,"Router, Wood",00
7,Craft and Related Trades Workers,75,"Food Processing, Woodworking, Garment and Other Craft and Related Trades Workers",752,"Wood Treaters, Cabinet Makers and Related Trades Workers",7523,Wood Working Machine Tool Setters and Operators,7523.0600,"Planer, Wood",00
7,Craft and Related Trades Workers,75,"Food Processing, Woodworking, Garment and Other Craft and Related Trades Workers",752,"Wood Treaters, Cabinet Makers and Related Trades Workers",7523,Wood Working Machine Tool Setters and Operators,7523.0700,Four Cutter,00
7,Craft and Related Trades Workers,75,"Food Processing, Woodworking, Garment and Other Craft and Related Trades Workers",752,"Wood Treaters, Cabinet Makers and Related Trades Workers",7523,Wood Working Machine Tool Setters and Operators,7523.0800,"Wood Sawyer, Hand",00
7,Craft and Related Trades Workers,75,"Food Processing, Woodworking, Garment and Other Craft and Related Trades Workers",752,"Wood Treaters, Cabinet Makers and Related Trades Workers",7523,Wood Working Machine Tool Setters and Operators,7523.0900,"Moulder, Wood",00
7,Craft and Related Trades Workers,75,"Food Processing, Woodworking, Garment and Other Craft and Related Trades Workers",752,"Wood Treaters, Cabinet Makers and Related Trades Workers",7523,Wood Working Machine Tool Setters and Operators,7523.1000,Mortiser Operator,00
7,Craft and Related Trades Workers,75,"Food Processing, Woodworking, Garment and Other Craft and Related Trades Workers",752,"Wood Treaters, Cabinet Makers and Related Trades Workers",7523,Wood Working Machine Tool Setters and Operators,7523.1100,Tennoning Machine Operator,00
7,Craft and Related Trades Workers,75,"Food Processing, Woodworking, Garment and Other Craft and Related Trades Workers",752,"Wood Treaters, Cabinet Makers and Related Trades Workers",7523,Wood Working Machine Tool Setters and Operators,7523.1200,Jointer Machine Operator,00
7,Craft and Related Trades Workers,75,"Food Processing, Woodworking, Garment and Other Craft and Related Trades Workers",752,"Wood Treaters, Cabinet Makers and Related Trades Workers",7523,Wood Working Machine Tool Setters and Operators,7523.1300,Driller Wood,00
7,Craft and Related Trades Workers,75,"Food Processing, Woodworking, Garment and Other Craft and Related Trades Workers",752,"Wood Treaters, Cabinet Makers and Related Trades Workers",7523,Wood Working Machine Tool Setters and Operators,7523.1400,Dowell Machine Operator,00
7,Craft and Related Trades Workers,75,"Food Processing, Woodworking, Garment and Other Craft and Related Trades Workers",752,"Wood Treaters, Cabinet Makers and Related Trades Workers",7523,Wood Working Machine Tool Setters and Operators,7523.1500,Wood Wool Machine Operator,00
7,Craft and Related Trades Workers,75,"Food Processing, Woodworking, Garment and Other Craft and Related Trades Workers",752,"Wood Treaters, Cabinet Makers and Related Trades Workers",7523,Wood Working Machine Tool Setters and Operators,7523.1600,"Wood Carver, Machine",00
7,Craft and Related Trades Workers,75,"Food Processing, Woodworking, Garment and Other Craft and Related Trades Workers",752,"Wood Treaters, Cabinet Makers and Related Trades Workers",7523,Wood Working Machine Tool Setters and Operators,7523.1700,Fret Saw Machine Operator,00
7,Craft and Related Trades Workers,75,"Food Processing, Woodworking, Garment and Other Craft and Related Trades Workers",752,"Wood Treaters, Cabinet Makers and Related Trades Workers",7523,Wood Working Machine Tool Setters and Operators,7523.1800,Sander Operator,00
7,Craft and Related Trades Workers,75,"Food Processing, Woodworking, Garment and Other Craft and Related Trades Workers",752,"Wood Treaters, Cabinet Makers and Related Trades Workers",7523,Wood Working Machine Tool Setters and Operators,7523.9900,"Wood Working Machine Setters and Setter Operators, Others",00
7,Craft and Related Trades Workers,75,"Food Processing, Woodworking, Garment and Other Craft and Related Trades Workers",753,Garment and Related Trades Workers,7531,"Tailors, Dressmakers, Furriers and Hatters",7531.0100,"Tailor, General",00
7,Craft and Related Trades Workers,75,"Food Processing, Woodworking, Garment and Other Craft and Related Trades Workers",753,Garment and Related Trades Workers,7531,"Tailors, Dressmakers, Furriers and Hatters",7531.0101,Sampling Tailor,01
7,Craft and Related Trades Workers,75,"Food Processing, Woodworking, Garment and Other Craft and Related Trades Workers",753,Garment and Related Trades Workers,7531,"Tailors, Dressmakers, Furriers and Hatters",7531.0200,Dressmaker/Ladies Dressmaker,00
7,Craft and Related Trades Workers,75,"Food Processing, Woodworking, Garment and Other Craft and Related Trades Workers",753,Garment and Related Trades Workers,7531,"Tailors, Dressmakers, Furriers and Hatters",7531.0300,Coat Maker,00
7,Craft and Related Trades Workers,75,"Food Processing, Woodworking, Garment and Other Craft and Related Trades Workers",753,Garment and Related Trades Workers,7531,"Tailors, Dressmakers, Furriers and Hatters",7531.0400,Trouser Maker,00
7,Craft and Related Trades Workers,75,"Food Processing, Woodworking, Garment and Other Craft and Related Trades Workers",753,Garment and Related Trades Workers,7531,"Tailors, Dressmakers, Furriers and Hatters",7531.0500,Shirt Maker,00
7,Craft and Related Trades Workers,75,"Food Processing, Woodworking, Garment and Other Craft and Related Trades Workers",753,Garment and Related Trades Workers,7531,"Tailors, Dressmakers, Furriers and Hatters",7531.0700,"Hat Maker, General",00
7,Craft and Related Trades Workers,75,"Food Processing, Woodworking, Garment and Other Craft and Related Trades Workers",753,Garment and Related Trades Workers,7531,"Tailors, Dressmakers, Furriers and Hatters",7531.0900,Cap Maker,00
7,Craft and Related Trades Workers,75,"Food Processing, Woodworking, Garment and Other Craft and Related Trades Workers",753,Garment and Related Trades Workers,7531,"Tailors, Dressmakers, Furriers and Hatters",7531.1000,Wig Maker,00
7,Craft and Related Trades Workers,75,"Food Processing, Woodworking, Garment and Other Craft and Related Trades Workers",753,Garment and Related Trades Workers,7531,"Tailors, Dressmakers, Furriers and Hatters",7531.1200,"Tailor, Fur",00
7,Craft and Related Trades Workers,75,"Food Processing, Woodworking, Garment and Other Craft and Related Trades Workers",753,Garment and Related Trades Workers,7531,"Tailors, Dressmakers, Furriers and Hatters",7531.1300,"Pattern Maker, Fur",00
7,Craft and Related Trades Workers,75,"Food Processing, Woodworking, Garment and Other Craft and Related Trades Workers",753,Garment and Related Trades Workers,7531,"Tailors, Dressmakers, Furriers and Hatters",7531.1400,"Grader and Matcher, Fur",00
7,Craft and Related Trades Workers,75,"Food Processing, Woodworking, Garment and Other Craft and Related Trades Workers",753,Garment and Related Trades Workers,7531,"Tailors, Dressmakers, Furriers and Hatters",7531.1500,"Cutter, Fur",00
7,Craft and Related Trades Workers,75,"Food Processing, Woodworking, Garment and Other Craft and Related Trades Workers",753,Garment and Related Trades Workers,7531,"Tailors, Dressmakers, Furriers and Hatters",7531.1600,"Nailor, Fur",00
7,Craft and Related Trades Workers,75,"Food Processing, Woodworking, Garment and Other Craft and Related Trades Workers",753,Garment and Related Trades Workers,7531,"Tailors, Dressmakers, Furriers and Hatters",7531.9900,"Tailors, Dressmakers, Furriers and Hatters, Other",00
7,Craft and Related Trades Workers,75,"Food Processing, Woodworking, Garment and Other Craft and Related Trades Workers",753,Garment and Related Trades Workers,7532,Garment and Related Pattern Makers and Cutters,7532.0100,Designer (Garment),00
7,Craft and Related Trades Workers,75,"Food Processing, Woodworking, Garment and Other Craft and Related Trades Workers",753,Garment and Related Trades Workers,7532,Garment and Related Pattern Makers and Cutters,7532.0200,"Designer, Leather Articles",00
7,Craft and Related Trades Workers,75,"Food Processing, Woodworking, Garment and Other Craft and Related Trades Workers",753,Garment and Related Trades Workers,7532,Garment and Related Pattern Makers and Cutters,7532.0300,Case Finisher (Leather Product),00
7,Craft and Related Trades Workers,75,"Food Processing, Woodworking, Garment and Other Craft and Related Trades Workers",753,Garment and Related Trades Workers,7532,Garment and Related Pattern Makers and Cutters,7532.0500,"Frame Maker, Cap",00
7,Craft and Related Trades Workers,75,"Food Processing, Woodworking, Garment and Other Craft and Related Trades Workers",753,Garment and Related Trades Workers,7532,Garment and Related Pattern Makers and Cutters,7532.0600,Master Cutter (Garment),00
7,Craft and Related Trades Workers,75,"Food Processing, Woodworking, Garment and Other Craft and Related Trades Workers",753,Garment and Related Trades Workers,7532,Garment and Related Pattern Makers and Cutters,7532.0700,"Cutter, Hand (Textile Product)",00
7,Craft and Related Trades Workers,75,"Food Processing, Woodworking, Garment and Other Craft and Related Trades Workers",753,Garment and Related Trades Workers,7532,Garment and Related Pattern Makers and Cutters,7532.0900,"Cutter, Machine (Textile Product)",00
7,Craft and Related Trades Workers,75,"Food Processing, Woodworking, Garment and Other Craft and Related Trades Workers",753,Garment and Related Trades Workers,7532,Garment and Related Pattern Makers and Cutters,7532.0901,Garment Cutter (CAM),01
7,Craft and Related Trades Workers,75,"Food Processing, Woodworking, Garment and Other Craft and Related Trades Workers",753,Garment and Related Trades Workers,7532,Garment and Related Pattern Makers and Cutters,7532.0902,"Advance Pattern Maker, Garment (CAD/CAM)",02
7,Craft and Related Trades Workers,75,"Food Processing, Woodworking, Garment and Other Craft and Related Trades Workers",753,Garment and Related Trades Workers,7532,Garment and Related Pattern Makers and Cutters,7532.0903,Layerman,03
7,Craft and Related Trades Workers,75,"Food Processing, Woodworking, Garment and Other Craft and Related Trades Workers",753,Garment and Related Trades Workers,7532,Garment and Related Pattern Makers and Cutters,7532.1000,"Cutter, Garment (Leather)",00
7,Craft and Related Trades Workers,75,"Food Processing, Woodworking, Garment and Other Craft and Related Trades Workers",753,Garment and Related Trades Workers,7532,Garment and Related Pattern Makers and Cutters,7532.1001,"Cutter, Goods and Garments (Leather)",01
7,Craft and Related Trades Workers,75,"Food Processing, Woodworking, Garment and Other Craft and Related Trades Workers",753,Garment and Related Trades Workers,7532,Garment and Related Pattern Makers and Cutters,7532.1100,"Cutter, Gloves (Leather)",00
7,Craft and Related Trades Workers,75,"Food Processing, Woodworking, Garment and Other Craft and Related Trades Workers",753,Garment and Related Trades Workers,7532,Garment and Related Pattern Makers and Cutters,7532.1200,Button Hole Maker,00
7,Craft and Related Trades Workers,75,"Food Processing, Woodworking, Garment and Other Craft and Related Trades Workers",753,Garment and Related Trades Workers,7532,Garment and Related Pattern Makers and Cutters,7532.1300,Cutter Tent,00
7,Craft and Related Trades Workers,75,"Food Processing, Woodworking, Garment and Other Craft and Related Trades Workers",753,Garment and Related Trades Workers,7532,Garment and Related Pattern Makers and Cutters,7532.9900,"Garment and Related Pattern Makers and Cutters, Other",00
7,Craft and Related Trades Workers,75,"Food Processing, Woodworking, Garment and Other Craft and Related Trades Workers",753,Garment and Related Trades Workers,7533,"Sewing, Embroiderers and Related Workers",7533.0100,"Sewer, Hand",00
7,Craft and Related Trades Workers,75,"Food Processing, Woodworking, Garment and Other Craft and Related Trades Workers",753,Garment and Related Trades Workers,7533,"Sewing, Embroiderers and Related Workers",7533.0201,"Hand Embroiderer, General",01
7,Craft and Related Trades Workers,75,"Food Processing, Woodworking, Garment and Other Craft and Related Trades Workers",753,Garment and Related Trades Workers,7533,"Sewing, Embroiderers and Related Workers",7533.0300,"Hand Embroiderer, Zari/Hand Embroider, Traditional Crafts",00
7,Craft and Related Trades Workers,75,"Food Processing, Woodworking, Garment and Other Craft and Related Trades Workers",753,Garment and Related Trades Workers,7533,"Sewing, Embroiderers and Related Workers",7533.0600,Darner,00
7,Craft and Related Trades Workers,75,"Food Processing, Woodworking, Garment and Other Craft and Related Trades Workers",753,Garment and Related Trades Workers,7533,"Sewing, Embroiderers and Related Workers",7533.0700,"Sewer, Tent (Hand)",00
7,Craft and Related Trades Workers,75,"Food Processing, Woodworking, Garment and Other Craft and Related Trades Workers",753,Garment and Related Trades Workers,7533,"Sewing, Embroiderers and Related Workers",7533.0800,Umbrella Maker,00
7,Craft and Related Trades Workers,75,"Food Processing, Woodworking, Garment and Other Craft and Related Trades Workers",753,Garment and Related Trades Workers,7533,"Sewing, Embroiderers and Related Workers",7533.0900,Umbrella Examiner,00
7,Craft and Related Trades Workers,75,"Food Processing, Woodworking, Garment and Other Craft and Related Trades Workers",753,Garment and Related Trades Workers,7533,"Sewing, Embroiderers and Related Workers",7533.1000,Sail and Awning Maker,00
7,Craft and Related Trades Workers,75,"Food Processing, Woodworking, Garment and Other Craft and Related Trades Workers",753,Garment and Related Trades Workers,7533,"Sewing, Embroiderers and Related Workers",7533.1100,"Tailor, Tent (Machine)",00
7,Craft and Related Trades Workers,75,"Food Processing, Woodworking, Garment and Other Craft and Related Trades Workers",753,Garment and Related Trades Workers,7533,"Sewing, Embroiderers and Related Workers",7533.1200,Doll Maker,00
7,Craft and Related Trades Workers,75,"Food Processing, Woodworking, Garment and Other Craft and Related Trades Workers",753,Garment and Related Trades Workers,7533,"Sewing, Embroiderers and Related Workers",7533.9900,"Sewers, Embroiderers and Related Workers, Other",00
7,Craft and Related Trades Workers,75,"Food Processing, Woodworking, Garment and Other Craft and Related Trades Workers",753,Garment and Related Trades Workers,7534,Upholsterers and Related Workers,7534.0100,"Upholsterer, Furniture",00
7,Craft and Related Trades Workers,75,"Food Processing, Woodworking, Garment and Other Craft and Related Trades Workers",753,Garment and Related Trades Workers,7534,Upholsterers and Related Workers,7534.0200,"Upholsterer, Orthopaedic Appliances",00
7,Craft and Related Trades Workers,75,"Food Processing, Woodworking, Garment and Other Craft and Related Trades Workers",753,Garment and Related Trades Workers,7534,Upholsterers and Related Workers,7534.0300,"Upholsterer, Vehicle",00
7,Craft and Related Trades Workers,75,"Food Processing, Woodworking, Garment and Other Craft and Related Trades Workers",753,Garment and Related Trades Workers,7534,Upholsterers and Related Workers,7534.0400,Cushion Maker,00
7,Craft and Related Trades Workers,75,"Food Processing, Woodworking, Garment and Other Craft and Related Trades Workers",753,Garment and Related Trades Workers,7534,Upholsterers and Related Workers,7534.0500,Mattress Maker (Spring),00
7,Craft and Related Trades Workers,75,"Food Processing, Woodworking, Garment and Other Craft and Related Trades Workers",753,Garment and Related Trades Workers,7534,Upholsterers and Related Workers,7534.9900,"Upholsterers and Related Workers, Other",00
7,Craft and Related Trades Workers,75,"Food Processing, Woodworking, Garment and Other Craft and Related Trades Workers",753,Garment and Related Trades Workers,7535,"Pelt Dressers, Tanners and Fellmongers",7535.0100,"Sorter, Hides and Skin",00
7,Craft and Related Trades Workers,75,"Food Processing, Woodworking, Garment and Other Craft and Related Trades Workers",753,Garment and Related Trades Workers,7535,"Pelt Dressers, Tanners and Fellmongers",7535.0200,Flayer,00
7,Craft and Related Trades Workers,75,"Food Processing, Woodworking, Garment and Other Craft and Related Trades Workers",753,Garment and Related Trades Workers,7535,"Pelt Dressers, Tanners and Fellmongers",7535.0300,"Lime Pitman, Leather",00
7,Craft and Related Trades Workers,75,"Food Processing, Woodworking, Garment and Other Craft and Related Trades Workers",753,Garment and Related Trades Workers,7535,"Pelt Dressers, Tanners and Fellmongers",7535.0400,"Dehairer, Hand",00
7,Craft and Related Trades Workers,75,"Food Processing, Woodworking, Garment and Other Craft and Related Trades Workers",753,Garment and Related Trades Workers,7535,"Pelt Dressers, Tanners and Fellmongers",7535.0500,"Flesher, Hand",00
7,Craft and Related Trades Workers,75,"Food Processing, Woodworking, Garment and Other Craft and Related Trades Workers",753,Garment and Related Trades Workers,7535,"Pelt Dressers, Tanners and Fellmongers",7535.0600,Delimer,00
7,Craft and Related Trades Workers,75,"Food Processing, Woodworking, Garment and Other Craft and Related Trades Workers",753,Garment and Related Trades Workers,7535,"Pelt Dressers, Tanners and Fellmongers",7535.0700,"Scudder, Hand",00
7,Craft and Related Trades Workers,75,"Food Processing, Woodworking, Garment and Other Craft and Related Trades Workers",753,Garment and Related Trades Workers,7535,"Pelt Dressers, Tanners and Fellmongers",7535.0900,"Fluffer, Hand",00
7,Craft and Related Trades Workers,75,"Food Processing, Woodworking, Garment and Other Craft and Related Trades Workers",753,Garment and Related Trades Workers,7535,"Pelt Dressers, Tanners and Fellmongers",7535.1000,"Staker, Hand",00
7,Craft and Related Trades Workers,75,"Food Processing, Woodworking, Garment and Other Craft and Related Trades Workers",753,Garment and Related Trades Workers,7535,"Pelt Dressers, Tanners and Fellmongers",7535.1100,Bark Pitman (Tanning),00
7,Craft and Related Trades Workers,75,"Food Processing, Woodworking, Garment and Other Craft and Related Trades Workers",753,Garment and Related Trades Workers,7535,"Pelt Dressers, Tanners and Fellmongers",7535.1200,Drum Man (Tanning),00
7,Craft and Related Trades Workers,75,"Food Processing, Woodworking, Garment and Other Craft and Related Trades Workers",753,Garment and Related Trades Workers,7535,"Pelt Dressers, Tanners and Fellmongers",7535.1300,"Leather, Currier",00
7,Craft and Related Trades Workers,75,"Food Processing, Woodworking, Garment and Other Craft and Related Trades Workers",753,Garment and Related Trades Workers,7535,"Pelt Dressers, Tanners and Fellmongers",7535.1400,"Dyer, Leather",00
7,Craft and Related Trades Workers,75,"Food Processing, Woodworking, Garment and Other Craft and Related Trades Workers",753,Garment and Related Trades Workers,7535,"Pelt Dressers, Tanners and Fellmongers",7535.1500,"Embosser, Leather",00
7,Craft and Related Trades Workers,75,"Food Processing, Woodworking, Garment and Other Craft and Related Trades Workers",753,Garment and Related Trades Workers,7535,"Pelt Dressers, Tanners and Fellmongers",7535.1600,"Seasoner, Leather",00
7,Craft and Related Trades Workers,75,"Food Processing, Woodworking, Garment and Other Craft and Related Trades Workers",753,Garment and Related Trades Workers,7535,"Pelt Dressers, Tanners and Fellmongers",7535.1700,"Pelt Dresser, General",00
7,Craft and Related Trades Workers,75,"Food Processing, Woodworking, Garment and Other Craft and Related Trades Workers",753,Garment and Related Trades Workers,7535,"Pelt Dressers, Tanners and Fellmongers",7535.1800,Pelt Grader,00
7,Craft and Related Trades Workers,75,"Food Processing, Woodworking, Garment and Other Craft and Related Trades Workers",753,Garment and Related Trades Workers,7535,"Pelt Dressers, Tanners and Fellmongers",7535.1900,Pelt Flesher,00
7,Craft and Related Trades Workers,75,"Food Processing, Woodworking, Garment and Other Craft and Related Trades Workers",753,Garment and Related Trades Workers,7535,"Pelt Dressers, Tanners and Fellmongers",7535.2000,Pelt Plucker and Trimmer,00
7,Craft and Related Trades Workers,75,"Food Processing, Woodworking, Garment and Other Craft and Related Trades Workers",753,Garment and Related Trades Workers,7535,"Pelt Dressers, Tanners and Fellmongers",7535.2100,"Pelt Dyer, Hand",00
7,Craft and Related Trades Workers,75,"Food Processing, Woodworking, Garment and Other Craft and Related Trades Workers",753,Garment and Related Trades Workers,7535,"Pelt Dressers, Tanners and Fellmongers",7535.2200,"Pelt, Stitcher",00
7,Craft and Related Trades Workers,75,"Food Processing, Woodworking, Garment and Other Craft and Related Trades Workers",753,Garment and Related Trades Workers,7535,"Pelt Dressers, Tanners and Fellmongers",7535.9900,"Pelt Dressers, Tanners and Fell Mongers, Other",00
7,Craft and Related Trades Workers,75,"Food Processing, Woodworking, Garment and Other Craft and Related Trades Workers",753,Garment and Related Trades Workers,7536,Shoemakers and Related Workers,7536.0100,"Shoemaker, Hand",00
7,Craft and Related Trades Workers,75,"Food Processing, Woodworking, Garment and Other Craft and Related Trades Workers",753,Garment and Related Trades Workers,7536,Shoemakers and Related Workers,7536.0200,"Shoemaker, Orthopaedic",00
7,Craft and Related Trades Workers,75,"Food Processing, Woodworking, Garment and Other Craft and Related Trades Workers",753,Garment and Related Trades Workers,7536,Shoemakers and Related Workers,7536.0300,"Shoe Repairer, Cobbler/Shoemaker Cobbler",00
7,Craft and Related Trades Workers,75,"Food Processing, Woodworking, Garment and Other Craft and Related Trades Workers",753,Garment and Related Trades Workers,7536,Shoemakers and Related Workers,7536.0400,Pattern Maker (Footwear),00
7,Craft and Related Trades Workers,75,"Food Processing, Woodworking, Garment and Other Craft and Related Trades Workers",753,Garment and Related Trades Workers,7536,Shoemakers and Related Workers,7536.0500,"Cutter, Hand",00
7,Craft and Related Trades Workers,75,"Food Processing, Woodworking, Garment and Other Craft and Related Trades Workers",753,Garment and Related Trades Workers,7536,Shoemakers and Related Workers,7536.0600,"Skiver, Hand (Footwear)",00
7,Craft and Related Trades Workers,75,"Food Processing, Woodworking, Garment and Other Craft and Related Trades Workers",753,Garment and Related Trades Workers,7536,Shoemakers and Related Workers,7536.0800,"Laster, Hand",00
7,Craft and Related Trades Workers,75,"Food Processing, Woodworking, Garment and Other Craft and Related Trades Workers",753,Garment and Related Trades Workers,7536,Shoemakers and Related Workers,7536.1200,Counter Moulder,00
7,Craft and Related Trades Workers,75,"Food Processing, Woodworking, Garment and Other Craft and Related Trades Workers",753,Garment and Related Trades Workers,7536,Shoemakers and Related Workers,7536.1500,"Sole Stitcher, Hand",00
7,Craft and Related Trades Workers,75,"Food Processing, Woodworking, Garment and Other Craft and Related Trades Workers",753,Garment and Related Trades Workers,7536,Shoemakers and Related Workers,7536.1600,"Heel Attacher, Hand (Footwear)",00
7,Craft and Related Trades Workers,75,"Food Processing, Woodworking, Garment and Other Craft and Related Trades Workers",753,Garment and Related Trades Workers,7536,Shoemakers and Related Workers,7536.1700,"Trimmer, Hand",00
7,Craft and Related Trades Workers,75,"Food Processing, Woodworking, Garment and Other Craft and Related Trades Workers",753,Garment and Related Trades Workers,7536,Shoemakers and Related Workers,7536.1800,Harness Maker,00
7,Craft and Related Trades Workers,75,"Food Processing, Woodworking, Garment and Other Craft and Related Trades Workers",753,Garment and Related Trades Workers,7536,Shoemakers and Related Workers,7536.1900,Saddler,00
7,Craft and Related Trades Workers,75,"Food Processing, Woodworking, Garment and Other Craft and Related Trades Workers",753,Garment and Related Trades Workers,7536,Shoemakers and Related Workers,7536.2000,"Leather Cutter, Hand",00
7,Craft and Related Trades Workers,75,"Food Processing, Woodworking, Garment and Other Craft and Related Trades Workers",753,Garment and Related Trades Workers,7536,Shoemakers and Related Workers,7536.2100,"Stitcher, Hand",00
7,Craft and Related Trades Workers,75,"Food Processing, Woodworking, Garment and Other Craft and Related Trades Workers",753,Garment and Related Trades Workers,7536,Shoemakers and Related Workers,7536.2200,"Assembler, Hand",00
7,Craft and Related Trades Workers,75,"Food Processing, Woodworking, Garment and Other Craft and Related Trades Workers",753,Garment and Related Trades Workers,7536,Shoemakers and Related Workers,7536.2300,Suitcase Maker,00
7,Craft and Related Trades Workers,75,"Food Processing, Woodworking, Garment and Other Craft and Related Trades Workers",753,Garment and Related Trades Workers,7536,Shoemakers and Related Workers,7536.2400,Purse Maker,00
7,Craft and Related Trades Workers,75,"Food Processing, Woodworking, Garment and Other Craft and Related Trades Workers",753,Garment and Related Trades Workers,7536,Shoemakers and Related Workers,7536.2500,Whip Maker,00
7,Craft and Related Trades Workers,75,"Food Processing, Woodworking, Garment and Other Craft and Related Trades Workers",753,Garment and Related Trades Workers,7536,Shoemakers and Related Workers,7536.2600,Belt Maker,00
7,Craft and Related Trades Workers,75,"Food Processing, Woodworking, Garment and Other Craft and Related Trades Workers",753,Garment and Related Trades Workers,7536,Shoemakers and Related Workers,7536.2700,Horn Comb Maker (Hand),00
7,Craft and Related Trades Workers,75,"Food Processing, Woodworking, Garment and Other Craft and Related Trades Workers",753,Garment and Related Trades Workers,7536,Shoemakers and Related Workers,7536.9900,"Shoemaker and Related Workers, Other",00
7,Craft and Related Trades Workers,75,"Food Processing, Woodworking, Garment and Other Craft and Related Trades Workers",754,Other Craft and Related Workers,7541,Underwater Divers,7541.0100,"Diver, Pearl",00
7,Craft and Related Trades Workers,75,"Food Processing, Woodworking, Garment and Other Craft and Related Trades Workers",754,Other Craft and Related Workers,7541,Underwater Divers,7541.0200,"Diver, Chank",00
7,Craft and Related Trades Workers,75,"Food Processing, Woodworking, Garment and Other Craft and Related Trades Workers",754,Other Craft and Related Workers,7541,Underwater Divers,7541.0300,Coral Breaker,00
7,Craft and Related Trades Workers,75,"Food Processing, Woodworking, Garment and Other Craft and Related Trades Workers",754,Other Craft and Related Workers,7541,Underwater Divers,7541.0400,Shell Gatherer,00
7,Craft and Related Trades Workers,75,"Food Processing, Woodworking, Garment and Other Craft and Related Trades Workers",754,Other Craft and Related Workers,7541,Underwater Divers,7541.0500,Seaweed Gatherer,00
7,Craft and Related Trades Workers,75,"Food Processing, Woodworking, Garment and Other Craft and Related Trades Workers",754,Other Craft and Related Workers,7541,Underwater Divers,7541.0600,Dress Diver,00
7,Craft and Related Trades Workers,75,"Food Processing, Woodworking, Garment and Other Craft and Related Trades Workers",754,Other Craft and Related Workers,7541,Underwater Divers,7541.0700,Skin Diver,00
7,Craft and Related Trades Workers,75,"Food Processing, Woodworking, Garment and Other Craft and Related Trades Workers",754,Other Craft and Related Workers,7541,Underwater Divers,7541.9900,"Underwater Divers, Other",00
7,Craft and Related Trades Workers,75,"Food Processing, Woodworking, Garment and Other Craft and Related Trades Workers",754,Other Craft and Related Workers,7542,Shotfirers and Blasters,7542.0100,Shotfirer,00
7,Craft and Related Trades Workers,75,"Food Processing, Woodworking, Garment and Other Craft and Related Trades Workers",754,Other Craft and Related Workers,7542,Shotfirers and Blasters,7542.0101,Person Handling Explosives,01
7,Craft and Related Trades Workers,75,"Food Processing, Woodworking, Garment and Other Craft and Related Trades Workers",754,Other Craft and Related Workers,7542,Shotfirers and Blasters,7542.0200,Safety Lamp Checker,00
7,Craft and Related Trades Workers,75,"Food Processing, Woodworking, Garment and Other Craft and Related Trades Workers",754,Other Craft and Related Workers,7542,Shotfirers and Blasters,7542.0300,"Cobber, Mica",00
7,Craft and Related Trades Workers,75,"Food Processing, Woodworking, Garment and Other Craft and Related Trades Workers",754,Other Craft and Related Workers,7542,Shotfirers and Blasters,7542.0400,"Sickle Dresser, Mica",00
7,Craft and Related Trades Workers,75,"Food Processing, Woodworking, Garment and Other Craft and Related Trades Workers",754,Other Craft and Related Workers,7542,Shotfirers and Blasters,7542.0500,"Screener, Mica",00
7,Craft and Related Trades Workers,75,"Food Processing, Woodworking, Garment and Other Craft and Related Trades Workers",754,Other Craft and Related Workers,7542,Shotfirers and Blasters,7542.0600,"Knife Dresser, Mica",00
7,Craft and Related Trades Workers,75,"Food Processing, Woodworking, Garment and Other Craft and Related Trades Workers",754,Other Craft and Related Workers,7542,Shotfirers and Blasters,7542.0700,"Film Splitter, Mica",00
7,Craft and Related Trades Workers,75,"Food Processing, Woodworking, Garment and Other Craft and Related Trades Workers",754,Other Craft and Related Workers,7542,Shotfirers and Blasters,7542.0800,Deep Cell Attendant,00
7,Craft and Related Trades Workers,75,"Food Processing, Woodworking, Garment and Other Craft and Related Trades Workers",754,Other Craft and Related Workers,7542,Shotfirers and Blasters,7542.9900,"Shotfirers and Blasters, Other",00
7,Craft and Related Trades Workers,75,"Food Processing, Woodworking, Garment and Other Craft and Related Trades Workers",754,Other Craft and Related Workers,7543,Product Graders and Testers (Excluding Food and Beverages),7543.0101,Cloth Examiner/Fabric Checker,01
7,Craft and Related Trades Workers,75,"Food Processing, Woodworking, Garment and Other Craft and Related Trades Workers",754,Other Craft and Related Workers,7543,Product Graders and Testers (Excluding Food and Beverages),7543.0201,QC Executive – Sewing Line,01
7,Craft and Related Trades Workers,75,"Food Processing, Woodworking, Garment and Other Craft and Related Trades Workers",754,Other Craft and Related Workers,7543,Product Graders and Testers (Excluding Food and Beverages),7543.0202,Quality Assessor,02
7,Craft and Related Trades Workers,75,"Food Processing, Woodworking, Garment and Other Craft and Related Trades Workers",754,Other Craft and Related Workers,7543,Product Graders and Testers (Excluding Food and Beverages),7543.0300,"Examiner, (Footwear)/Quality Controller",00
7,Craft and Related Trades Workers,75,"Food Processing, Woodworking, Garment and Other Craft and Related Trades Workers",754,Other Craft and Related Workers,7543,Product Graders and Testers (Excluding Food and Beverages),7543.0301,Measurement Checker,01
7,Craft and Related Trades Workers,75,"Food Processing, Woodworking, Garment and Other Craft and Related Trades Workers",754,Other Craft and Related Workers,7543,Product Graders and Testers (Excluding Food and Beverages),7543.0302,Inline Checker,02
7,Craft and Related Trades Workers,75,"Food Processing, Woodworking, Garment and Other Craft and Related Trades Workers",754,Other Craft and Related Workers,7543,Product Graders and Testers (Excluding Food and Beverages),7543.0400,"Examiner, Dry Cleaning/Fabric Inspection Operator",00
7,Craft and Related Trades Workers,75,"Food Processing, Woodworking, Garment and Other Craft and Related Trades Workers",754,Other Craft and Related Workers,7543,Product Graders and Testers (Excluding Food and Beverages),7543.0500,"Examiner, Wood Working",00
7,Craft and Related Trades Workers,75,"Food Processing, Woodworking, Garment and Other Craft and Related Trades Workers",754,Other Craft and Related Workers,7543,Product Graders and Testers (Excluding Food and Beverages),7543.0701,Incoming QC Technician,01
7,Craft and Related Trades Workers,75,"Food Processing, Woodworking, Garment and Other Craft and Related Trades Workers",754,Other Craft and Related Workers,7543,Product Graders and Testers (Excluding Food and Beverages),7543.0702,Final Product QC Technician,02
7,Craft and Related Trades Workers,75,"Food Processing, Woodworking, Garment and Other Craft and Related Trades Workers",754,Other Craft and Related Workers,7543,Product Graders and Testers (Excluding Food and Beverages),7543.0801,Functional Tester,01
7,Craft and Related Trades Workers,75,"Food Processing, Woodworking, Garment and Other Craft and Related Trades Workers",754,Other Craft and Related Workers,7543,Product Graders and Testers (Excluding Food and Beverages),7543.0802,Performance Tester,02
7,Craft and Related Trades Workers,75,"Food Processing, Woodworking, Garment and Other Craft and Related Trades Workers",754,Other Craft and Related Workers,7543,Product Graders and Testers (Excluding Food and Beverages),7543.0803,Reliability Tester,03
7,Craft and Related Trades Workers,75,"Food Processing, Woodworking, Garment and Other Craft and Related Trades Workers",754,Other Craft and Related Workers,7543,Product Graders and Testers (Excluding Food and Beverages),7543.0804,Safety Testing Technician,04
7,Craft and Related Trades Workers,75,"Food Processing, Woodworking, Garment and Other Craft and Related Trades Workers",754,Other Craft and Related Workers,7543,Product Graders and Testers (Excluding Food and Beverages),7543.0901,Functional Tester – Medical Devices,01
7,Craft and Related Trades Workers,75,"Food Processing, Woodworking, Garment and Other Craft and Related Trades Workers",754,Other Craft and Related Workers,7543,Product Graders and Testers (Excluding Food and Beverages),7543.1001,Functional Tester – RAC,01
7,Craft and Related Trades Workers,75,"Food Processing, Woodworking, Garment and Other Craft and Related Trades Workers",754,Other Craft and Related Workers,7543,Product Graders and Testers (Excluding Food and Beverages),7543.1002,Functional Tester – TV,02
7,Craft and Related Trades Workers,75,"Food Processing, Woodworking, Garment and Other Craft and Related Trades Workers",754,Other Craft and Related Workers,7543,Product Graders and Testers (Excluding Food and Beverages),7543.1003,Safety Testing Technician – TV,03
7,Craft and Related Trades Workers,75,"Food Processing, Woodworking, Garment and Other Craft and Related Trades Workers",754,Other Craft and Related Workers,7543,Product Graders and Testers (Excluding Food and Beverages),7543.1004,Safety Testing Technician – RACW,04
7,Craft and Related Trades Workers,75,"Food Processing, Woodworking, Garment and Other Craft and Related Trades Workers",754,Other Craft and Related Workers,7543,Product Graders and Testers (Excluding Food and Beverages),7543.1005,Performance Tester – RACW,05
7,Craft and Related Trades Workers,75,"Food Processing, Woodworking, Garment and Other Craft and Related Trades Workers",754,Other Craft and Related Workers,7543,Product Graders and Testers (Excluding Food and Beverages),7543.1006,Performance Tester – TV,06
7,Craft and Related Trades Workers,75,"Food Processing, Woodworking, Garment and Other Craft and Related Trades Workers",754,Other Craft and Related Workers,7543,Product Graders and Testers (Excluding Food and Beverages),7543.1101,Testing Technician,01
7,Craft and Related Trades Workers,75,"Food Processing, Woodworking, Garment and Other Craft and Related Trades Workers",754,Other Craft and Related Workers,7543,Product Graders and Testers (Excluding Food and Beverages),7543.2001,"Quality Inspector – Forged, Casted or Machined Components",01
7,Craft and Related Trades Workers,75,"Food Processing, Woodworking, Garment and Other Craft and Related Trades Workers",754,Other Craft and Related Workers,7543,Product Graders and Testers (Excluding Food and Beverages),7543.3001,Quality Control Inspector – Calendering,01
7,Craft and Related Trades Workers,75,"Food Processing, Woodworking, Garment and Other Craft and Related Trades Workers",754,Other Craft and Related Workers,7543,Product Graders and Testers (Excluding Food and Beverages),7543.3002,Quality Control Inspector – Dimension Check,02
7,Craft and Related Trades Workers,75,"Food Processing, Woodworking, Garment and Other Craft and Related Trades Workers",754,Other Craft and Related Workers,7543,Product Graders and Testers (Excluding Food and Beverages),7543.3003,Quality Control Inspector – Extrusion,03
7,Craft and Related Trades Workers,75,"Food Processing, Woodworking, Garment and Other Craft and Related Trades Workers",754,Other Craft and Related Workers,7543,Product Graders and Testers (Excluding Food and Beverages),7543.3004,Quality Control Inspector – Statistical Process Control,04
7,Craft and Related Trades Workers,75,"Food Processing, Woodworking, Garment and Other Craft and Related Trades Workers",754,Other Craft and Related Workers,7543,Product Graders and Testers (Excluding Food and Beverages),7543.3005,Quality Control Inspector – Visual Inspection,05
7,Craft and Related Trades Workers,75,"Food Processing, Woodworking, Garment and Other Craft and Related Trades Workers",754,Other Craft and Related Workers,7543,Product Graders and Testers (Excluding Food and Beverages),7543.4001,Factory Compliance Auditor,01
7,Craft and Related Trades Workers,75,"Food Processing, Woodworking, Garment and Other Craft and Related Trades Workers",754,Other Craft and Related Workers,7543,Product Graders and Testers (Excluding Food and Beverages),7543.5001,Sampling Co-Ordinator,01
7,Craft and Related Trades Workers,75,"Food Processing, Woodworking, Garment and Other Craft and Related Trades Workers",754,Other Craft and Related Workers,7543,Product Graders and Testers (Excluding Food and Beverages),7543.9900,"Product Graders and Testers, Others",00
8,"Plant and Machine Operators, and Assemblers",81,Stationary Plant and Machine Operators,811,Mining and Mineral Processing Plant Operators,8111,Miners and Quarriers,8111.0100,"Miner, Coal Cutting Machine",00
8,"Plant and Machine Operators, and Assemblers",81,Stationary Plant and Machine Operators,811,Mining and Mineral Processing Plant Operators,8111,Miners and Quarriers,8111.0200,"Driller, Machine",00
8,"Plant and Machine Operators, and Assemblers",81,Stationary Plant and Machine Operators,811,Mining and Mineral Processing Plant Operators,8111,Miners and Quarriers,8111.0300,Wagon Driller,00
8,"Plant and Machine Operators, and Assemblers",81,Stationary Plant and Machine Operators,811,Mining and Mineral Processing Plant Operators,8111,Miners and Quarriers,8111.0400,Diamond Driller,00
8,"Plant and Machine Operators, and Assemblers",81,Stationary Plant and Machine Operators,811,Mining and Mineral Processing Plant Operators,8111,Miners and Quarriers,8111.0401,Rig Mouted Drill Operator,01
8,"Plant and Machine Operators, and Assemblers",81,Stationary Plant and Machine Operators,811,Mining and Mineral Processing Plant Operators,8111,Miners and Quarriers,8111.0500,Pick Miners,00
8,"Plant and Machine Operators, and Assemblers",81,Stationary Plant and Machine Operators,811,Mining and Mineral Processing Plant Operators,8111,Miners and Quarriers,8111.0600,"Miner, Metal",00
8,"Plant and Machine Operators, and Assemblers",81,Stationary Plant and Machine Operators,811,Mining and Mineral Processing Plant Operators,8111,Miners and Quarriers,8111.0700,"Miner, Mica",00
8,"Plant and Machine Operators, and Assemblers",81,Stationary Plant and Machine Operators,811,Mining and Mineral Processing Plant Operators,8111,Miners and Quarriers,8111.0800,"Miner, Coal",00
8,"Plant and Machine Operators, and Assemblers",81,Stationary Plant and Machine Operators,811,Mining and Mineral Processing Plant Operators,8111,Miners and Quarriers,8111.0900,"Quarryman, Stone/Quarryman, Non-Metal",00
8,"Plant and Machine Operators, and Assemblers",81,Stationary Plant and Machine Operators,811,Mining and Mineral Processing Plant Operators,8111,Miners and Quarriers,8111.1000,"Quarryman, Other",00
8,"Plant and Machine Operators, and Assemblers",81,Stationary Plant and Machine Operators,811,Mining and Mineral Processing Plant Operators,8111,Miners and Quarriers,8111.1100,Main Header Colliery,00
8,"Plant and Machine Operators, and Assemblers",81,Stationary Plant and Machine Operators,811,Mining and Mineral Processing Plant Operators,8111,Miners and Quarriers,8111.1200,"Stone Cutter, Mines",00
8,"Plant and Machine Operators, and Assemblers",81,Stationary Plant and Machine Operators,811,Mining and Mineral Processing Plant Operators,8111,Miners and Quarriers,8111.1300,"Roof Bolter, Mining",00
8,"Plant and Machine Operators, and Assemblers",81,Stationary Plant and Machine Operators,811,Mining and Mineral Processing Plant Operators,8111,Miners and Quarriers,8111.1400,Mine Cutting and Channelling Machine Operator,00
8,"Plant and Machine Operators, and Assemblers",81,Stationary Plant and Machine Operators,811,Mining and Mineral Processing Plant Operators,8111,Miners and Quarriers,8111.1500,"Timberman, Mines",00
8,"Plant and Machine Operators, and Assemblers",81,Stationary Plant and Machine Operators,811,Mining and Mineral Processing Plant Operators,8111,Miners and Quarriers,8111.1600,"Creeperman, Colliery",00
8,"Plant and Machine Operators, and Assemblers",81,Stationary Plant and Machine Operators,811,Mining and Mineral Processing Plant Operators,8111,Miners and Quarriers,8111.1700,Stowing Worker,00
8,"Plant and Machine Operators, and Assemblers",81,Stationary Plant and Machine Operators,811,Mining and Mineral Processing Plant Operators,8111,Miners and Quarriers,8111.1800,"Packer, Rock",00
8,"Plant and Machine Operators, and Assemblers",81,Stationary Plant and Machine Operators,811,Mining and Mineral Processing Plant Operators,8111,Miners and Quarriers,8111.1900,"Sampler, Mining/Sampler Metal/Non-Metal",00
8,"Plant and Machine Operators, and Assemblers",81,Stationary Plant and Machine Operators,811,Mining and Mineral Processing Plant Operators,8111,Miners and Quarriers,8111.2000,"Groove Cutter, Mining",00
8,"Plant and Machine Operators, and Assemblers",81,Stationary Plant and Machine Operators,811,Mining and Mineral Processing Plant Operators,8111,Miners and Quarriers,8111.2100,Bratticeman,00
8,"Plant and Machine Operators, and Assemblers",81,Stationary Plant and Machine Operators,811,Mining and Mineral Processing Plant Operators,8111,Miners and Quarriers,8111.2200,"Driller, Hand",00
8,"Plant and Machine Operators, and Assemblers",81,Stationary Plant and Machine Operators,811,Mining and Mineral Processing Plant Operators,8111,Miners and Quarriers,8111.2300,Shaft Worker,00
8,"Plant and Machine Operators, and Assemblers",81,Stationary Plant and Machine Operators,811,Mining and Mineral Processing Plant Operators,8111,Miners and Quarriers,8111.2400,Banksman,00
8,"Plant and Machine Operators, and Assemblers",81,Stationary Plant and Machine Operators,811,Mining and Mineral Processing Plant Operators,8111,Miners and Quarriers,8111.2500,Jackman,00
8,"Plant and Machine Operators, and Assemblers",81,Stationary Plant and Machine Operators,811,Mining and Mineral Processing Plant Operators,8111,Miners and Quarriers,8111.2600,"Scraper Driver, Mines",00
8,"Plant and Machine Operators, and Assemblers",81,Stationary Plant and Machine Operators,811,Mining and Mineral Processing Plant Operators,8111,Miners and Quarriers,8111.2601,Sprinkler and Other Vehicle Driver,01
8,"Plant and Machine Operators, and Assemblers",81,Stationary Plant and Machine Operators,811,Mining and Mineral Processing Plant Operators,8111,Miners and Quarriers,8111.2700,"Shovel Operator, Mines",00
8,"Plant and Machine Operators, and Assemblers",81,Stationary Plant and Machine Operators,811,Mining and Mineral Processing Plant Operators,8111,Miners and Quarriers,8111.2800,"Trammer, Mines",00
8,"Plant and Machine Operators, and Assemblers",81,Stationary Plant and Machine Operators,811,Mining and Mineral Processing Plant Operators,8111,Miners and Quarriers,8111.2901,Wire Saw Operator,01
8,"Plant and Machine Operators, and Assemblers",81,Stationary Plant and Machine Operators,811,Mining and Mineral Processing Plant Operators,8111,Miners and Quarriers,8111.9900,"Mines, Quarrymen and Related Workers, Other",00
8,"Plant and Machine Operators, and Assemblers",81,Stationary Plant and Machine Operators,811,Mining and Mineral Processing Plant Operators,8112.0100,"Crusher Operator, Mineral",8112.0200,Pulveriser Operator,00
8,"Plant and Machine Operators, and Assemblers",81,Stationary Plant and Machine Operators,811,Mining and Mineral Processing Plant Operators,8112.0100,"Crusher Operator, Mineral",8112.0300,Stamp Mill Operator,00
8,"Plant and Machine Operators, and Assemblers",81,Stationary Plant and Machine Operators,811,Mining and Mineral Processing Plant Operators,8112.0100,"Crusher Operator, Mineral",8112.0400,Cynideman,00
8,"Plant and Machine Operators, and Assemblers",81,Stationary Plant and Machine Operators,811,Mining and Mineral Processing Plant Operators,8112.0100,"Crusher Operator, Mineral",8112.0500,Precipitator,00
8,"Plant and Machine Operators, and Assemblers",81,Stationary Plant and Machine Operators,811,Mining and Mineral Processing Plant Operators,8112.0100,"Crusher Operator, Mineral",8112.0600,Washing Plant Operator,00
8,"Plant and Machine Operators, and Assemblers",81,Stationary Plant and Machine Operators,811,Mining and Mineral Processing Plant Operators,8112.0100,"Crusher Operator, Mineral",8112.0700,"Stone Sawyer, Machine",00
8,"Plant and Machine Operators, and Assemblers",81,Stationary Plant and Machine Operators,811,Mining and Mineral Processing Plant Operators,8112.0100,"Crusher Operator, Mineral",8112.0800,"Stone Cutter, Machine",00
8,"Plant and Machine Operators, and Assemblers",81,Stationary Plant and Machine Operators,811,Mining and Mineral Processing Plant Operators,8112.0100,"Crusher Operator, Mineral",8112.0900,"Stone Polisher, Machine",00
8,"Plant and Machine Operators, and Assemblers",81,Stationary Plant and Machine Operators,811,Mining and Mineral Processing Plant Operators,8112.0100,"Crusher Operator, Mineral",8112.1000,"Pipe Machineman, Stoneware",00
8,"Plant and Machine Operators, and Assemblers",81,Stationary Plant and Machine Operators,811,Mining and Mineral Processing Plant Operators,8112.0100,"Crusher Operator, Mineral",8112.1100,"Thread Cutting Machine Operator, Stoneware",00
8,"Plant and Machine Operators, and Assemblers",81,Stationary Plant and Machine Operators,811,Mining and Mineral Processing Plant Operators,8112.0100,"Crusher Operator, Mineral",8112.1200,Cone Operator (Mine & Quarry),00
8,"Plant and Machine Operators, and Assemblers",81,Stationary Plant and Machine Operators,811,Mining and Mineral Processing Plant Operators,8112.0100,"Crusher Operator, Mineral",8112.9900,"Mineral and Stone Processing Plant Operators, Other",00
8,"Plant and Machine Operators, and Assemblers",81,Stationary Plant and Machine Operators,811,Mining and Mineral Processing Plant Operators,8113,Well Drillers and Borers and Related Workers,8113.0100,"Well Drillers, Petroleum and Gas",00
8,"Plant and Machine Operators, and Assemblers",81,Stationary Plant and Machine Operators,811,Mining and Mineral Processing Plant Operators,8113,Well Drillers and Borers and Related Workers,8113.0200,Derrickman,00
8,"Plant and Machine Operators, and Assemblers",81,Stationary Plant and Machine Operators,811,Mining and Mineral Processing Plant Operators,8113,Well Drillers and Borers and Related Workers,8113.0300,Mudman,00
8,"Plant and Machine Operators, and Assemblers",81,Stationary Plant and Machine Operators,811,Mining and Mineral Processing Plant Operators,8113,Well Drillers and Borers and Related Workers,8113.0400,Cementer,00
8,"Plant and Machine Operators, and Assemblers",81,Stationary Plant and Machine Operators,811,Mining and Mineral Processing Plant Operators,8113,Well Drillers and Borers and Related Workers,8113.0500,Well Puller,00
8,"Plant and Machine Operators, and Assemblers",81,Stationary Plant and Machine Operators,811,Mining and Mineral Processing Plant Operators,8113,Well Drillers and Borers and Related Workers,8113.0600,Scaperman,00
8,"Plant and Machine Operators, and Assemblers",81,Stationary Plant and Machine Operators,811,Mining and Mineral Processing Plant Operators,8113,Well Drillers and Borers and Related Workers,8113.0700,Gauger,00
8,"Plant and Machine Operators, and Assemblers",81,Stationary Plant and Machine Operators,811,Mining and Mineral Processing Plant Operators,8113,Well Drillers and Borers and Related Workers,8113.0800,"Well Driller, Machine (Other than Petroleum and Gas)",00
8,"Plant and Machine Operators, and Assemblers",81,Stationary Plant and Machine Operators,811,Mining and Mineral Processing Plant Operators,8113,Well Drillers and Borers and Related Workers,8113.9900,"Well Drillers and Borers and Related Workers, Other",00
8,"Plant and Machine Operators, and Assemblers",81,Stationary Plant and Machine Operators,811,Mining and Mineral Processing Plant Operators,8114,"Cement, Stone and Other Mineral Products Machine Operators",8114.0100,Polishing Machine Operator (Mosaic),00
8,"Plant and Machine Operators, and Assemblers",81,Stationary Plant and Machine Operators,811,Mining and Mineral Processing Plant Operators,8114,"Cement, Stone and Other Mineral Products Machine Operators",8114.0200,Batching and Mixing Plant Operator (Construction),00
8,"Plant and Machine Operators, and Assemblers",81,Stationary Plant and Machine Operators,811,Mining and Mineral Processing Plant Operators,8114,"Cement, Stone and Other Mineral Products Machine Operators",8114.0300,Concrete Mixer Operator,00
8,"Plant and Machine Operators, and Assemblers",81,Stationary Plant and Machine Operators,811,Mining and Mineral Processing Plant Operators,8114,"Cement, Stone and Other Mineral Products Machine Operators",8114.0500,Cast Stone Maker,00
8,"Plant and Machine Operators, and Assemblers",81,Stationary Plant and Machine Operators,811,Mining and Mineral Processing Plant Operators,8114,"Cement, Stone and Other Mineral Products Machine Operators",8114.0600,Lead Brush Maker (Abrasive Wheel),00
8,"Plant and Machine Operators, and Assemblers",81,Stationary Plant and Machine Operators,811,Mining and Mineral Processing Plant Operators,8114,"Cement, Stone and Other Mineral Products Machine Operators",8114.0700,Fettler (Brick & Tile),00
8,"Plant and Machine Operators, and Assemblers",81,Stationary Plant and Machine Operators,811,Mining and Mineral Processing Plant Operators,8114,"Cement, Stone and Other Mineral Products Machine Operators",8114.9900,"Cement and Other Mineral Products Machine Operators, Other",00
8,"Plant and Machine Operators, and Assemblers",81,Stationary Plant and Machine Operators,812,Metal Processing and Finishing Plant Operators,8121,Metal Processing Plant Operators,8121.0300,"Larry Car Driver, Furnace",00
8,"Plant and Machine Operators, and Assemblers",81,Stationary Plant and Machine Operators,812,Metal Processing and Finishing Plant Operators,8121,Metal Processing Plant Operators,8121.2300,Shearing and Upcoiler Operator (Non- Ferrous Metal)/Coil Operator,00
8,"Plant and Machine Operators, and Assemblers",81,Stationary Plant and Machine Operators,812,Metal Processing and Finishing Plant Operators,8121,Metal Processing Plant Operators,8121.2400,Flattening Machine and Flying Shear Operator (Non-Ferrous Metal),00
8,"Plant and Machine Operators, and Assemblers",81,Stationary Plant and Machine Operators,812,Metal Processing and Finishing Plant Operators,8121,Metal Processing Plant Operators,8121.2500,Slitting Machine Operator (Non-Ferrous Metal),00
8,"Plant and Machine Operators, and Assemblers",81,Stationary Plant and Machine Operators,812,Metal Processing and Finishing Plant Operators,8121,Metal Processing Plant Operators,8121.2700,"Roller, Second Hand, Strip Mill (Non-Ferrous Metal)",00
8,"Plant and Machine Operators, and Assemblers",81,Stationary Plant and Machine Operators,812,Metal Processing and Finishing Plant Operators,8121,Metal Processing Plant Operators,8121.3000,"Charger, Reveraberatory, Pulverised Coal Fired/Reverberatory Furnace Operator",00
8,"Plant and Machine Operators, and Assemblers",81,Stationary Plant and Machine Operators,812,Metal Processing and Finishing Plant Operators,8121,Metal Processing Plant Operators,8121.3100,"Melter Reveraberatory – Furnace, Pulverised Coal Fired/Reverberatory",00
8,"Plant and Machine Operators, and Assemblers",81,Stationary Plant and Machine Operators,812,Metal Processing and Finishing Plant Operators,8121,Metal Processing Plant Operators,8121.3300,Slag Flusher,00
8,"Plant and Machine Operators, and Assemblers",81,Stationary Plant and Machine Operators,812,Metal Processing and Finishing Plant Operators,8121,Metal Processing Plant Operators,8121.3301,Casting or Foundry Assistant/Helper,01
8,"Plant and Machine Operators, and Assemblers",81,Stationary Plant and Machine Operators,812,Metal Processing and Finishing Plant Operators,8121,Metal Processing Plant Operators,8121.3701,Heat Treating Furnace Operator,01
8,"Plant and Machine Operators, and Assemblers",81,Stationary Plant and Machine Operators,812,Metal Processing and Finishing Plant Operators,8121,Metal Processing Plant Operators,8121.3801,Assistant Casting Technician,01
8,"Plant and Machine Operators, and Assemblers",81,Stationary Plant and Machine Operators,812,Metal Processing and Finishing Plant Operators,8121,Metal Processing Plant Operators,8121.4200,Die Casting Machine Operator,00
8,"Plant and Machine Operators, and Assemblers",81,Stationary Plant and Machine Operators,812,Metal Processing and Finishing Plant Operators,8121,Metal Processing Plant Operators,8121.4201,Pressure Die Casting (PDC) Operator,01
8,"Plant and Machine Operators, and Assemblers",81,Stationary Plant and Machine Operators,812,Metal Processing and Finishing Plant Operators,8121,Metal Processing Plant Operators,8121.4300,Casting Machine Operator (Non-Ferrous Metal),00
8,"Plant and Machine Operators, and Assemblers",81,Stationary Plant and Machine Operators,812,Metal Processing and Finishing Plant Operators,8121,Metal Processing Plant Operators,8121.4400,Casting – Operator Helper (Non-Ferrous Metal),00
8,"Plant and Machine Operators, and Assemblers",81,Stationary Plant and Machine Operators,812,Metal Processing and Finishing Plant Operators,8121,Metal Processing Plant Operators,8121.4500,Spun Pipe Machine Operator,00
8,"Plant and Machine Operators, and Assemblers",81,Stationary Plant and Machine Operators,812,Metal Processing and Finishing Plant Operators,8121,Metal Processing Plant Operators,8121.4600,"Core Maker, Machine",00
8,"Plant and Machine Operators, and Assemblers",81,Stationary Plant and Machine Operators,812,Metal Processing and Finishing Plant Operators,8121,Metal Processing Plant Operators,8121.4700,"Annealer, Metal",00
8,"Plant and Machine Operators, and Assemblers",81,Stationary Plant and Machine Operators,812,Metal Processing and Finishing Plant Operators,8121,Metal Processing Plant Operators,8121.4800,"Hardener, Metal",00
8,"Plant and Machine Operators, and Assemblers",81,Stationary Plant and Machine Operators,812,Metal Processing and Finishing Plant Operators,8121,Metal Processing Plant Operators,8121.4900,"Temperer, Metal",00
8,"Plant and Machine Operators, and Assemblers",81,Stationary Plant and Machine Operators,812,Metal Processing and Finishing Plant Operators,8121,Metal Processing Plant Operators,8121.5200,"Looper, Metal Drawing",00
8,"Plant and Machine Operators, and Assemblers",81,Stationary Plant and Machine Operators,812,Metal Processing and Finishing Plant Operators,8121,Metal Processing Plant Operators,8121.5500,Seamless Pipe and Tube Drawers,00
8,"Plant and Machine Operators, and Assemblers",81,Stationary Plant and Machine Operators,812,Metal Processing and Finishing Plant Operators,8121,Metal Processing Plant Operators,8121.5600,Extrusion Press Operator,00
8,"Plant and Machine Operators, and Assemblers",81,Stationary Plant and Machine Operators,812,Metal Processing and Finishing Plant Operators,8121,Metal Processing Plant Operators,8121.5800,Metal Drawing Operatives,00
8,"Plant and Machine Operators, and Assemblers",81,Stationary Plant and Machine Operators,812,Metal Processing and Finishing Plant Operators,8121,Metal Processing Plant Operators,8121.9900,"Metal Processing Plant Operators, Other",00
8,"Plant and Machine Operators, and Assemblers",81,Stationary Plant and Machine Operators,812,Metal Processing and Finishing Plant Operators,8122,"Metal Finishing, Plating and Coating Machine Operators",8122.0100,Electroplater,00
8,"Plant and Machine Operators, and Assemblers",81,Stationary Plant and Machine Operators,812,Metal Processing and Finishing Plant Operators,8122,"Metal Finishing, Plating and Coating Machine Operators",8122.0101,Surface Treatment Technician,01
8,"Plant and Machine Operators, and Assemblers",81,Stationary Plant and Machine Operators,812,Metal Processing and Finishing Plant Operators,8122,"Metal Finishing, Plating and Coating Machine Operators",8122.2000,"Enameller, Chemical",00
8,"Plant and Machine Operators, and Assemblers",81,Stationary Plant and Machine Operators,812,Metal Processing and Finishing Plant Operators,8122,"Metal Finishing, Plating and Coating Machine Operators",8122.3000,Reeling Machine Operator,00
8,"Plant and Machine Operators, and Assemblers",81,Stationary Plant and Machine Operators,812,Metal Processing and Finishing Plant Operators,8122,"Metal Finishing, Plating and Coating Machine Operators",8122.3500,"Galvanizer/Operator – Electroplating, Galvanising",00
8,"Plant and Machine Operators, and Assemblers",81,Stationary Plant and Machine Operators,812,Metal Processing and Finishing Plant Operators,8122,"Metal Finishing, Plating and Coating Machine Operators",8122.5500,Metal Sprayer,00
8,"Plant and Machine Operators, and Assemblers",81,Stationary Plant and Machine Operators,812,Metal Processing and Finishing Plant Operators,8122,"Metal Finishing, Plating and Coating Machine Operators",8122.6000,"Sample Checker, Metal Making",00
8,"Plant and Machine Operators, and Assemblers",81,Stationary Plant and Machine Operators,812,Metal Processing and Finishing Plant Operators,8122,"Metal Finishing, Plating and Coating Machine Operators",8122.6200,Shot Blaster,00
8,"Plant and Machine Operators, and Assemblers",81,Stationary Plant and Machine Operators,812,Metal Processing and Finishing Plant Operators,8122,"Metal Finishing, Plating and Coating Machine Operators",8122.6700,Picker,00
8,"Plant and Machine Operators, and Assemblers",81,Stationary Plant and Machine Operators,812,Metal Processing and Finishing Plant Operators,8122,"Metal Finishing, Plating and Coating Machine Operators",8122.6900,"Hardness Tester, Metal",00
8,"Plant and Machine Operators, and Assemblers",81,Stationary Plant and Machine Operators,812,Metal Processing and Finishing Plant Operators,8122,"Metal Finishing, Plating and Coating Machine Operators",8122.7000,Speeder Machine Operator (Abrasive Wheel),00
8,"Plant and Machine Operators, and Assemblers",81,Stationary Plant and Machine Operators,812,Metal Processing and Finishing Plant Operators,8122,"Metal Finishing, Plating and Coating Machine Operators",8122.7100,Sizing Machine Operator (Abrasive Wheel),00
8,"Plant and Machine Operators, and Assemblers",81,Stationary Plant and Machine Operators,812,Metal Processing and Finishing Plant Operators,8122,"Metal Finishing, Plating and Coating Machine Operators",8122.7200,Abrasive Coated Cloth and Papermaker,00
8,"Plant and Machine Operators, and Assemblers",81,Stationary Plant and Machine Operators,812,Metal Processing and Finishing Plant Operators,8122,"Metal Finishing, Plating and Coating Machine Operators",8122.7300,Skiving Machine Operator (Abrasive),00
8,"Plant and Machine Operators, and Assemblers",81,Stationary Plant and Machine Operators,812,Metal Processing and Finishing Plant Operators,8122,"Metal Finishing, Plating and Coating Machine Operators",8122.7400,Belt Press Operator (Abrasive),00
8,"Plant and Machine Operators, and Assemblers",81,Stationary Plant and Machine Operators,812,Metal Processing and Finishing Plant Operators,8122,"Metal Finishing, Plating and Coating Machine Operators",8122.7500,Roll Winding Machine Operator (Abrasive),00
8,"Plant and Machine Operators, and Assemblers",81,Stationary Plant and Machine Operators,812,Metal Processing and Finishing Plant Operators,8122,"Metal Finishing, Plating and Coating Machine Operators",8122.7600,Sheet Cutter (Abrasive),00
8,"Plant and Machine Operators, and Assemblers",81,Stationary Plant and Machine Operators,812,Metal Processing and Finishing Plant Operators,8122,"Metal Finishing, Plating and Coating Machine Operators",8122.7700,Slitting Machine Operator (Abrasive),00
8,"Plant and Machine Operators, and Assemblers",81,Stationary Plant and Machine Operators,812,Metal Processing and Finishing Plant Operators,8122,"Metal Finishing, Plating and Coating Machine Operators",8122.7800,Clicker Press Operator (Abrasive),00
8,"Plant and Machine Operators, and Assemblers",81,Stationary Plant and Machine Operators,812,Metal Processing and Finishing Plant Operators,8122,"Metal Finishing, Plating and Coating Machine Operators",8122.7900,Splint Feeder (Match),00
8,"Plant and Machine Operators, and Assemblers",81,Stationary Plant and Machine Operators,812,Metal Processing and Finishing Plant Operators,8122,"Metal Finishing, Plating and Coating Machine Operators",8122.8000,Splint Drying Chamberman (Match),00
8,"Plant and Machine Operators, and Assemblers",81,Stationary Plant and Machine Operators,812,Metal Processing and Finishing Plant Operators,8122,"Metal Finishing, Plating and Coating Machine Operators",8122.8100,Levelling Machine Attendant (Match),00
8,"Plant and Machine Operators, and Assemblers",81,Stationary Plant and Machine Operators,812,Metal Processing and Finishing Plant Operators,8122,"Metal Finishing, Plating and Coating Machine Operators",8122.9900,"Metal Finishing, Plating and Coating Machine Operators, Other",00
8,"Plant and Machine Operators, and Assemblers",81,Stationary Plant and Machine Operators,813,Chemical and Photographic Products Plant and Machine Operators,8131,Chemical Products Plant and Machine Operators,8131.0100,"Crusher Operator, Chemical",00
8,"Plant and Machine Operators, and Assemblers",81,Stationary Plant and Machine Operators,813,Chemical and Photographic Products Plant and Machine Operators,8131,Chemical Products Plant and Machine Operators,8131.0200,Miller/Mill Operator (Chemical),00
8,"Plant and Machine Operators, and Assemblers",81,Stationary Plant and Machine Operators,813,Chemical and Photographic Products Plant and Machine Operators,8131,Chemical Products Plant and Machine Operators,8131.0300,"Pulveriser Operator, Chemical",00
8,"Plant and Machine Operators, and Assemblers",81,Stationary Plant and Machine Operators,813,Chemical and Photographic Products Plant and Machine Operators,8131,Chemical Products Plant and Machine Operators,8131.0400,Mixing Machineman Attendant (Chemical),00
8,"Plant and Machine Operators, and Assemblers",81,Stationary Plant and Machine Operators,813,Chemical and Photographic Products Plant and Machine Operators,8131,Chemical Products Plant and Machine Operators,8131.0500,Compounding Man (Match),00
8,"Plant and Machine Operators, and Assemblers",81,Stationary Plant and Machine Operators,813,Chemical and Photographic Products Plant and Machine Operators,8131,Chemical Products Plant and Machine Operators,8131.0800,"Sieving Machine Attendant, Chemical",00
8,"Plant and Machine Operators, and Assemblers",81,Stationary Plant and Machine Operators,813,Chemical and Photographic Products Plant and Machine Operators,8131,Chemical Products Plant and Machine Operators,8131.0900,Grading Machine Attendant (Abrasive),00
8,"Plant and Machine Operators, and Assemblers",81,Stationary Plant and Machine Operators,813,Chemical and Photographic Products Plant and Machine Operators,8131,Chemical Products Plant and Machine Operators,8131.1400,Drying Chamber Attendant (Drugs)/Chamber Operators,00
8,"Plant and Machine Operators, and Assemblers",81,Stationary Plant and Machine Operators,813,Chemical and Photographic Products Plant and Machine Operators,8131,Chemical Products Plant and Machine Operators,8131.1500,Drying Chamber Attendant (Match Boxes)/Chamber Operators,00
8,"Plant and Machine Operators, and Assemblers",81,Stationary Plant and Machine Operators,813,Chemical and Photographic Products Plant and Machine Operators,8131,Chemical Products Plant and Machine Operators,8131.1700,Size Maker (Abrasive),00
8,"Plant and Machine Operators, and Assemblers",81,Stationary Plant and Machine Operators,813,Chemical and Photographic Products Plant and Machine Operators,8131,Chemical Products Plant and Machine Operators,8131.1800,Paste Maker,00
8,"Plant and Machine Operators, and Assemblers",81,Stationary Plant and Machine Operators,813,Chemical and Photographic Products Plant and Machine Operators,8131,Chemical Products Plant and Machine Operators,8131.2100,Ammonia Operator/Ammonia Plant Operator,00
8,"Plant and Machine Operators, and Assemblers",81,Stationary Plant and Machine Operators,813,Chemical and Photographic Products Plant and Machine Operators,8131,Chemical Products Plant and Machine Operators,8131.2200,Heat Treater,00
8,"Plant and Machine Operators, and Assemblers",81,Stationary Plant and Machine Operators,813,Chemical and Photographic Products Plant and Machine Operators,8131,Chemical Products Plant and Machine Operators,8131.2300,Filter Press Operator,00
8,"Plant and Machine Operators, and Assemblers",81,Stationary Plant and Machine Operators,813,Chemical and Photographic Products Plant and Machine Operators,8131,Chemical Products Plant and Machine Operators,8131.2400,Filter Press Operator (Ceramics),00
8,"Plant and Machine Operators, and Assemblers",81,Stationary Plant and Machine Operators,813,Chemical and Photographic Products Plant and Machine Operators,8131,Chemical Products Plant and Machine Operators,8131.2500,"Strainer, Liquid",00
8,"Plant and Machine Operators, and Assemblers",81,Stationary Plant and Machine Operators,813,Chemical and Photographic Products Plant and Machine Operators,8131,Chemical Products Plant and Machine Operators,8131.2600,Box Filtration Operator,00
8,"Plant and Machine Operators, and Assemblers",81,Stationary Plant and Machine Operators,813,Chemical and Photographic Products Plant and Machine Operators,8131,Chemical Products Plant and Machine Operators,8131.2700,Hydro Extractor Operator,00
8,"Plant and Machine Operators, and Assemblers",81,Stationary Plant and Machine Operators,813,Chemical and Photographic Products Plant and Machine Operators,8131,Chemical Products Plant and Machine Operators,8131.2800,Crude Oil Treater (Oil Field),00
8,"Plant and Machine Operators, and Assemblers",81,Stationary Plant and Machine Operators,813,Chemical and Photographic Products Plant and Machine Operators,8131,Chemical Products Plant and Machine Operators,8131.2900,Gauger (Cement),00
8,"Plant and Machine Operators, and Assemblers",81,Stationary Plant and Machine Operators,813,Chemical and Photographic Products Plant and Machine Operators,8131,Chemical Products Plant and Machine Operators,8131.3000,Disc Operator (Abrasive),00
8,"Plant and Machine Operators, and Assemblers",81,Stationary Plant and Machine Operators,813,Chemical and Photographic Products Plant and Machine Operators,8131,Chemical Products Plant and Machine Operators,8131.3100,Crude Oil Treater (Petrol & Gas),00
8,"Plant and Machine Operators, and Assemblers",81,Stationary Plant and Machine Operators,813,Chemical and Photographic Products Plant and Machine Operators,8131,Chemical Products Plant and Machine Operators,8131.3200,Brine Maker (Chemical),00
8,"Plant and Machine Operators, and Assemblers",81,Stationary Plant and Machine Operators,813,Chemical and Photographic Products Plant and Machine Operators,8131,Chemical Products Plant and Machine Operators,8131.3501,Autoclave Operator,01
8,"Plant and Machine Operators, and Assemblers",81,Stationary Plant and Machine Operators,813,Chemical and Photographic Products Plant and Machine Operators,8131,Chemical Products Plant and Machine Operators,8131.3600,Evaporator Operator,00
8,"Plant and Machine Operators, and Assemblers",81,Stationary Plant and Machine Operators,813,Chemical and Photographic Products Plant and Machine Operators,8131,Chemical Products Plant and Machine Operators,8131.3700,Reactor Convertor Operator,00
8,"Plant and Machine Operators, and Assemblers",81,Stationary Plant and Machine Operators,813,Chemical and Photographic Products Plant and Machine Operators,8131,Chemical Products Plant and Machine Operators,8131.3800,Converter Operator (Grain Feed Mills),00
8,"Plant and Machine Operators, and Assemblers",81,Stationary Plant and Machine Operators,813,Chemical and Photographic Products Plant and Machine Operators,8131,Chemical Products Plant and Machine Operators,8131.3900,Distiller (Chemical),00
8,"Plant and Machine Operators, and Assemblers",81,Stationary Plant and Machine Operators,813,Chemical and Photographic Products Plant and Machine Operators,8131,Chemical Products Plant and Machine Operators,8131.4000,Continuous Machine Operator (Match Box Manufacturing),00
8,"Plant and Machine Operators, and Assemblers",81,Stationary Plant and Machine Operators,813,Chemical and Photographic Products Plant and Machine Operators,8131,Chemical Products Plant and Machine Operators,8131.4100,Receiver (Match),00
8,"Plant and Machine Operators, and Assemblers",81,Stationary Plant and Machine Operators,813,Chemical and Photographic Products Plant and Machine Operators,8131,Chemical Products Plant and Machine Operators,8131.4200,Box Making Machine Operator (Match),00
8,"Plant and Machine Operators, and Assemblers",81,Stationary Plant and Machine Operators,813,Chemical and Photographic Products Plant and Machine Operators,8131,Chemical Products Plant and Machine Operators,8131.4300,Box Filling Machine Operator (Match),00
8,"Plant and Machine Operators, and Assemblers",81,Stationary Plant and Machine Operators,813,Chemical and Photographic Products Plant and Machine Operators,8131,Chemical Products Plant and Machine Operators,8131.4400,Friction Machine Operator (Match),00
8,"Plant and Machine Operators, and Assemblers",81,Stationary Plant and Machine Operators,813,Chemical and Photographic Products Plant and Machine Operators,8131,Chemical Products Plant and Machine Operators,8131.4500,Box Closing Machine Operator (Match),00
8,"Plant and Machine Operators, and Assemblers",81,Stationary Plant and Machine Operators,813,Chemical and Photographic Products Plant and Machine Operators,8131,Chemical Products Plant and Machine Operators,8131.4600,Bandroll and Labelling Machine Operator,00
8,"Plant and Machine Operators, and Assemblers",81,Stationary Plant and Machine Operators,813,Chemical and Photographic Products Plant and Machine Operators,8131,Chemical Products Plant and Machine Operators,8131.4900,"Coke Oven Operator, Controller",00
8,"Plant and Machine Operators, and Assemblers",81,Stationary Plant and Machine Operators,813,Chemical and Photographic Products Plant and Machine Operators,8131,Chemical Products Plant and Machine Operators,8131.5600,"Charcoal Burner, Beehive Kiln (Chemical)",00
8,"Plant and Machine Operators, and Assemblers",81,Stationary Plant and Machine Operators,813,Chemical and Photographic Products Plant and Machine Operators,8131,Chemical Products Plant and Machine Operators,8131.5800,Producer Gas Plant Operator,00
8,"Plant and Machine Operators, and Assemblers",81,Stationary Plant and Machine Operators,813,Chemical and Photographic Products Plant and Machine Operators,8131,Chemical Products Plant and Machine Operators,8131.5900,"Bale Cutter Operator, Rubber",00
8,"Plant and Machine Operators, and Assemblers",81,Stationary Plant and Machine Operators,813,Chemical and Photographic Products Plant and Machine Operators,8131,Chemical Products Plant and Machine Operators,8131.6000,"Masticator, Rubber",00
8,"Plant and Machine Operators, and Assemblers",81,Stationary Plant and Machine Operators,813,Chemical and Photographic Products Plant and Machine Operators,8131,Chemical Products Plant and Machine Operators,8131.6100,Straining Operator (Rubber Reclaim),00
8,"Plant and Machine Operators, and Assemblers",81,Stationary Plant and Machine Operators,813,Chemical and Photographic Products Plant and Machine Operators,8131,Chemical Products Plant and Machine Operators,8131.6200,"Mixer, Rubber/Mill Operator",00
8,"Plant and Machine Operators, and Assemblers",81,Stationary Plant and Machine Operators,813,Chemical and Photographic Products Plant and Machine Operators,8131,Chemical Products Plant and Machine Operators,8131.6300,"Solution and Dough Making, Operator, Rubber",00
8,"Plant and Machine Operators, and Assemblers",81,Stationary Plant and Machine Operators,813,Chemical and Photographic Products Plant and Machine Operators,8131,Chemical Products Plant and Machine Operators,8131.6400,Synthetic Fibre Maker,00
8,"Plant and Machine Operators, and Assemblers",81,Stationary Plant and Machine Operators,813,Chemical and Photographic Products Plant and Machine Operators,8131,Chemical Products Plant and Machine Operators,8131.6500,Refining Machine Operator (Oils and Fats)/Oil and Fat Plant Operator,00
8,"Plant and Machine Operators, and Assemblers",81,Stationary Plant and Machine Operators,813,Chemical and Photographic Products Plant and Machine Operators,8131,Chemical Products Plant and Machine Operators,8131.6600,Hydrogenation Operator (Oil & Fats)/Oil and Fat Plant Operator,00
8,"Plant and Machine Operators, and Assemblers",81,Stationary Plant and Machine Operators,813,Chemical and Photographic Products Plant and Machine Operators,8131,Chemical Products Plant and Machine Operators,8131.6700,Deodorizer,00
8,"Plant and Machine Operators, and Assemblers",81,Stationary Plant and Machine Operators,813,Chemical and Photographic Products Plant and Machine Operators,8131,Chemical Products Plant and Machine Operators,8131.6800,Crystallisation Attendant,00
8,"Plant and Machine Operators, and Assemblers",81,Stationary Plant and Machine Operators,813,Chemical and Photographic Products Plant and Machine Operators,8131,Chemical Products Plant and Machine Operators,8131.7000,Tablet Machine Operator,00
8,"Plant and Machine Operators, and Assemblers",81,Stationary Plant and Machine Operators,813,Chemical and Photographic Products Plant and Machine Operators,8131,Chemical Products Plant and Machine Operators,8131.7100,Tablet Coater,00
8,"Plant and Machine Operators, and Assemblers",81,Stationary Plant and Machine Operators,813,Chemical and Photographic Products Plant and Machine Operators,8131,Chemical Products Plant and Machine Operators,8131.7200,Ampoule Machine/Plant Operator,00
8,"Plant and Machine Operators, and Assemblers",81,Stationary Plant and Machine Operators,813,Chemical and Photographic Products Plant and Machine Operators,8131,Chemical Products Plant and Machine Operators,8131.7500,M.B. Tester,00
8,"Plant and Machine Operators, and Assemblers",81,Stationary Plant and Machine Operators,813,Chemical and Photographic Products Plant and Machine Operators,8131,Chemical Products Plant and Machine Operators,8131.7600,"Optical Examiner, Ampoules",00
8,"Plant and Machine Operators, and Assemblers",81,Stationary Plant and Machine Operators,813,Chemical and Photographic Products Plant and Machine Operators,8131,Chemical Products Plant and Machine Operators,8131.7700,Acid Plant Operator,00
8,"Plant and Machine Operators, and Assemblers",81,Stationary Plant and Machine Operators,813,Chemical and Photographic Products Plant and Machine Operators,8131,Chemical Products Plant and Machine Operators,8131.7800,Sulphur Burner,00
8,"Plant and Machine Operators, and Assemblers",81,Stationary Plant and Machine Operators,813,Chemical and Photographic Products Plant and Machine Operators,8131,Chemical Products Plant and Machine Operators,8131.8000,Acid Concentrator,00
8,"Plant and Machine Operators, and Assemblers",81,Stationary Plant and Machine Operators,813,Chemical and Photographic Products Plant and Machine Operators,8131,Chemical Products Plant and Machine Operators,8131.8100,"Acid Worker, Other",00
8,"Plant and Machine Operators, and Assemblers",81,Stationary Plant and Machine Operators,813,Chemical and Photographic Products Plant and Machine Operators,8131,Chemical Products Plant and Machine Operators,8131.8200,"Cell Room Attendant, Chemical",00
8,"Plant and Machine Operators, and Assemblers",81,Stationary Plant and Machine Operators,813,Chemical and Photographic Products Plant and Machine Operators,8131,Chemical Products Plant and Machine Operators,8131.8300,Gas Storage Attendant,00
8,"Plant and Machine Operators, and Assemblers",81,Stationary Plant and Machine Operators,813,Chemical and Photographic Products Plant and Machine Operators,8131,Chemical Products Plant and Machine Operators,8131.8400,Soap Machine Attendant,00
8,"Plant and Machine Operators, and Assemblers",81,Stationary Plant and Machine Operators,813,Chemical and Photographic Products Plant and Machine Operators,8131,Chemical Products Plant and Machine Operators,8131.8500,"Extraction Attendant, Chemical",00
8,"Plant and Machine Operators, and Assemblers",81,Stationary Plant and Machine Operators,813,Chemical and Photographic Products Plant and Machine Operators,8131,Chemical Products Plant and Machine Operators,8131.8700,Laboratory Attendant,00
8,"Plant and Machine Operators, and Assemblers",81,Stationary Plant and Machine Operators,813,Chemical and Photographic Products Plant and Machine Operators,8131,Chemical Products Plant and Machine Operators,8131.8800,Agarbatti Maker,00
8,"Plant and Machine Operators, and Assemblers",81,Stationary Plant and Machine Operators,813,Chemical and Photographic Products Plant and Machine Operators,8131,Chemical Products Plant and Machine Operators,8131.8900,Pencil Maker,00
8,"Plant and Machine Operators, and Assemblers",81,Stationary Plant and Machine Operators,813,Chemical and Photographic Products Plant and Machine Operators,8131,Chemical Products Plant and Machine Operators,8131.9000,"Assembler, Marking Devices (Pen & Pencil)",00
8,"Plant and Machine Operators, and Assemblers",81,Stationary Plant and Machine Operators,813,Chemical and Photographic Products Plant and Machine Operators,8131,Chemical Products Plant and Machine Operators,8131.9900,"Chemical Products Machine Operators, Other",00
8,"Plant and Machine Operators, and Assemblers",81,Stationary Plant and Machine Operators,813,Chemical and Photographic Products Plant and Machine Operators,8132,Photographic Products Machine Operators,8132.0100,Printer Photographic,00
8,"Plant and Machine Operators, and Assemblers",81,Stationary Plant and Machine Operators,813,Chemical and Photographic Products Plant and Machine Operators,8132,Photographic Products Machine Operators,8132.0200,"Developer, Photographic",00
8,"Plant and Machine Operators, and Assemblers",81,Stationary Plant and Machine Operators,813,Chemical and Photographic Products Plant and Machine Operators,8132,Photographic Products Machine Operators,8132.0300,"Developer, Automatic (Photofinishing)",00
8,"Plant and Machine Operators, and Assemblers",81,Stationary Plant and Machine Operators,813,Chemical and Photographic Products Plant and Machine Operators,8132,Photographic Products Machine Operators,8132.0400,"Enlarger, Photographic",00
8,"Plant and Machine Operators, and Assemblers",81,Stationary Plant and Machine Operators,813,Chemical and Photographic Products Plant and Machine Operators,8132,Photographic Products Machine Operators,8132.0500,"Retoucher, Photographic",00
8,"Plant and Machine Operators, and Assemblers",81,Stationary Plant and Machine Operators,813,Chemical and Photographic Products Plant and Machine Operators,8132,Photographic Products Machine Operators,8132.0600,Photographic Dark Room Operatives,00
8,"Plant and Machine Operators, and Assemblers",81,Stationary Plant and Machine Operators,813,Chemical and Photographic Products Plant and Machine Operators,8132,Photographic Products Machine Operators,8132.0700,"Printing Machine Operator, Photographic",00
8,"Plant and Machine Operators, and Assemblers",81,Stationary Plant and Machine Operators,813,Chemical and Photographic Products Plant and Machine Operators,8132,Photographic Products Machine Operators,8132.0800,Film Developing Machine Operator,00
8,"Plant and Machine Operators, and Assemblers",81,Stationary Plant and Machine Operators,813,Chemical and Photographic Products Plant and Machine Operators,8132,Photographic Products Machine Operators,8132.0900,Photographic Film and Papermaker,00
8,"Plant and Machine Operators, and Assemblers",81,Stationary Plant and Machine Operators,813,Chemical and Photographic Products Plant and Machine Operators,8132,Photographic Products Machine Operators,8132.1000,Linoleum Maker,00
8,"Plant and Machine Operators, and Assemblers",81,Stationary Plant and Machine Operators,813,Chemical and Photographic Products Plant and Machine Operators,8132,Photographic Products Machine Operators,8132.9900,"Photographic Products Machine Operators, Other",00
8,"Plant and Machine Operators, and Assemblers",81,Stationary Plant and Machine Operators,814,"Rubber, Plastic and Paper Products Machine Operators",8141,Rubber Products Machine Operators,8141.0100,Calendar Machine Operator,00
8,"Plant and Machine Operators, and Assemblers",81,Stationary Plant and Machine Operators,814,"Rubber, Plastic and Paper Products Machine Operators",8141,Rubber Products Machine Operators,8141.0101,Pre- and Post-Calendering Operator,01
8,"Plant and Machine Operators, and Assemblers",81,Stationary Plant and Machine Operators,814,"Rubber, Plastic and Paper Products Machine Operators",8141,Rubber Products Machine Operators,8141.0200,Cord Dipping Operator,00
8,"Plant and Machine Operators, and Assemblers",81,Stationary Plant and Machine Operators,814,"Rubber, Plastic and Paper Products Machine Operators",8141,Rubber Products Machine Operators,8141.0300,Extruding Machine Operator (Rubber),00
8,"Plant and Machine Operators, and Assemblers",81,Stationary Plant and Machine Operators,814,"Rubber, Plastic and Paper Products Machine Operators",8141,Rubber Products Machine Operators,8141.0301,Feed Extruder Operator,01
8,"Plant and Machine Operators, and Assemblers",81,Stationary Plant and Machine Operators,814,"Rubber, Plastic and Paper Products Machine Operators",8141,Rubber Products Machine Operators,8141.0302,Tube Extruder Operator,02
8,"Plant and Machine Operators, and Assemblers",81,Stationary Plant and Machine Operators,814,"Rubber, Plastic and Paper Products Machine Operators",8141,Rubber Products Machine Operators,8141.0400,Rubber Fabric Cutting Machine Operator,00
8,"Plant and Machine Operators, and Assemblers",81,Stationary Plant and Machine Operators,814,"Rubber, Plastic and Paper Products Machine Operators",8141,Rubber Products Machine Operators,8141.0500,Slitting Machine Operator (Cycle Tyre),00
8,"Plant and Machine Operators, and Assemblers",81,Stationary Plant and Machine Operators,814,"Rubber, Plastic and Paper Products Machine Operators",8141,Rubber Products Machine Operators,8141.0600,Bead Maker (Rubber Tyre),00
8,"Plant and Machine Operators, and Assemblers",81,Stationary Plant and Machine Operators,814,"Rubber, Plastic and Paper Products Machine Operators",8141,Rubber Products Machine Operators,8141.0700,Profiling Operator (Cycle Tyre),00
8,"Plant and Machine Operators, and Assemblers",81,Stationary Plant and Machine Operators,814,"Rubber, Plastic and Paper Products Machine Operators",8141,Rubber Products Machine Operators,8141.0711,Continuous Curing Operator,11
8,"Plant and Machine Operators, and Assemblers",81,Stationary Plant and Machine Operators,814,"Rubber, Plastic and Paper Products Machine Operators",8141,Rubber Products Machine Operators,8141.0712,Roto Curing Operator,12
8,"Plant and Machine Operators, and Assemblers",81,Stationary Plant and Machine Operators,814,"Rubber, Plastic and Paper Products Machine Operators",8141,Rubber Products Machine Operators,8141.0713,Injection Moulding Operator,13
8,"Plant and Machine Operators, and Assemblers",81,Stationary Plant and Machine Operators,814,"Rubber, Plastic and Paper Products Machine Operators",8141,Rubber Products Machine Operators,8141.0714,Transfer Moulding Operator,14
8,"Plant and Machine Operators, and Assemblers",81,Stationary Plant and Machine Operators,814,"Rubber, Plastic and Paper Products Machine Operators",8141,Rubber Products Machine Operators,8141.0715,Internal Mixer Operator,15
8,"Plant and Machine Operators, and Assemblers",81,Stationary Plant and Machine Operators,814,"Rubber, Plastic and Paper Products Machine Operators",8141,Rubber Products Machine Operators,8141.0716,Kneader Operator,16
8,"Plant and Machine Operators, and Assemblers",81,Stationary Plant and Machine Operators,814,"Rubber, Plastic and Paper Products Machine Operators",8141,Rubber Products Machine Operators,8141.0800,Finishing Operator (Rubber Tyre),00
8,"Plant and Machine Operators, and Assemblers",81,Stationary Plant and Machine Operators,814,"Rubber, Plastic and Paper Products Machine Operators",8141,Rubber Products Machine Operators,8141.0900,Sealing and Valve Fitting Operator,00
8,"Plant and Machine Operators, and Assemblers",81,Stationary Plant and Machine Operators,814,"Rubber, Plastic and Paper Products Machine Operators",8141,Rubber Products Machine Operators,8141.1000,Finishing Operator (Rubber Tube),00
8,"Plant and Machine Operators, and Assemblers",81,Stationary Plant and Machine Operators,814,"Rubber, Plastic and Paper Products Machine Operators",8141,Rubber Products Machine Operators,8141.1100,Sheet Maker (Rubber),00
8,"Plant and Machine Operators, and Assemblers",81,Stationary Plant and Machine Operators,814,"Rubber, Plastic and Paper Products Machine Operators",8141,Rubber Products Machine Operators,8141.1201,Moulder (Rubber)/Compression Moulding Operator,01
8,"Plant and Machine Operators, and Assemblers",81,Stationary Plant and Machine Operators,814,"Rubber, Plastic and Paper Products Machine Operators",8141,Rubber Products Machine Operators,8141.1301,Calenderer Rubberised Fabric/Operator- Textile Coating,01
8,"Plant and Machine Operators, and Assemblers",81,Stationary Plant and Machine Operators,814,"Rubber, Plastic and Paper Products Machine Operators",8141,Rubber Products Machine Operators,8141.1400,Hose Maker (Rubber Goods),00
8,"Plant and Machine Operators, and Assemblers",81,Stationary Plant and Machine Operators,814,"Rubber, Plastic and Paper Products Machine Operators",8141,Rubber Products Machine Operators,8141.1500,Latex Worker,00
8,"Plant and Machine Operators, and Assemblers",81,Stationary Plant and Machine Operators,814,"Rubber, Plastic and Paper Products Machine Operators",8141,Rubber Products Machine Operators,8141.1600,Latex Foam Cushion Maker,00
8,"Plant and Machine Operators, and Assemblers",81,Stationary Plant and Machine Operators,814,"Rubber, Plastic and Paper Products Machine Operators",8141,Rubber Products Machine Operators,8141.1701,Tyre Builder/Radial Building Operator,01
8,"Plant and Machine Operators, and Assemblers",81,Stationary Plant and Machine Operators,814,"Rubber, Plastic and Paper Products Machine Operators",8141,Rubber Products Machine Operators,8141.1702,Tyre Building Operator – Commercial Vehicles,02
8,"Plant and Machine Operators, and Assemblers",81,Stationary Plant and Machine Operators,814,"Rubber, Plastic and Paper Products Machine Operators",8141,Rubber Products Machine Operators,8141.1703,Tyre Building Operator – Passenger Vehicles,03
8,"Plant and Machine Operators, and Assemblers",81,Stationary Plant and Machine Operators,814,"Rubber, Plastic and Paper Products Machine Operators",8141,Rubber Products Machine Operators,8141.1800,Tyre Moulder,00
8,"Plant and Machine Operators, and Assemblers",81,Stationary Plant and Machine Operators,814,"Rubber, Plastic and Paper Products Machine Operators",8141,Rubber Products Machine Operators,8141.1801,Tyre Moulding Operator,01
8,"Plant and Machine Operators, and Assemblers",81,Stationary Plant and Machine Operators,814,"Rubber, Plastic and Paper Products Machine Operators",8141,Rubber Products Machine Operators,8141.1900,Band Builder (Tyre Building),00
8,"Plant and Machine Operators, and Assemblers",81,Stationary Plant and Machine Operators,814,"Rubber, Plastic and Paper Products Machine Operators",8141,Rubber Products Machine Operators,8141.2000,Trimmer (Tyre Building),00
8,"Plant and Machine Operators, and Assemblers",81,Stationary Plant and Machine Operators,814,"Rubber, Plastic and Paper Products Machine Operators",8141,Rubber Products Machine Operators,8141.2100,Tyre Repairer,00
8,"Plant and Machine Operators, and Assemblers",81,Stationary Plant and Machine Operators,814,"Rubber, Plastic and Paper Products Machine Operators",8141,Rubber Products Machine Operators,8141.2200,"Moulder, Rubber Tube",00
8,"Plant and Machine Operators, and Assemblers",81,Stationary Plant and Machine Operators,814,"Rubber, Plastic and Paper Products Machine Operators",8141,Rubber Products Machine Operators,8141.2300,Cycle Tube Reverser,00
8,"Plant and Machine Operators, and Assemblers",81,Stationary Plant and Machine Operators,814,"Rubber, Plastic and Paper Products Machine Operators",8141,Rubber Products Machine Operators,8141.2400,Rubber Stamp Maker,00
8,"Plant and Machine Operators, and Assemblers",81,Stationary Plant and Machine Operators,814,"Rubber, Plastic and Paper Products Machine Operators",8141,Rubber Products Machine Operators,8141.9900,"Rubber and Rubberised Product Makers, Other",00
8,"Plant and Machine Operators, and Assemblers",81,Stationary Plant and Machine Operators,814,"Rubber, Plastic and Paper Products Machine Operators",8142,Plastic Products Machine Operators,8142.0100,Tablet Machine Operator,00
8,"Plant and Machine Operators, and Assemblers",81,Stationary Plant and Machine Operators,814,"Rubber, Plastic and Paper Products Machine Operators",8142,Plastic Products Machine Operators,8142.0200,Laminating Press Operator (Plastic),00
8,"Plant and Machine Operators, and Assemblers",81,Stationary Plant and Machine Operators,814,"Rubber, Plastic and Paper Products Machine Operators",8142,Plastic Products Machine Operators,8142.0300,Extruding Machine Setter (Plastic),00
8,"Plant and Machine Operators, and Assemblers",81,Stationary Plant and Machine Operators,814,"Rubber, Plastic and Paper Products Machine Operators",8142,Plastic Products Machine Operators,8142.0400,Extruding Machine Operator (Plastic),00
8,"Plant and Machine Operators, and Assemblers",81,Stationary Plant and Machine Operators,814,"Rubber, Plastic and Paper Products Machine Operators",8142,Plastic Products Machine Operators,8142.0501,Injection Moulding Machine Operator (Plastic),01
8,"Plant and Machine Operators, and Assemblers",81,Stationary Plant and Machine Operators,814,"Rubber, Plastic and Paper Products Machine Operators",8142,Plastic Products Machine Operators,8142.0502,Moulding Operator,02
8,"Plant and Machine Operators, and Assemblers",81,Stationary Plant and Machine Operators,814,"Rubber, Plastic and Paper Products Machine Operators",8142,Plastic Products Machine Operators,8142.0503,Encapsulation Operator,03
8,"Plant and Machine Operators, and Assemblers",81,Stationary Plant and Machine Operators,814,"Rubber, Plastic and Paper Products Machine Operators",8142,Plastic Products Machine Operators,8142.0600,Compression Moulding Machine Operator (Plastic),00
8,"Plant and Machine Operators, and Assemblers",81,Stationary Plant and Machine Operators,814,"Rubber, Plastic and Paper Products Machine Operators",8142,Plastic Products Machine Operators,8142.0700,Bottle Blowing Machine Operator (Plastic),00
8,"Plant and Machine Operators, and Assemblers",81,Stationary Plant and Machine Operators,814,"Rubber, Plastic and Paper Products Machine Operators",8142,Plastic Products Machine Operators,8142.0800,Vacuum Plastic Forming Machine Operator,00
8,"Plant and Machine Operators, and Assemblers",81,Stationary Plant and Machine Operators,814,"Rubber, Plastic and Paper Products Machine Operators",8142,Plastic Products Machine Operators,8142.0900,Embossing Machine Setter (Plastic),00
8,"Plant and Machine Operators, and Assemblers",81,Stationary Plant and Machine Operators,814,"Rubber, Plastic and Paper Products Machine Operators",8142,Plastic Products Machine Operators,8142.1000,Embossing Machine Operator (Plastic),00
8,"Plant and Machine Operators, and Assemblers",81,Stationary Plant and Machine Operators,814,"Rubber, Plastic and Paper Products Machine Operators",8142,Plastic Products Machine Operators,8142.1100,Printing Machine Operator (Plastic),00
8,"Plant and Machine Operators, and Assemblers",81,Stationary Plant and Machine Operators,814,"Rubber, Plastic and Paper Products Machine Operators",8142,Plastic Products Machine Operators,8142.1200,Button Maker,00
8,"Plant and Machine Operators, and Assemblers",81,Stationary Plant and Machine Operators,814,"Rubber, Plastic and Paper Products Machine Operators",8142,Plastic Products Machine Operators,8142.1300,Mould Setter (Plastic),00
8,"Plant and Machine Operators, and Assemblers",81,Stationary Plant and Machine Operators,814,"Rubber, Plastic and Paper Products Machine Operators",8142,Plastic Products Machine Operators,8142.1301,Plastic Moulding Technician or Operator,01
8,"Plant and Machine Operators, and Assemblers",81,Stationary Plant and Machine Operators,814,"Rubber, Plastic and Paper Products Machine Operators",8142,Plastic Products Machine Operators,8142.1400,"Moulder, Hand (Plastic)",00
8,"Plant and Machine Operators, and Assemblers",81,Stationary Plant and Machine Operators,814,"Rubber, Plastic and Paper Products Machine Operators",8142,Plastic Products Machine Operators,8142.1500,Cementer (Plastic),00
8,"Plant and Machine Operators, and Assemblers",81,Stationary Plant and Machine Operators,814,"Rubber, Plastic and Paper Products Machine Operators",8142,Plastic Products Machine Operators,8142.1600,Plastic Fabricator,00
8,"Plant and Machine Operators, and Assemblers",81,Stationary Plant and Machine Operators,814,"Rubber, Plastic and Paper Products Machine Operators",8142,Plastic Products Machine Operators,8142.9900,"Plastic Products Making Operatives, Other",00
8,"Plant and Machine Operators, and Assemblers",81,Stationary Plant and Machine Operators,814,"Rubber, Plastic and Paper Products Machine Operators",8143,Paper Products Machine Operators,8143.0100,Cardboard Box Maker,00
8,"Plant and Machine Operators, and Assemblers",81,Stationary Plant and Machine Operators,814,"Rubber, Plastic and Paper Products Machine Operators",8143,Paper Products Machine Operators,8143.0200,"Envelope Maker, Machine",00
8,"Plant and Machine Operators, and Assemblers",81,Stationary Plant and Machine Operators,814,"Rubber, Plastic and Paper Products Machine Operators",8143,Paper Products Machine Operators,8143.0300,"Cellophane Bag Maker, Machine",00
8,"Plant and Machine Operators, and Assemblers",81,Stationary Plant and Machine Operators,814,"Rubber, Plastic and Paper Products Machine Operators",8143,Paper Products Machine Operators,8143.0400,"Flower Maker, Paper",00
8,"Plant and Machine Operators, and Assemblers",81,Stationary Plant and Machine Operators,814,"Rubber, Plastic and Paper Products Machine Operators",8143,Paper Products Machine Operators,8143.0500,Papier Mache Moulder,00
8,"Plant and Machine Operators, and Assemblers",81,Stationary Plant and Machine Operators,814,"Rubber, Plastic and Paper Products Machine Operators",8143,Paper Products Machine Operators,8143.9900,"Paper Product Makers, Other",00
8,"Plant and Machine Operators, and Assemblers",81,Stationary Plant and Machine Operators,815,"Textile, Fur and Leather Products Machine Operators",8151,"Fibre Preparing, Spinning and Winding Machine Operators",8151.0100,"Garnett Machineman, Woollen",00
8,"Plant and Machine Operators, and Assemblers",81,Stationary Plant and Machine Operators,815,"Textile, Fur and Leather Products Machine Operators",8151,"Fibre Preparing, Spinning and Winding Machine Operators",8151.0300,Rag Machineman (Woollen Textile),00
8,"Plant and Machine Operators, and Assemblers",81,Stationary Plant and Machine Operators,815,"Textile, Fur and Leather Products Machine Operators",8151,"Fibre Preparing, Spinning and Winding Machine Operators",8151.0400,Doubling Machine Operator (Textile),00
8,"Plant and Machine Operators, and Assemblers",81,Stationary Plant and Machine Operators,815,"Textile, Fur and Leather Products Machine Operators",8151,"Fibre Preparing, Spinning and Winding Machine Operators",8151.0500,Combing Tenter,00
8,"Plant and Machine Operators, and Assemblers",81,Stationary Plant and Machine Operators,815,"Textile, Fur and Leather Products Machine Operators",8151,"Fibre Preparing, Spinning and Winding Machine Operators",8151.0600,"Spinner, Frame (Textile)/Ring Frame Tenter",00
8,"Plant and Machine Operators, and Assemblers",81,Stationary Plant and Machine Operators,815,"Textile, Fur and Leather Products Machine Operators",8151,"Fibre Preparing, Spinning and Winding Machine Operators",8151.0700,Drawing Tenter,00
8,"Plant and Machine Operators, and Assemblers",81,Stationary Plant and Machine Operators,815,"Textile, Fur and Leather Products Machine Operators",8151,"Fibre Preparing, Spinning and Winding Machine Operators",8151.1000,Reeler Textile,00
8,"Plant and Machine Operators, and Assemblers",81,Stationary Plant and Machine Operators,815,"Textile, Fur and Leather Products Machine Operators",8151,"Fibre Preparing, Spinning and Winding Machine Operators",8151.1100,Reed Man,00
8,"Plant and Machine Operators, and Assemblers",81,Stationary Plant and Machine Operators,815,"Textile, Fur and Leather Products Machine Operators",8151,"Fibre Preparing, Spinning and Winding Machine Operators",8151.1200,Healdman (Textile),00
8,"Plant and Machine Operators, and Assemblers",81,Stationary Plant and Machine Operators,815,"Textile, Fur and Leather Products Machine Operators",8151,"Fibre Preparing, Spinning and Winding Machine Operators",8151.1300,"Reeler, Silk",00
8,"Plant and Machine Operators, and Assemblers",81,Stationary Plant and Machine Operators,815,"Textile, Fur and Leather Products Machine Operators",8151,"Fibre Preparing, Spinning and Winding Machine Operators",8151.1400,Yarn Tester,00
8,"Plant and Machine Operators, and Assemblers",81,Stationary Plant and Machine Operators,815,"Textile, Fur and Leather Products Machine Operators",8151,"Fibre Preparing, Spinning and Winding Machine Operators",8151.1500,Warping Boy (Textile)/Wrapper,00
8,"Plant and Machine Operators, and Assemblers",81,Stationary Plant and Machine Operators,815,"Textile, Fur and Leather Products Machine Operators",8151,"Fibre Preparing, Spinning and Winding Machine Operators",8151.1600,Pin Setter (Textile),00
8,"Plant and Machine Operators, and Assemblers",81,Stationary Plant and Machine Operators,815,"Textile, Fur and Leather Products Machine Operators",8151,"Fibre Preparing, Spinning and Winding Machine Operators",8151.1700,Roller Coverer,00
8,"Plant and Machine Operators, and Assemblers",81,Stationary Plant and Machine Operators,815,"Textile, Fur and Leather Products Machine Operators",8151,"Fibre Preparing, Spinning and Winding Machine Operators",8151.1800,Winder Textile/Winding Operator,00
8,"Plant and Machine Operators, and Assemblers",81,Stationary Plant and Machine Operators,815,"Textile, Fur and Leather Products Machine Operators",8151,"Fibre Preparing, Spinning and Winding Machine Operators",8151.1900,Size Mixer (Textile),00
8,"Plant and Machine Operators, and Assemblers",81,Stationary Plant and Machine Operators,815,"Textile, Fur and Leather Products Machine Operators",8151,"Fibre Preparing, Spinning and Winding Machine Operators",8151.2000,"Waterproofer, Textile",00
8,"Plant and Machine Operators, and Assemblers",81,Stationary Plant and Machine Operators,815,"Textile, Fur and Leather Products Machine Operators",8151,"Fibre Preparing, Spinning and Winding Machine Operators",8151.2100,"Weighter, Silk",00
8,"Plant and Machine Operators, and Assemblers",81,Stationary Plant and Machine Operators,815,"Textile, Fur and Leather Products Machine Operators",8151,"Fibre Preparing, Spinning and Winding Machine Operators",8151.2200,Fetler (Woollen Textile),00
8,"Plant and Machine Operators, and Assemblers",81,Stationary Plant and Machine Operators,815,"Textile, Fur and Leather Products Machine Operators",8151,"Fibre Preparing, Spinning and Winding Machine Operators",8151.9900,"Fibre Preparing, Spinning and Winding Machine Operators, Other",00
8,"Plant and Machine Operators, and Assemblers",81,Stationary Plant and Machine Operators,815,"Textile, Fur and Leather Products Machine Operators",8152,Weaving and Knitting Machine Operators,8152.0100,Drawing Man,00
8,"Plant and Machine Operators, and Assemblers",81,Stationary Plant and Machine Operators,815,"Textile, Fur and Leather Products Machine Operators",8152,Weaving and Knitting Machine Operators,8152.0200,"Doffer, Fly Frame/Speed Frame Operator",00
8,"Plant and Machine Operators, and Assemblers",81,Stationary Plant and Machine Operators,815,"Textile, Fur and Leather Products Machine Operators",8152,Weaving and Knitting Machine Operators,8152.0300,Knitting Jobber,00
8,"Plant and Machine Operators, and Assemblers",81,Stationary Plant and Machine Operators,815,"Textile, Fur and Leather Products Machine Operators",8152,Weaving and Knitting Machine Operators,8152.0400,Card Cutter,00
8,"Plant and Machine Operators, and Assemblers",81,Stationary Plant and Machine Operators,815,"Textile, Fur and Leather Products Machine Operators",8152,Weaving and Knitting Machine Operators,8152.0500,Mat Shearing Operator,00
8,"Plant and Machine Operators, and Assemblers",81,Stationary Plant and Machine Operators,815,"Textile, Fur and Leather Products Machine Operators",8152,Weaving and Knitting Machine Operators,8152.0600,"Flat Knitter, Machine/Knitting Machine Operator – Flat Knitting",00
8,"Plant and Machine Operators, and Assemblers",81,Stationary Plant and Machine Operators,815,"Textile, Fur and Leather Products Machine Operators",8152,Weaving and Knitting Machine Operators,8152.0700,Sock Knitter/Knitting Machine Operator – Socks Knitting,00
8,"Plant and Machine Operators, and Assemblers",81,Stationary Plant and Machine Operators,815,"Textile, Fur and Leather Products Machine Operators",8152,Weaving and Knitting Machine Operators,8152.0800,"Sock Knitter, Automatic Machine",00
8,"Plant and Machine Operators, and Assemblers",81,Stationary Plant and Machine Operators,815,"Textile, Fur and Leather Products Machine Operators",8152,Weaving and Knitting Machine Operators,8152.0900,"Knitter, Machine/Knitting Machine Operator",00
8,"Plant and Machine Operators, and Assemblers",81,Stationary Plant and Machine Operators,815,"Textile, Fur and Leather Products Machine Operators",8152,Weaving and Knitting Machine Operators,8152.1000,"Looperman, Hosiery",00
8,"Plant and Machine Operators, and Assemblers",81,Stationary Plant and Machine Operators,815,"Textile, Fur and Leather Products Machine Operators",8152,Weaving and Knitting Machine Operators,8152.1100,Warp Knitter/Knitting Machine Operator – Warp Knitter,00
8,"Plant and Machine Operators, and Assemblers",81,Stationary Plant and Machine Operators,815,"Textile, Fur and Leather Products Machine Operators",8152,Weaving and Knitting Machine Operators,8152.1200,"Weaver, Lace (Machine)",00
8,"Plant and Machine Operators, and Assemblers",81,Stationary Plant and Machine Operators,815,"Textile, Fur and Leather Products Machine Operators",8152,Weaving and Knitting Machine Operators,8152.1300,"Braid Maker, Machine/Braiding Machine Operator",00
8,"Plant and Machine Operators, and Assemblers",81,Stationary Plant and Machine Operators,815,"Textile, Fur and Leather Products Machine Operators",8152,Weaving and Knitting Machine Operators,8152.1400,Lace Maker (Machine),00
8,"Plant and Machine Operators, and Assemblers",81,Stationary Plant and Machine Operators,815,"Textile, Fur and Leather Products Machine Operators",8152,Weaving and Knitting Machine Operators,8152.1600,Warp Tying Machineman,00
8,"Plant and Machine Operators, and Assemblers",81,Stationary Plant and Machine Operators,815,"Textile, Fur and Leather Products Machine Operators",8152,Weaving and Knitting Machine Operators,8152.1700,Wrapper,00
8,"Plant and Machine Operators, and Assemblers",81,Stationary Plant and Machine Operators,815,"Textile, Fur and Leather Products Machine Operators",8152,Weaving and Knitting Machine Operators,8152.2000,Front Sizer (Cotton Textile),00
8,"Plant and Machine Operators, and Assemblers",81,Stationary Plant and Machine Operators,815,"Textile, Fur and Leather Products Machine Operators",8152,Weaving and Knitting Machine Operators,8152.2100,Back Sizer,00
8,"Plant and Machine Operators, and Assemblers",81,Stationary Plant and Machine Operators,815,"Textile, Fur and Leather Products Machine Operators",8152,Weaving and Knitting Machine Operators,8152.9900,"Weaving and Knitting Machine Operators, Other",00
8,"Plant and Machine Operators, and Assemblers",81,Stationary Plant and Machine Operators,815,"Textile, Fur and Leather Products Machine Operators",8153,Sewing Machine Operators,8153.0101,"Sewing Machine Operator, General",01
8,"Plant and Machine Operators, and Assemblers",81,Stationary Plant and Machine Operators,815,"Textile, Fur and Leather Products Machine Operators",8153,Sewing Machine Operators,8153.0102,Stitcher (Leather Goods and Garments),02
8,"Plant and Machine Operators, and Assemblers",81,Stationary Plant and Machine Operators,815,"Textile, Fur and Leather Products Machine Operators",8153,Sewing Machine Operators,8153.0103,Specialized Sewing Machine Operator,03
8,"Plant and Machine Operators, and Assemblers",81,Stationary Plant and Machine Operators,815,"Textile, Fur and Leather Products Machine Operators",8153,Sewing Machine Operators,8153.0200,"Button Hole Maker, Machine",00
8,"Plant and Machine Operators, and Assemblers",81,Stationary Plant and Machine Operators,815,"Textile, Fur and Leather Products Machine Operators",8153,Sewing Machine Operators,8153.0300,Eyelet Holing Machine Operator,00
8,"Plant and Machine Operators, and Assemblers",81,Stationary Plant and Machine Operators,815,"Textile, Fur and Leather Products Machine Operators",8153,Sewing Machine Operators,8153.0400,Button Stitching Machine Operator,00
8,"Plant and Machine Operators, and Assemblers",81,Stationary Plant and Machine Operators,815,"Textile, Fur and Leather Products Machine Operators",8153,Sewing Machine Operators,8153.0500,"Embroider, Machine",00
8,"Plant and Machine Operators, and Assemblers",81,Stationary Plant and Machine Operators,815,"Textile, Fur and Leather Products Machine Operators",8153,Sewing Machine Operators,8153.0600,Embroidery Machine Operator (Semi- Automatic),00
8,"Plant and Machine Operators, and Assemblers",81,Stationary Plant and Machine Operators,815,"Textile, Fur and Leather Products Machine Operators",8153,Sewing Machine Operators,8153.0601,Embroidery Machine Operator (Zig Zag Machine),01
8,"Plant and Machine Operators, and Assemblers",81,Stationary Plant and Machine Operators,815,"Textile, Fur and Leather Products Machine Operators",8153,Sewing Machine Operators,8153.0701,Framer – Computerised Embroidery Machine,01
8,"Plant and Machine Operators, and Assemblers",81,Stationary Plant and Machine Operators,815,"Textile, Fur and Leather Products Machine Operators",8153,Sewing Machine Operators,8153.0702,Helper – Parts Making (Leather Goods and Garments),02
8,"Plant and Machine Operators, and Assemblers",81,Stationary Plant and Machine Operators,815,"Textile, Fur and Leather Products Machine Operators",8153,Sewing Machine Operators,8153.0703,Helper – Finishing Operations (Leather Goods and Garments),03
8,"Plant and Machine Operators, and Assemblers",81,Stationary Plant and Machine Operators,815,"Textile, Fur and Leather Products Machine Operators",8153,Sewing Machine Operators,8153.9900,"Sewers and Embroiders, Other",00
8,"Plant and Machine Operators, and Assemblers",81,Stationary Plant and Machine Operators,815,"Textile, Fur and Leather Products Machine Operators",8154,"Bleaching, Dyeing and Cleaning Machine Operators",8154.0200,Kierman (Textile)/Package Dyeing Machine Operator,00
8,"Plant and Machine Operators, and Assemblers",81,Stationary Plant and Machine Operators,815,"Textile, Fur and Leather Products Machine Operators",8154,"Bleaching, Dyeing and Cleaning Machine Operators",8154.0300,"Scouringman, Woollen Yarn",00
8,"Plant and Machine Operators, and Assemblers",81,Stationary Plant and Machine Operators,815,"Textile, Fur and Leather Products Machine Operators",8154,"Bleaching, Dyeing and Cleaning Machine Operators",8154.0500,Washing Machineman,00
8,"Plant and Machine Operators, and Assemblers",81,Stationary Plant and Machine Operators,815,"Textile, Fur and Leather Products Machine Operators",8154,"Bleaching, Dyeing and Cleaning Machine Operators",8154.0600,"De-Gummer, Silk",00
8,"Plant and Machine Operators, and Assemblers",81,Stationary Plant and Machine Operators,815,"Textile, Fur and Leather Products Machine Operators",8154,"Bleaching, Dyeing and Cleaning Machine Operators",8154.0700,"Carbonizer, Textile",00
8,"Plant and Machine Operators, and Assemblers",81,Stationary Plant and Machine Operators,815,"Textile, Fur and Leather Products Machine Operators",8154,"Bleaching, Dyeing and Cleaning Machine Operators",8154.0800,"Scutcherman, Bleaching",00
8,"Plant and Machine Operators, and Assemblers",81,Stationary Plant and Machine Operators,815,"Textile, Fur and Leather Products Machine Operators",8154,"Bleaching, Dyeing and Cleaning Machine Operators",8154.0900,Dyed- Yarn Operator (Textile),00
8,"Plant and Machine Operators, and Assemblers",81,Stationary Plant and Machine Operators,815,"Textile, Fur and Leather Products Machine Operators",8154,"Bleaching, Dyeing and Cleaning Machine Operators",8154.1000,Jiggerman (Cotton Textile)/Jigger Machine Operator,00
8,"Plant and Machine Operators, and Assemblers",81,Stationary Plant and Machine Operators,815,"Textile, Fur and Leather Products Machine Operators",8154,"Bleaching, Dyeing and Cleaning Machine Operators",8154.1100,Dye Automation Operator (Textile)/ Dyeing Machine Operator,00
8,"Plant and Machine Operators, and Assemblers",81,Stationary Plant and Machine Operators,815,"Textile, Fur and Leather Products Machine Operators",8154,"Bleaching, Dyeing and Cleaning Machine Operators",8154.1200,Wool Dyer,00
8,"Plant and Machine Operators, and Assemblers",81,Stationary Plant and Machine Operators,815,"Textile, Fur and Leather Products Machine Operators",8154,"Bleaching, Dyeing and Cleaning Machine Operators",8154.1500,Dyer Garment,00
8,"Plant and Machine Operators, and Assemblers",81,Stationary Plant and Machine Operators,815,"Textile, Fur and Leather Products Machine Operators",8154,"Bleaching, Dyeing and Cleaning Machine Operators",8154.1700,Damping Machine Attendant,00
8,"Plant and Machine Operators, and Assemblers",81,Stationary Plant and Machine Operators,815,"Textile, Fur and Leather Products Machine Operators",8154,"Bleaching, Dyeing and Cleaning Machine Operators",8154.1800,Calenderman (Cotton Textile),00
8,"Plant and Machine Operators, and Assemblers",81,Stationary Plant and Machine Operators,815,"Textile, Fur and Leather Products Machine Operators",8154,"Bleaching, Dyeing and Cleaning Machine Operators",8154.1900,Miller,00
8,"Plant and Machine Operators, and Assemblers",81,Stationary Plant and Machine Operators,815,"Textile, Fur and Leather Products Machine Operators",8154,"Bleaching, Dyeing and Cleaning Machine Operators",8154.2000,Raising Machineman (Textile),00
8,"Plant and Machine Operators, and Assemblers",81,Stationary Plant and Machine Operators,815,"Textile, Fur and Leather Products Machine Operators",8154,"Bleaching, Dyeing and Cleaning Machine Operators",8154.2100,Stentering Machineman/Stentering Operator,00
8,"Plant and Machine Operators, and Assemblers",81,Stationary Plant and Machine Operators,815,"Textile, Fur and Leather Products Machine Operators",8154,"Bleaching, Dyeing and Cleaning Machine Operators",8154.2200,Cropper,00
8,"Plant and Machine Operators, and Assemblers",81,Stationary Plant and Machine Operators,815,"Textile, Fur and Leather Products Machine Operators",8154,"Bleaching, Dyeing and Cleaning Machine Operators",8154.2300,Padding Machineman/Padding Mangle Operator,00
8,"Plant and Machine Operators, and Assemblers",81,Stationary Plant and Machine Operators,815,"Textile, Fur and Leather Products Machine Operators",8154,"Bleaching, Dyeing and Cleaning Machine Operators",8154.2400,Brushing Machineman (Textile),00
8,"Plant and Machine Operators, and Assemblers",81,Stationary Plant and Machine Operators,815,"Textile, Fur and Leather Products Machine Operators",8154,"Bleaching, Dyeing and Cleaning Machine Operators",8154.2500,Crabbing Machineman (Woollen Textile),00
8,"Plant and Machine Operators, and Assemblers",81,Stationary Plant and Machine Operators,815,"Textile, Fur and Leather Products Machine Operators",8154,"Bleaching, Dyeing and Cleaning Machine Operators",8154.2600,Sanforizing Machineman,00
8,"Plant and Machine Operators, and Assemblers",81,Stationary Plant and Machine Operators,815,"Textile, Fur and Leather Products Machine Operators",8154,"Bleaching, Dyeing and Cleaning Machine Operators",8154.2700,Singeing Machineman/Singeing Machine Operator,00
8,"Plant and Machine Operators, and Assemblers",81,Stationary Plant and Machine Operators,815,"Textile, Fur and Leather Products Machine Operators",8154,"Bleaching, Dyeing and Cleaning Machine Operators",8154.9900,"Bleaching, Dyeing and Cleaning Machine Operators, Other",00
8,"Plant and Machine Operators, and Assemblers",81,Stationary Plant and Machine Operators,815,"Textile, Fur and Leather Products Machine Operators",8155,Fur and Leather Preparing Machine Operators,8155.0100,"Dehairer, Machine/Dehairer Machine Operator",00
8,"Plant and Machine Operators, and Assemblers",81,Stationary Plant and Machine Operators,815,"Textile, Fur and Leather Products Machine Operators",8155,Fur and Leather Preparing Machine Operators,8155.0201,"Flesher, Machine/Fleshing Operator",01
8,"Plant and Machine Operators, and Assemblers",81,Stationary Plant and Machine Operators,815,"Textile, Fur and Leather Products Machine Operators",8155,Fur and Leather Preparing Machine Operators,8155.0300,"Scudder, Machine/Scudding Machine Operator",00
8,"Plant and Machine Operators, and Assemblers",81,Stationary Plant and Machine Operators,815,"Textile, Fur and Leather Products Machine Operators",8155,Fur and Leather Preparing Machine Operators,8155.0400,"Hide and Skin Setter, Machine/Setting Machine Operator",00
8,"Plant and Machine Operators, and Assemblers",81,Stationary Plant and Machine Operators,815,"Textile, Fur and Leather Products Machine Operators",8155,Fur and Leather Preparing Machine Operators,8155.0500,"Hide Splitter, Machine/Splitting Machine Operator",00
8,"Plant and Machine Operators, and Assemblers",81,Stationary Plant and Machine Operators,815,"Textile, Fur and Leather Products Machine Operators",8155,Fur and Leather Preparing Machine Operators,8155.0501,Splitting and Sammying Operator (Leather),01
8,"Plant and Machine Operators, and Assemblers",81,Stationary Plant and Machine Operators,815,"Textile, Fur and Leather Products Machine Operators",8155,Fur and Leather Preparing Machine Operators,8155.0601,"Hide Shaver, Machine/Shaving Operator",01
8,"Plant and Machine Operators, and Assemblers",81,Stationary Plant and Machine Operators,815,"Textile, Fur and Leather Products Machine Operators",8155,Fur and Leather Preparing Machine Operators,8155.0700,"Staker, Machine/Staking Machine Operator",00
8,"Plant and Machine Operators, and Assemblers",81,Stationary Plant and Machine Operators,815,"Textile, Fur and Leather Products Machine Operators",8155,Fur and Leather Preparing Machine Operators,8155.0801,"Leather Buffer, Machine/Buffing Operator",01
8,"Plant and Machine Operators, and Assemblers",81,Stationary Plant and Machine Operators,815,"Textile, Fur and Leather Products Machine Operators",8155,Fur and Leather Preparing Machine Operators,8155.0900,"Leather Glazer, Machine/Glazing Machine Operator",00
8,"Plant and Machine Operators, and Assemblers",81,Stationary Plant and Machine Operators,815,"Textile, Fur and Leather Products Machine Operators",8155,Fur and Leather Preparing Machine Operators,8155.1000,Rolling Machine Operator (Leather),00
8,"Plant and Machine Operators, and Assemblers",81,Stationary Plant and Machine Operators,815,"Textile, Fur and Leather Products Machine Operators",8155,Fur and Leather Preparing Machine Operators,8155.1101,"Tanner, Rotary Drum, Continuous Process (Leather Manufacturing)/Drum Operator",01
8,"Plant and Machine Operators, and Assemblers",81,Stationary Plant and Machine Operators,815,"Textile, Fur and Leather Products Machine Operators",8155,Fur and Leather Preparing Machine Operators,8155.1102,Post Tanning Machine Operator,02
8,"Plant and Machine Operators, and Assemblers",81,Stationary Plant and Machine Operators,815,"Textile, Fur and Leather Products Machine Operators",8155,Fur and Leather Preparing Machine Operators,8155.1200,Leather Measuring Machine Man/Measuring Machine Operator,00
8,"Plant and Machine Operators, and Assemblers",81,Stationary Plant and Machine Operators,815,"Textile, Fur and Leather Products Machine Operators",8155,Fur and Leather Preparing Machine Operators,8155.1201,Helper – Wet Operations (Multi-Skilled),01
8,"Plant and Machine Operators, and Assemblers",81,Stationary Plant and Machine Operators,815,"Textile, Fur and Leather Products Machine Operators",8155,Fur and Leather Preparing Machine Operators,8155.1202,Helper – Dry Operations (Finished Leather),02
8,"Plant and Machine Operators, and Assemblers",81,Stationary Plant and Machine Operators,815,"Textile, Fur and Leather Products Machine Operators",8155,Fur and Leather Preparing Machine Operators,8155.1203,Helper – Finishing Operation(Finished Leather),03
8,"Plant and Machine Operators, and Assemblers",81,Stationary Plant and Machine Operators,815,"Textile, Fur and Leather Products Machine Operators",8155,Fur and Leather Preparing Machine Operators,8155.9900,"Fur And Leather Preparing Machine Operators, Other",00
8,"Plant and Machine Operators, and Assemblers",81,Stationary Plant and Machine Operators,815,"Textile, Fur and Leather Products Machine Operators",8156,Shoe Making and Related Machine Operators,8156.0100,Pounding Machine Operator (Footwear),00
8,"Plant and Machine Operators, and Assemblers",81,Stationary Plant and Machine Operators,815,"Textile, Fur and Leather Products Machine Operators",8156,Shoe Making and Related Machine Operators,8156.0200,"Heel Breaster, Machine (Footwear)/Machine Operator – Heel Breasting",00
8,"Plant and Machine Operators, and Assemblers",81,Stationary Plant and Machine Operators,815,"Textile, Fur and Leather Products Machine Operators",8156,Shoe Making and Related Machine Operators,8156.0400,"Heel Builder, Machine (Footwear)/Machine Operator – Heel Building",00
8,"Plant and Machine Operators, and Assemblers",81,Stationary Plant and Machine Operators,815,"Textile, Fur and Leather Products Machine Operators",8156,Shoe Making and Related Machine Operators,8156.0500,Sole Rounding Machine Operator,00
8,"Plant and Machine Operators, and Assemblers",81,Stationary Plant and Machine Operators,815,"Textile, Fur and Leather Products Machine Operators",8156,Shoe Making and Related Machine Operators,8156.0600,"Nailer, Machine/Machine Operator, Nailing",00
8,"Plant and Machine Operators, and Assemblers",81,Stationary Plant and Machine Operators,815,"Textile, Fur and Leather Products Machine Operators",8156,Shoe Making and Related Machine Operators,8156.0701,"Cutter, Machine/Cutter (Footwear)",01
8,"Plant and Machine Operators, and Assemblers",81,Stationary Plant and Machine Operators,815,"Textile, Fur and Leather Products Machine Operators",8156,Shoe Making and Related Machine Operators,8156.0800,"Leather Cutter, Machine",00
8,"Plant and Machine Operators, and Assemblers",81,Stationary Plant and Machine Operators,815,"Textile, Fur and Leather Products Machine Operators",8156,Shoe Making and Related Machine Operators,8156.0900,"Welt Sewer, Machine/Machine Operator, Welt Sewing",00
8,"Plant and Machine Operators, and Assemblers",81,Stationary Plant and Machine Operators,815,"Textile, Fur and Leather Products Machine Operators",8156,Shoe Making and Related Machine Operators,8156.0901,Stitching Operator (Footwear),01
8,"Plant and Machine Operators, and Assemblers",81,Stationary Plant and Machine Operators,815,"Textile, Fur and Leather Products Machine Operators",8156,Shoe Making and Related Machine Operators,8156.1001,"Skiver, Machine/Skiving Operator",01
8,"Plant and Machine Operators, and Assemblers",81,Stationary Plant and Machine Operators,815,"Textile, Fur and Leather Products Machine Operators",8156,Shoe Making and Related Machine Operators,8156.1401,"Laster, Machine/Lasting Operator",01
8,"Plant and Machine Operators, and Assemblers",81,Stationary Plant and Machine Operators,815,"Textile, Fur and Leather Products Machine Operators",8156,Shoe Making and Related Machine Operators,8156.1500,"Sole Stitcher, Machine",00
8,"Plant and Machine Operators, and Assemblers",81,Stationary Plant and Machine Operators,815,"Textile, Fur and Leather Products Machine Operators",8156,Shoe Making and Related Machine Operators,8156.1600,"Seat Laster, Machine/Lasting Machine Operator",00
8,"Plant and Machine Operators, and Assemblers",81,Stationary Plant and Machine Operators,815,"Textile, Fur and Leather Products Machine Operators",8156,Shoe Making and Related Machine Operators,8156.1700,"Splitter, Machine/Splitting Machine Operator",00
8,"Plant and Machine Operators, and Assemblers",81,Stationary Plant and Machine Operators,815,"Textile, Fur and Leather Products Machine Operators",8156,Shoe Making and Related Machine Operators,8156.1800,"Heeler, Machine/Heel Attacher",00
8,"Plant and Machine Operators, and Assemblers",81,Stationary Plant and Machine Operators,815,"Textile, Fur and Leather Products Machine Operators",8156,Shoe Making and Related Machine Operators,8156.1900,"Heel Compressor, Machine (Footwear)",00
8,"Plant and Machine Operators, and Assemblers",81,Stationary Plant and Machine Operators,815,"Textile, Fur and Leather Products Machine Operators",8156,Shoe Making and Related Machine Operators,8156.2000,"Sole Leveller, Machine",00
8,"Plant and Machine Operators, and Assemblers",81,Stationary Plant and Machine Operators,815,"Textile, Fur and Leather Products Machine Operators",8156,Shoe Making and Related Machine Operators,8156.2100,"Trimmer, Machine",00
8,"Plant and Machine Operators, and Assemblers",81,Stationary Plant and Machine Operators,815,"Textile, Fur and Leather Products Machine Operators",8156,Shoe Making and Related Machine Operators,8156.2200,"Edge Setter, Machine",00
8,"Plant and Machine Operators, and Assemblers",81,Stationary Plant and Machine Operators,815,"Textile, Fur and Leather Products Machine Operators",8156,Shoe Making and Related Machine Operators,8156.2300,Edge Burnisher,00
8,"Plant and Machine Operators, and Assemblers",81,Stationary Plant and Machine Operators,815,"Textile, Fur and Leather Products Machine Operators",8156,Shoe Making and Related Machine Operators,8156.2400,Heel Padding Machine Operator,00
8,"Plant and Machine Operators, and Assemblers",81,Stationary Plant and Machine Operators,815,"Textile, Fur and Leather Products Machine Operators",8156,Shoe Making and Related Machine Operators,8156.2500,Eyeleting Machine Operator,00
8,"Plant and Machine Operators, and Assemblers",81,Stationary Plant and Machine Operators,815,"Textile, Fur and Leather Products Machine Operators",8156,Shoe Making and Related Machine Operators,8156.2501,Pre-Assembly Operator,01
8,"Plant and Machine Operators, and Assemblers",81,Stationary Plant and Machine Operators,815,"Textile, Fur and Leather Products Machine Operators",8156,Shoe Making and Related Machine Operators,8156.2600,Riveting Machine Operator,00
8,"Plant and Machine Operators, and Assemblers",81,Stationary Plant and Machine Operators,815,"Textile, Fur and Leather Products Machine Operators",8156,Shoe Making and Related Machine Operators,8156.2601,Helper – Bottom Making (Footwear),01
8,"Plant and Machine Operators, and Assemblers",81,Stationary Plant and Machine Operators,815,"Textile, Fur and Leather Products Machine Operators",8156,Shoe Making and Related Machine Operators,8156.2602,Helper – Upper Making (Footwear),02
8,"Plant and Machine Operators, and Assemblers",81,Stationary Plant and Machine Operators,815,"Textile, Fur and Leather Products Machine Operators",8156,Shoe Making and Related Machine Operators,8156.2603,Helper – Finishing (Footwear),03
8,"Plant and Machine Operators, and Assemblers",81,Stationary Plant and Machine Operators,815,"Textile, Fur and Leather Products Machine Operators",8156,Shoe Making and Related Machine Operators,8156.9900,"Cutting, Lasting and Sewing Machine Operators, Other",00
8,"Plant and Machine Operators, and Assemblers",81,Stationary Plant and Machine Operators,815,"Textile, Fur and Leather Products Machine Operators",8157,Laundry Machine Operators,8157.0100,Washing Machine Operator,00
8,"Plant and Machine Operators, and Assemblers",81,Stationary Plant and Machine Operators,815,"Textile, Fur and Leather Products Machine Operators",8157,Laundry Machine Operators,8157.0200,Drying Machine Operator,00
8,"Plant and Machine Operators, and Assemblers",81,Stationary Plant and Machine Operators,815,"Textile, Fur and Leather Products Machine Operators",8157,Laundry Machine Operators,8157.0300,"Dry Cleaner, Machine",00
8,"Plant and Machine Operators, and Assemblers",81,Stationary Plant and Machine Operators,815,"Textile, Fur and Leather Products Machine Operators",8157,Laundry Machine Operators,8157.0400,"Presser, Machine/Ironing Operator",00
8,"Plant and Machine Operators, and Assemblers",81,Stationary Plant and Machine Operators,815,"Textile, Fur and Leather Products Machine Operators",8157,Laundry Machine Operators,8157.0401,Pressman,01
8,"Plant and Machine Operators, and Assemblers",81,Stationary Plant and Machine Operators,815,"Textile, Fur and Leather Products Machine Operators",8159,"Textile, Fur and Leather Products Machine Operators Not Elsewhere Classified",8159.0100,"Folder, Machine/Folding Machine Operator",00
8,"Plant and Machine Operators, and Assemblers",81,Stationary Plant and Machine Operators,815,"Textile, Fur and Leather Products Machine Operators",8159,"Textile, Fur and Leather Products Machine Operators Not Elsewhere Classified",8159.0200,"Splicing – Machine Operator, Automatic (Textile)",00
8,"Plant and Machine Operators, and Assemblers",81,Stationary Plant and Machine Operators,815,"Textile, Fur and Leather Products Machine Operators",8159,"Textile, Fur and Leather Products Machine Operators Not Elsewhere Classified",8159.0300,Balling – Machine Operator (Textile),00
8,"Plant and Machine Operators, and Assemblers",81,Stationary Plant and Machine Operators,815,"Textile, Fur and Leather Products Machine Operators",8159,"Textile, Fur and Leather Products Machine Operators Not Elsewhere Classified",8159.0400,Press Operator,00
8,"Plant and Machine Operators, and Assemblers",81,Stationary Plant and Machine Operators,815,"Textile, Fur and Leather Products Machine Operators",8159,"Textile, Fur and Leather Products Machine Operators Not Elsewhere Classified",8159.9900,"Leather Cutters, Lasters and Sewers and Related Machine Operators, Other",00
8,"Plant and Machine Operators, and Assemblers",81,Stationary Plant and Machine Operators,816,Food and Related Products Machine Operators,8160,Food and Related Products Machine Operators,8160.0300,Pasteurising Plant Operator (Dairy),00
8,"Plant and Machine Operators, and Assemblers",81,Stationary Plant and Machine Operators,816,Food and Related Products Machine Operators,8160,Food and Related Products Machine Operators,8160.0400,Mixing Tank Operator,00
8,"Plant and Machine Operators, and Assemblers",81,Stationary Plant and Machine Operators,816,Food and Related Products Machine Operators,8160,Food and Related Products Machine Operators,8160.0500,Dairy Processing Equipment Operator,00
8,"Plant and Machine Operators, and Assemblers",81,Stationary Plant and Machine Operators,816,Food and Related Products Machine Operators,8160,Food and Related Products Machine Operators,8160.0700,"Miller, Food Grains",00
8,"Plant and Machine Operators, and Assemblers",81,Stationary Plant and Machine Operators,816,Food and Related Products Machine Operators,8160,Food and Related Products Machine Operators,8160.0800,"Husker, Machine (Food Grains)",00
8,"Plant and Machine Operators, and Assemblers",81,Stationary Plant and Machine Operators,816,Food and Related Products Machine Operators,8160,Food and Related Products Machine Operators,8160.0900,"Rollerman, (Food Grains)",00
8,"Plant and Machine Operators, and Assemblers",81,Stationary Plant and Machine Operators,816,Food and Related Products Machine Operators,8160,Food and Related Products Machine Operators,8160.1000,Flour Mill Operator,00
8,"Plant and Machine Operators, and Assemblers",81,Stationary Plant and Machine Operators,816,Food and Related Products Machine Operators,8160,Food and Related Products Machine Operators,8160.1100,"Siever, Machine",00
8,"Plant and Machine Operators, and Assemblers",81,Stationary Plant and Machine Operators,816,Food and Related Products Machine Operators,8160,Food and Related Products Machine Operators,8160.1200,"Oil Crusher Operator, Power",00
8,"Plant and Machine Operators, and Assemblers",81,Stationary Plant and Machine Operators,816,Food and Related Products Machine Operators,8160,Food and Related Products Machine Operators,8160.1300,Filter Press Operator (Oil),00
8,"Plant and Machine Operators, and Assemblers",81,Stationary Plant and Machine Operators,816,Food and Related Products Machine Operators,8160,Food and Related Products Machine Operators,8160.1500,Wafer Baking Machine Operator (Baking),00
8,"Plant and Machine Operators, and Assemblers",81,Stationary Plant and Machine Operators,816,Food and Related Products Machine Operators,8160,Food and Related Products Machine Operators,8160.1600,Cooker Operator,00
8,"Plant and Machine Operators, and Assemblers",81,Stationary Plant and Machine Operators,816,Food and Related Products Machine Operators,8160,Food and Related Products Machine Operators,8160.1700,Cutting Machine Operator (Confectionery),00
8,"Plant and Machine Operators, and Assemblers",81,Stationary Plant and Machine Operators,816,Food and Related Products Machine Operators,8160,Food and Related Products Machine Operators,8160.1800,"Chocolate Maker, Helper",00
8,"Plant and Machine Operators, and Assemblers",81,Stationary Plant and Machine Operators,816,Food and Related Products Machine Operators,8160,Food and Related Products Machine Operators,8160.1900,"Flake Miller, Wheat and Oats (Grain-Feed Mills)",00
8,"Plant and Machine Operators, and Assemblers",81,Stationary Plant and Machine Operators,816,Food and Related Products Machine Operators,8160,Food and Related Products Machine Operators,8160.2000,Noodle Press Operator,00
8,"Plant and Machine Operators, and Assemblers",81,Stationary Plant and Machine Operators,816,Food and Related Products Machine Operators,8160,Food and Related Products Machine Operators,8160.2200,Peeling Machine Operator (Food Canning and Preserving),00
8,"Plant and Machine Operators, and Assemblers",81,Stationary Plant and Machine Operators,816,Food and Related Products Machine Operators,8160,Food and Related Products Machine Operators,8160.2300,Pitting Machine Operator (Food Canning and Preserving),00
8,"Plant and Machine Operators, and Assemblers",81,Stationary Plant and Machine Operators,816,Food and Related Products Machine Operators,8160,Food and Related Products Machine Operators,8160.2400,Fruit Press Operator (Food Canning and Preserving),00
8,"Plant and Machine Operators, and Assemblers",81,Stationary Plant and Machine Operators,816,Food and Related Products Machine Operators,8160,Food and Related Products Machine Operators,8160.2500,Seaming Machine Operator (Food Canning and Preserving),00
8,"Plant and Machine Operators, and Assemblers",81,Stationary Plant and Machine Operators,816,Food and Related Products Machine Operators,8160,Food and Related Products Machine Operators,8160.2600,Retort Operator (Food Canning and Preserving),00
8,"Plant and Machine Operators, and Assemblers",81,Stationary Plant and Machine Operators,816,Food and Related Products Machine Operators,8160,Food and Related Products Machine Operators,8160.2700,Processing Man (Food Canning and,00
8,"Plant and Machine Operators, and Assemblers",81,Stationary Plant and Machine Operators,816,Food and Related Products Machine Operators,8160,Food and Related Products Machine Operators,8160.2800,Panman (Food Canning and Preserving),00
8,"Plant and Machine Operators, and Assemblers",81,Stationary Plant and Machine Operators,816,Food and Related Products Machine Operators,8160,Food and Related Products Machine Operators,8160.2900,Exhaust Box Operator (Food Canning and Preserving),00
8,"Plant and Machine Operators, and Assemblers",81,Stationary Plant and Machine Operators,816,Food and Related Products Machine Operators,8160,Food and Related Products Machine Operators,8160.3000,Foodstuff Freezer,00
8,"Plant and Machine Operators, and Assemblers",81,Stationary Plant and Machine Operators,816,Food and Related Products Machine Operators,8160,Food and Related Products Machine Operators,8160.3100,Peanut Blancher,00
8,"Plant and Machine Operators, and Assemblers",81,Stationary Plant and Machine Operators,816,Food and Related Products Machine Operators,8160,Food and Related Products Machine Operators,8160.3200,Dehydrator Tender (Canning & Preservation),00
8,"Plant and Machine Operators, and Assemblers",81,Stationary Plant and Machine Operators,816,Food and Related Products Machine Operators,8160,Food and Related Products Machine Operators,8160.3300,Refining – Machine Operator (Oil & Grease),00
8,"Plant and Machine Operators, and Assemblers",81,Stationary Plant and Machine Operators,816,Food and Related Products Machine Operators,8160,Food and Related Products Machine Operators,8160.3400,"Crusher Operator, Sugarcane",00
8,"Plant and Machine Operators, and Assemblers",81,Stationary Plant and Machine Operators,816,Food and Related Products Machine Operators,8160,Food and Related Products Machine Operators,8160.3500,Filter Pressman,00
8,"Plant and Machine Operators, and Assemblers",81,Stationary Plant and Machine Operators,816,Food and Related Products Machine Operators,8160,Food and Related Products Machine Operators,8160.3600,Dorr Clarifier Operator,00
8,"Plant and Machine Operators, and Assemblers",81,Stationary Plant and Machine Operators,816,Food and Related Products Machine Operators,8160,Food and Related Products Machine Operators,8160.3700,"Evaporator Operator, Sugar",00
8,"Plant and Machine Operators, and Assemblers",81,Stationary Plant and Machine Operators,816,Food and Related Products Machine Operators,8160,Food and Related Products Machine Operators,8160.3800,"Panman, Sugar",00
8,"Plant and Machine Operators, and Assemblers",81,Stationary Plant and Machine Operators,816,Food and Related Products Machine Operators,8160,Food and Related Products Machine Operators,8160.3900,Crystalizerman,00
8,"Plant and Machine Operators, and Assemblers",81,Stationary Plant and Machine Operators,816,Food and Related Products Machine Operators,8160,Food and Related Products Machine Operators,8160.4000,Centrifugal Man,00
8,"Plant and Machine Operators, and Assemblers",81,Stationary Plant and Machine Operators,816,Food and Related Products Machine Operators,8160,Food and Related Products Machine Operators,8160.4100,Magmaman,00
8,"Plant and Machine Operators, and Assemblers",81,Stationary Plant and Machine Operators,816,Food and Related Products Machine Operators,8160,Food and Related Products Machine Operators,8160.4200,Cutter Driver,00
8,"Plant and Machine Operators, and Assemblers",81,Stationary Plant and Machine Operators,816,Food and Related Products Machine Operators,8160,Food and Related Products Machine Operators,8160.4300,"Cane Carrier Driver, Mill House",00
8,"Plant and Machine Operators, and Assemblers",81,Stationary Plant and Machine Operators,816,Food and Related Products Machine Operators,8160,Food and Related Products Machine Operators,8160.4400,Raw Juice Tank Pump Attendant,00
8,"Plant and Machine Operators, and Assemblers",81,Stationary Plant and Machine Operators,816,Food and Related Products Machine Operators,8160,Food and Related Products Machine Operators,8160.4500,Juice Measuring Man,00
8,"Plant and Machine Operators, and Assemblers",81,Stationary Plant and Machine Operators,816,Food and Related Products Machine Operators,8160,Food and Related Products Machine Operators,8160.4600,Lime Juice Tank Attendant,00
8,"Plant and Machine Operators, and Assemblers",81,Stationary Plant and Machine Operators,816,Food and Related Products Machine Operators,8160,Food and Related Products Machine Operators,8160.4700,Juice Heater Man,00
8,"Plant and Machine Operators, and Assemblers",81,Stationary Plant and Machine Operators,816,Food and Related Products Machine Operators,8160,Food and Related Products Machine Operators,8160.4800,Juice Heater Helper,00
8,"Plant and Machine Operators, and Assemblers",81,Stationary Plant and Machine Operators,816,Food and Related Products Machine Operators,8160,Food and Related Products Machine Operators,8160.4900,Carbonation Man,00
8,"Plant and Machine Operators, and Assemblers",81,Stationary Plant and Machine Operators,816,Food and Related Products Machine Operators,8160,Food and Related Products Machine Operators,8160.5000,Carbonation Storage Tank Attendant,00
8,"Plant and Machine Operators, and Assemblers",81,Stationary Plant and Machine Operators,816,Food and Related Products Machine Operators,8160,Food and Related Products Machine Operators,8160.5100,"Sulphitation Man, Sugar",00
8,"Plant and Machine Operators, and Assemblers",81,Stationary Plant and Machine Operators,816,Food and Related Products Machine Operators,8160,Food and Related Products Machine Operators,8160.5200,"Eliminator Attendant, Sugar",00
8,"Plant and Machine Operators, and Assemblers",81,Stationary Plant and Machine Operators,816,Food and Related Products Machine Operators,8160,Food and Related Products Machine Operators,8160.5300,"Settling Tank Man, Sugar",00
8,"Plant and Machine Operators, and Assemblers",81,Stationary Plant and Machine Operators,816,Food and Related Products Machine Operators,8160,Food and Related Products Machine Operators,8160.5400,Works Poor Attendant,00
8,"Plant and Machine Operators, and Assemblers",81,Stationary Plant and Machine Operators,816,Food and Related Products Machine Operators,8160,Food and Related Products Machine Operators,8160.5500,Gur Maker,00
8,"Plant and Machine Operators, and Assemblers",81,Stationary Plant and Machine Operators,816,Food and Related Products Machine Operators,8160,Food and Related Products Machine Operators,8160.5700,Tea Maker,00
8,"Plant and Machine Operators, and Assemblers",81,Stationary Plant and Machine Operators,816,Food and Related Products Machine Operators,8160,Food and Related Products Machine Operators,8160.5800,Withering Loft Attendant (Tea),00
8,"Plant and Machine Operators, and Assemblers",81,Stationary Plant and Machine Operators,816,Food and Related Products Machine Operators,8160,Food and Related Products Machine Operators,8160.5900,Roller Attendant,00
8,"Plant and Machine Operators, and Assemblers",81,Stationary Plant and Machine Operators,816,Food and Related Products Machine Operators,8160,Food and Related Products Machine Operators,8160.6000,Pulp Houseman (Coffee),00
8,"Plant and Machine Operators, and Assemblers",81,Stationary Plant and Machine Operators,816,Food and Related Products Machine Operators,8160,Food and Related Products Machine Operators,8160.6100,Peeling Machine Attendant (Coffee),00
8,"Plant and Machine Operators, and Assemblers",81,Stationary Plant and Machine Operators,816,Food and Related Products Machine Operators,8160,Food and Related Products Machine Operators,8160.6200,Firing Machine Attendant (Tea),00
8,"Plant and Machine Operators, and Assemblers",81,Stationary Plant and Machine Operators,816,Food and Related Products Machine Operators,8160,Food and Related Products Machine Operators,8160.6300,Tea Blender,00
8,"Plant and Machine Operators, and Assemblers",81,Stationary Plant and Machine Operators,816,Food and Related Products Machine Operators,8160,Food and Related Products Machine Operators,8160.6400,Coffee Blender,00
8,"Plant and Machine Operators, and Assemblers",81,Stationary Plant and Machine Operators,816,Food and Related Products Machine Operators,8160,Food and Related Products Machine Operators,8160.6500,Coffee Roaster,00
8,"Plant and Machine Operators, and Assemblers",81,Stationary Plant and Machine Operators,816,Food and Related Products Machine Operators,8160,Food and Related Products Machine Operators,8160.6600,"Roaster, Cocoa Bean",00
8,"Plant and Machine Operators, and Assemblers",81,Stationary Plant and Machine Operators,816,Food and Related Products Machine Operators,8160,Food and Related Products Machine Operators,8160.6800,Brew Master,00
8,"Plant and Machine Operators, and Assemblers",81,Stationary Plant and Machine Operators,816,Food and Related Products Machine Operators,8160,Food and Related Products Machine Operators,8160.6900,Malt Maker,00
8,"Plant and Machine Operators, and Assemblers",81,Stationary Plant and Machine Operators,816,Food and Related Products Machine Operators,8160,Food and Related Products Machine Operators,8160.7000,Masher,00
8,"Plant and Machine Operators, and Assemblers",81,Stationary Plant and Machine Operators,816,Food and Related Products Machine Operators,8160,Food and Related Products Machine Operators,8160.7100,Fermentation Man,00
8,"Plant and Machine Operators, and Assemblers",81,Stationary Plant and Machine Operators,816,Food and Related Products Machine Operators,8160,Food and Related Products Machine Operators,8160.7200,Yeast Maker,00
8,"Plant and Machine Operators, and Assemblers",81,Stationary Plant and Machine Operators,816,Food and Related Products Machine Operators,8160,Food and Related Products Machine Operators,8160.7300,Malt Vinegar Maker,00
8,"Plant and Machine Operators, and Assemblers",81,Stationary Plant and Machine Operators,816,Food and Related Products Machine Operators,8160,Food and Related Products Machine Operators,8160.7400,Filterman,00
8,"Plant and Machine Operators, and Assemblers",81,Stationary Plant and Machine Operators,816,Food and Related Products Machine Operators,8160,Food and Related Products Machine Operators,8160.7500,"Pasteuriser, Brewery",00
8,"Plant and Machine Operators, and Assemblers",81,Stationary Plant and Machine Operators,816,Food and Related Products Machine Operators,8160,Food and Related Products Machine Operators,8160.7600,Syrup Plant Operator,00
8,"Plant and Machine Operators, and Assemblers",81,Stationary Plant and Machine Operators,816,Food and Related Products Machine Operators,8160,Food and Related Products Machine Operators,8160.7700,Syrup Maker,00
8,"Plant and Machine Operators, and Assemblers",81,Stationary Plant and Machine Operators,816,Food and Related Products Machine Operators,8160,Food and Related Products Machine Operators,8160.7800,Syrup Mixing Plant Operator,00
8,"Plant and Machine Operators, and Assemblers",81,Stationary Plant and Machine Operators,816,Food and Related Products Machine Operators,8160,Food and Related Products Machine Operators,8160.7900,Syruper,00
8,"Plant and Machine Operators, and Assemblers",81,Stationary Plant and Machine Operators,816,Food and Related Products Machine Operators,8160,Food and Related Products Machine Operators,8160.8000,Bottling Plant In-Charge,00
8,"Plant and Machine Operators, and Assemblers",81,Stationary Plant and Machine Operators,816,Food and Related Products Machine Operators,8160,Food and Related Products Machine Operators,8160.8100,"Bottle Washer, Machine",00
8,"Plant and Machine Operators, and Assemblers",81,Stationary Plant and Machine Operators,816,Food and Related Products Machine Operators,8160,Food and Related Products Machine Operators,8160.8200,Carbonator Machine Attendant,00
8,"Plant and Machine Operators, and Assemblers",81,Stationary Plant and Machine Operators,816,Food and Related Products Machine Operators,8160,Food and Related Products Machine Operators,8160.8300,"Filler, Aerated Water",00
8,"Plant and Machine Operators, and Assemblers",81,Stationary Plant and Machine Operators,816,Food and Related Products Machine Operators,8160,Food and Related Products Machine Operators,8160.8400,"Filler, Aerated Water, Hand Machine",00
8,"Plant and Machine Operators, and Assemblers",81,Stationary Plant and Machine Operators,816,Food and Related Products Machine Operators,8160,Food and Related Products Machine Operators,8160.8600,"Drier and Cooler Operator, Tobacco",00
8,"Plant and Machine Operators, and Assemblers",81,Stationary Plant and Machine Operators,816,Food and Related Products Machine Operators,8160,Food and Related Products Machine Operators,8160.8700,"Cutting Machine Operator, Tobacco",00
8,"Plant and Machine Operators, and Assemblers",81,Stationary Plant and Machine Operators,816,Food and Related Products Machine Operators,8160,Food and Related Products Machine Operators,8160.8800,Cigarette Making Machine Operator,00
8,"Plant and Machine Operators, and Assemblers",81,Stationary Plant and Machine Operators,816,Food and Related Products Machine Operators,8160,Food and Related Products Machine Operators,8160.8900,Stingy Cigarette Slitting Machine Operator,00
8,"Plant and Machine Operators, and Assemblers",81,Stationary Plant and Machine Operators,816,Food and Related Products Machine Operators,8160,Food and Related Products Machine Operators,8160.9900,Food and Related Products Machine Operators,00
8,"Plant and Machine Operators, and Assemblers",81,Stationary Plant and Machine Operators,817,Wood Processing and Papermaking Plant Operators,8171,Pulp and Papermaking Plant Operators,8171.0100,"Chipperman, Paper Pulp",00
8,"Plant and Machine Operators, and Assemblers",81,Stationary Plant and Machine Operators,817,Wood Processing and Papermaking Plant Operators,8171,Pulp and Papermaking Plant Operators,8171.0200,"Grinder, Paper Pulp",00
8,"Plant and Machine Operators, and Assemblers",81,Stationary Plant and Machine Operators,817,Wood Processing and Papermaking Plant Operators,8171,Pulp and Papermaking Plant Operators,8171.0400,"Sorter, Paper Pulp",00
8,"Plant and Machine Operators, and Assemblers",81,Stationary Plant and Machine Operators,817,Wood Processing and Papermaking Plant Operators,8171,Pulp and Papermaking Plant Operators,8171.0500,"Cutter, Paper Pulp",00
8,"Plant and Machine Operators, and Assemblers",81,Stationary Plant and Machine Operators,817,Wood Processing and Papermaking Plant Operators,8171,Pulp and Papermaking Plant Operators,8171.0600,"Liquor Maker, Paper Pulp",00
8,"Plant and Machine Operators, and Assemblers",81,Stationary Plant and Machine Operators,817,Wood Processing and Papermaking Plant Operators,8171,Pulp and Papermaking Plant Operators,8171.0800,"Causticman, Paper Pulp/Causticizing Operator",00
8,"Plant and Machine Operators, and Assemblers",81,Stationary Plant and Machine Operators,817,Wood Processing and Papermaking Plant Operators,8171,Pulp and Papermaking Plant Operators,8171.0900,"Bleacher, Paper Pulp",00
8,"Plant and Machine Operators, and Assemblers",81,Stationary Plant and Machine Operators,817,Wood Processing and Papermaking Plant Operators,8171,Pulp and Papermaking Plant Operators,8171.1100,"Agitator, Paper Pulp",00
8,"Plant and Machine Operators, and Assemblers",81,Stationary Plant and Machine Operators,817,Wood Processing and Papermaking Plant Operators,8171,Pulp and Papermaking Plant Operators,8171.1200,"Machine Operator, Paper",00
8,"Plant and Machine Operators, and Assemblers",81,Stationary Plant and Machine Operators,817,Wood Processing and Papermaking Plant Operators,8171,Pulp and Papermaking Plant Operators,8171.1400,"Wire Boy, Paper",00
8,"Plant and Machine Operators, and Assemblers",81,Stationary Plant and Machine Operators,817,Wood Processing and Papermaking Plant Operators,8171,Pulp and Papermaking Plant Operators,8171.1600,"Cutter, Paper",00
8,"Plant and Machine Operators, and Assemblers",81,Stationary Plant and Machine Operators,817,Wood Processing and Papermaking Plant Operators,8171,Pulp and Papermaking Plant Operators,8171.1700,"Finisher, Paper",00
8,"Plant and Machine Operators, and Assemblers",81,Stationary Plant and Machine Operators,817,Wood Processing and Papermaking Plant Operators,8171,Pulp and Papermaking Plant Operators,8171.1800,"Vat Man, Handmade Paper",00
8,"Plant and Machine Operators, and Assemblers",81,Stationary Plant and Machine Operators,817,Wood Processing and Papermaking Plant Operators,8171,Pulp and Papermaking Plant Operators,8171.1900,"Transferor, Handmade Paper",00
8,"Plant and Machine Operators, and Assemblers",81,Stationary Plant and Machine Operators,817,Wood Processing and Papermaking Plant Operators,8171,Pulp and Papermaking Plant Operators,8171.2000,"Tub-Sizer, Handmade Paper",00
8,"Plant and Machine Operators, and Assemblers",81,Stationary Plant and Machine Operators,817,Wood Processing and Papermaking Plant Operators,8171,Pulp and Papermaking Plant Operators,8171.2100,"Drier, Handmade Paper",00
8,"Plant and Machine Operators, and Assemblers",81,Stationary Plant and Machine Operators,817,Wood Processing and Papermaking Plant Operators,8171,Pulp and Papermaking Plant Operators,8171.2200,"Presser, Handmade Paper",00
8,"Plant and Machine Operators, and Assemblers",81,Stationary Plant and Machine Operators,817,Wood Processing and Papermaking Plant Operators,8171,Pulp and Papermaking Plant Operators,8171.2400,"Calenderman, Handmade Paper",00
8,"Plant and Machine Operators, and Assemblers",81,Stationary Plant and Machine Operators,817,Wood Processing and Papermaking Plant Operators,8171,Pulp and Papermaking Plant Operators,8171.2500,"Coating Machine Operator, Hardboard (Paper Goods)",00
8,"Plant and Machine Operators, and Assemblers",81,Stationary Plant and Machine Operators,817,Wood Processing and Papermaking Plant Operators,8171,Pulp and Papermaking Plant Operators,8171.9900,"Pulp and Papermaking Plant Operators, Other",00
8,"Plant and Machine Operators, and Assemblers",81,Stationary Plant and Machine Operators,817,Wood Processing and Papermaking Plant Operators,8172,Wood Processing Plant Operators,8172.0100,"Wood Sawyer, Machine, General",00
8,"Plant and Machine Operators, and Assemblers",81,Stationary Plant and Machine Operators,817,Wood Processing and Papermaking Plant Operators,8172,Wood Processing Plant Operators,8172.0200,"Wood Sawyer, Edger",00
8,"Plant and Machine Operators, and Assemblers",81,Stationary Plant and Machine Operators,817,Wood Processing and Papermaking Plant Operators,8172,Wood Processing Plant Operators,8172.0300,Band Saw Operator,00
8,"Plant and Machine Operators, and Assemblers",81,Stationary Plant and Machine Operators,817,Wood Processing and Papermaking Plant Operators,8172,Wood Processing Plant Operators,8172.0400,Circular Saw Operator,00
8,"Plant and Machine Operators, and Assemblers",81,Stationary Plant and Machine Operators,817,Wood Processing and Papermaking Plant Operators,8172,Wood Processing Plant Operators,8172.0700,Veneer Cutter,00
8,"Plant and Machine Operators, and Assemblers",81,Stationary Plant and Machine Operators,817,Wood Processing and Papermaking Plant Operators,8172,Wood Processing Plant Operators,8172.0800,Peeling Machine Operator,00
8,"Plant and Machine Operators, and Assemblers",81,Stationary Plant and Machine Operators,817,Wood Processing and Papermaking Plant Operators,8172,Wood Processing Plant Operators,8172.0900,"Barrel-Lathe Operator, Outside (Wood Container)",00
8,"Plant and Machine Operators, and Assemblers",81,Stationary Plant and Machine Operators,817,Wood Processing and Papermaking Plant Operators,8172,Wood Processing Plant Operators,8172.1000,Wood Chopping Machine Operator,00
8,"Plant and Machine Operators, and Assemblers",81,Stationary Plant and Machine Operators,817,Wood Processing and Papermaking Plant Operators,8172,Wood Processing Plant Operators,8172.1100,Core Laying Machine Operator,00
8,"Plant and Machine Operators, and Assemblers",81,Stationary Plant and Machine Operators,817,Wood Processing and Papermaking Plant Operators,8172,Wood Processing Plant Operators,8172.1200,"Core Layer, Plywood",00
8,"Plant and Machine Operators, and Assemblers",81,Stationary Plant and Machine Operators,817,Wood Processing and Papermaking Plant Operators,8172,Wood Processing Plant Operators,8172.9900,"Wood Processing Plant Operators and Related Workers, Other",00
8,"Plant and Machine Operators, and Assemblers",81,Stationary Plant and Machine Operators,818,Other Stationary Plant and Machine Operators,8181,Glass and Ceramics Plant Operators,8181.0100,Blowing Machine Operator (Glass),00
8,"Plant and Machine Operators, and Assemblers",81,Stationary Plant and Machine Operators,818,Other Stationary Plant and Machine Operators,8181,Glass and Ceramics Plant Operators,8181.0200,"Machineman, Sheet Glass",00
8,"Plant and Machine Operators, and Assemblers",81,Stationary Plant and Machine Operators,818,Other Stationary Plant and Machine Operators,8181,Glass and Ceramics Plant Operators,8181.0300,Pressman (Glass),00
8,"Plant and Machine Operators, and Assemblers",81,Stationary Plant and Machine Operators,818,Other Stationary Plant and Machine Operators,8181,Glass and Ceramics Plant Operators,8181.0400,Pressman (Ceramics),00
8,"Plant and Machine Operators, and Assemblers",81,Stationary Plant and Machine Operators,818,Other Stationary Plant and Machine Operators,8181,Glass and Ceramics Plant Operators,8181.0500,"Extruding Press Operator, Clay",00
8,"Plant and Machine Operators, and Assemblers",81,Stationary Plant and Machine Operators,818,Other Stationary Plant and Machine Operators,8181,Glass and Ceramics Plant Operators,8181.0600,Rollerman (Glass),00
8,"Plant and Machine Operators, and Assemblers",81,Stationary Plant and Machine Operators,818,Other Stationary Plant and Machine Operators,8181,Glass and Ceramics Plant Operators,8181.0700,Pressman (Abrasive),00
8,"Plant and Machine Operators, and Assemblers",81,Stationary Plant and Machine Operators,818,Other Stationary Plant and Machine Operators,8181,Glass and Ceramics Plant Operators,8181.0800,Tube and Rod Drawer (Glass),00
8,"Plant and Machine Operators, and Assemblers",81,Stationary Plant and Machine Operators,818,Other Stationary Plant and Machine Operators,8181,Glass and Ceramics Plant Operators,8181.1000,Polisher (Glass Manufacturing),00
8,"Plant and Machine Operators, and Assemblers",81,Stationary Plant and Machine Operators,818,Other Stationary Plant and Machine Operators,8181,Glass and Ceramics Plant Operators,8181.1100,"Modeller, Pottery and Porcelain",00
8,"Plant and Machine Operators, and Assemblers",81,Stationary Plant and Machine Operators,818,Other Stationary Plant and Machine Operators,8181,Glass and Ceramics Plant Operators,8181.1200,"Furnace Man, Glass/Furnace Operator",00
8,"Plant and Machine Operators, and Assemblers",81,Stationary Plant and Machine Operators,818,Other Stationary Plant and Machine Operators,8181,Glass and Ceramics Plant Operators,8181.1400,Annealer (Glass Product),00
8,"Plant and Machine Operators, and Assemblers",81,Stationary Plant and Machine Operators,818,Other Stationary Plant and Machine Operators,8181,Glass and Ceramics Plant Operators,8181.1500,"Kiln Man, Pottery and Porcelain",00
8,"Plant and Machine Operators, and Assemblers",81,Stationary Plant and Machine Operators,818,Other Stationary Plant and Machine Operators,8181,Glass and Ceramics Plant Operators,8181.1600,"Kiln Loader, Pottery and Porcelain",00
8,"Plant and Machine Operators, and Assemblers",81,Stationary Plant and Machine Operators,818,Other Stationary Plant and Machine Operators,8181,Glass and Ceramics Plant Operators,8181.1700,"Kiln Man, Brick and Tile",00
8,"Plant and Machine Operators, and Assemblers",81,Stationary Plant and Machine Operators,818,Other Stationary Plant and Machine Operators,8181,Glass and Ceramics Plant Operators,8181.1800,"Kiln Loader, Brick and Tile",00
8,"Plant and Machine Operators, and Assemblers",81,Stationary Plant and Machine Operators,818,Other Stationary Plant and Machine Operators,8181,Glass and Ceramics Plant Operators,8181.1900,Bricklayer (Brick & Tile),00
8,"Plant and Machine Operators, and Assemblers",81,Stationary Plant and Machine Operators,818,Other Stationary Plant and Machine Operators,8181,Glass and Ceramics Plant Operators,8181.2000,Graduating Machine Operator (Glass),00
8,"Plant and Machine Operators, and Assemblers",81,Stationary Plant and Machine Operators,818,Other Stationary Plant and Machine Operators,8181,Glass and Ceramics Plant Operators,8181.2100,Batch Mixer (Glass),00
8,"Plant and Machine Operators, and Assemblers",81,Stationary Plant and Machine Operators,818,Other Stationary Plant and Machine Operators,8181,Glass and Ceramics Plant Operators,8181.2200,Abrasive Mixer,00
8,"Plant and Machine Operators, and Assemblers",81,Stationary Plant and Machine Operators,818,Other Stationary Plant and Machine Operators,8181,Glass and Ceramics Plant Operators,8181.2300,Mixing Machine Operator (Abrasive),00
8,"Plant and Machine Operators, and Assemblers",81,Stationary Plant and Machine Operators,818,Other Stationary Plant and Machine Operators,8181,Glass and Ceramics Plant Operators,8181.2400,Ball Mill Operator (Cement & Ceramics),00
8,"Plant and Machine Operators, and Assemblers",81,Stationary Plant and Machine Operators,818,Other Stationary Plant and Machine Operators,8181,Glass and Ceramics Plant Operators,8181.2500,Pug Mill Operator (Ceramics),00
8,"Plant and Machine Operators, and Assemblers",81,Stationary Plant and Machine Operators,818,Other Stationary Plant and Machine Operators,8181,Glass and Ceramics Plant Operators,8181.2600,Shaving Machine Operator (Abrasive),00
8,"Plant and Machine Operators, and Assemblers",81,Stationary Plant and Machine Operators,818,Other Stationary Plant and Machine Operators,8181,Glass and Ceramics Plant Operators,8181.2700,Slip Maker (Ceramics),00
8,"Plant and Machine Operators, and Assemblers",81,Stationary Plant and Machine Operators,818,Other Stationary Plant and Machine Operators,8181,Glass and Ceramics Plant Operators,8181.2800,Glaze Maker,00
8,"Plant and Machine Operators, and Assemblers",81,Stationary Plant and Machine Operators,818,Other Stationary Plant and Machine Operators,8181,Glass and Ceramics Plant Operators,8181.2900,Edge Operator (Abrasive),00
8,"Plant and Machine Operators, and Assemblers",81,Stationary Plant and Machine Operators,818,Other Stationary Plant and Machine Operators,8181,Glass and Ceramics Plant Operators,8181.3000,Wet Disk Operator (Abrasive),00
8,"Plant and Machine Operators, and Assemblers",81,Stationary Plant and Machine Operators,818,Other Stationary Plant and Machine Operators,8181,Glass and Ceramics Plant Operators,8181.3100,Burner Cement,00
8,"Plant and Machine Operators, and Assemblers",81,Stationary Plant and Machine Operators,818,Other Stationary Plant and Machine Operators,8181,Glass and Ceramics Plant Operators,8181.3200,Clay Modeller,00
8,"Plant and Machine Operators, and Assemblers",81,Stationary Plant and Machine Operators,818,Other Stationary Plant and Machine Operators,8181,Glass and Ceramics Plant Operators,8181.3300,Fiberglass – Machine Operator,00
8,"Plant and Machine Operators, and Assemblers",81,Stationary Plant and Machine Operators,818,Other Stationary Plant and Machine Operators,8181,Glass and Ceramics Plant Operators,8181.3400,Furnace Helper,00
8,"Plant and Machine Operators, and Assemblers",81,Stationary Plant and Machine Operators,818,Other Stationary Plant and Machine Operators,8181,Glass and Ceramics Plant Operators,8181.9900,"Glass and Ceramics Plant Operators, Other",00
8,"Plant and Machine Operators, and Assemblers",81,Stationary Plant and Machine Operators,818,Other Stationary Plant and Machine Operators,8182,Steam Engine and Boiler Operators,8182.0100,"Boiler, Tindal",00
8,"Plant and Machine Operators, and Assemblers",81,Stationary Plant and Machine Operators,818,Other Stationary Plant and Machine Operators,8182,Steam Engine and Boiler Operators,8182.0200,"Boiler, Attendant",00
8,"Plant and Machine Operators, and Assemblers",81,Stationary Plant and Machine Operators,818,Other Stationary Plant and Machine Operators,8182,Steam Engine and Boiler Operators,8182.0300,"Boiler, Fireman",00
8,"Plant and Machine Operators, and Assemblers",81,Stationary Plant and Machine Operators,818,Other Stationary Plant and Machine Operators,8182,Steam Engine and Boiler Operators,8182.0400,Boiler House Operatives,00
8,"Plant and Machine Operators, and Assemblers",81,Stationary Plant and Machine Operators,818,Other Stationary Plant and Machine Operators,8182,Steam Engine and Boiler Operators,8182.0500,"Serang, Engine Room/Engine Bosun",00
8,"Plant and Machine Operators, and Assemblers",81,Stationary Plant and Machine Operators,818,Other Stationary Plant and Machine Operators,8182,Steam Engine and Boiler Operators,8182.0600,"Tindal, Engine Room",00
8,"Plant and Machine Operators, and Assemblers",81,Stationary Plant and Machine Operators,818,Other Stationary Plant and Machine Operators,8182,Steam Engine and Boiler Operators,8182.0800,"Fireman, Locomotive",00
8,"Plant and Machine Operators, and Assemblers",81,Stationary Plant and Machine Operators,818,Other Stationary Plant and Machine Operators,8182,Steam Engine and Boiler Operators,8182.9900,"Ships’ Engine Room Ratings, Other",00
8,"Plant and Machine Operators, and Assemblers",81,Stationary Plant and Machine Operators,818,Other Stationary Plant and Machine Operators,8183,"Packing, Bottling and Labelling Machine Operators",8183.0100,"Building Insulator, Machine",00
8,"Plant and Machine Operators, and Assemblers",81,Stationary Plant and Machine Operators,818,Other Stationary Plant and Machine Operators,8189,Gem and Jewellery Machine Operators,8189.0100,"Gem Grinder, Machine",00
8,"Plant and Machine Operators, and Assemblers",81,Stationary Plant and Machine Operators,818,Other Stationary Plant and Machine Operators,8189,Gem and Jewellery Machine Operators,8189.0200,"Gem Polisher, Machine",00
8,"Plant and Machine Operators, and Assemblers",81,Stationary Plant and Machine Operators,818,Other Stationary Plant and Machine Operators,8189,Gem and Jewellery Machine Operators,8189.0301,CAM Machine Operator,01
8,"Plant and Machine Operators, and Assemblers",81,Stationary Plant and Machine Operators,818,Other Stationary Plant and Machine Operators,8189,Gem and Jewellery Machine Operators,8189.0401,Laser Sawing Machine Operator,01
8,"Plant and Machine Operators, and Assemblers",81,Stationary Plant and Machine Operators,818,Other Stationary Plant and Machine Operators,8189,Gem and Jewellery Machine Operators,8189.0405,Blade Sawyer,05
8,"Plant and Machine Operators, and Assemblers",81,Stationary Plant and Machine Operators,818,Other Stationary Plant and Machine Operators,8189,Gem and Jewellery Machine Operators,8189.0501,Casting Machine Operator,01
8,"Plant and Machine Operators, and Assemblers",81,Stationary Plant and Machine Operators,818,Other Stationary Plant and Machine Operators,8189,Gem and Jewellery Machine Operators,8189.0601,Symmetry Analyser Machine Operator,01
8,"Plant and Machine Operators, and Assemblers",81,Stationary Plant and Machine Operators,818,Other Stationary Plant and Machine Operators,8189,Gem and Jewellery Machine Operators,8189.0701,Pantograph Machine Operator,01
8,"Plant and Machine Operators, and Assemblers",81,Stationary Plant and Machine Operators,818,Other Stationary Plant and Machine Operators,8189,Gem and Jewellery Machine Operators,8190.0100,"Saw Grinder, Machine",00
8,"Plant and Machine Operators, and Assemblers",82,Assemblers,821,Assemblers,8211,Mechanical Machinery Assemblers,8211.0100,"Assembler, Workshop Machine and Equipment",00
8,"Plant and Machine Operators, and Assemblers",82,Assemblers,821,Assemblers,8211,Mechanical Machinery Assemblers,8211.0101,Mechanical Sub-Assembly Technician,01
8,"Plant and Machine Operators, and Assemblers",82,Assemblers,821,Assemblers,8211,Mechanical Machinery Assemblers,8211.0200,Assembler Printing Machinery,00
8,"Plant and Machine Operators, and Assemblers",82,Assemblers,821,Assemblers,8211,Mechanical Machinery Assemblers,8211.0300,"Assembler, Textile Machinery",00
8,"Plant and Machine Operators, and Assemblers",82,Assemblers,821,Assemblers,8211,Mechanical Machinery Assemblers,8211.0400,"Assembler, Refrigerator and Air- Conditioning Unit",00
8,"Plant and Machine Operators, and Assemblers",82,Assemblers,821,Assemblers,8211,Mechanical Machinery Assemblers,8211.0500,"Assembler, Stationary Petrol Engine",00
8,"Plant and Machine Operators, and Assemblers",82,Assemblers,821,Assemblers,8211,Mechanical Machinery Assemblers,8211.0600,"Assembler, Stationary Diesel Engine",00
8,"Plant and Machine Operators, and Assemblers",82,Assemblers,821,Assemblers,8211,Mechanical Machinery Assemblers,8211.0700,"Assembler, Tractor",00
8,"Plant and Machine Operators, and Assemblers",82,Assemblers,821,Assemblers,8211,Mechanical Machinery Assemblers,8211.0800,"Assembler, Turbine and Steam Engine",00
8,"Plant and Machine Operators, and Assemblers",82,Assemblers,821,Assemblers,8211,Mechanical Machinery Assemblers,8211.0900,Assembler Loco Engines,00
8,"Plant and Machine Operators, and Assemblers",82,Assemblers,821,Assemblers,8211,Mechanical Machinery Assemblers,8211.1000,"Erector, Machine and Equipment",00
8,"Plant and Machine Operators, and Assemblers",82,Assemblers,821,Assemblers,8211,Mechanical Machinery Assemblers,8211.1100,"Assembler, Continuity",00
8,"Plant and Machine Operators, and Assemblers",82,Assemblers,821,Assemblers,8211,Mechanical Machinery Assemblers,8211.1200,"Assembler, Automobile",00
8,"Plant and Machine Operators, and Assemblers",82,Assemblers,821,Assemblers,8211,Mechanical Machinery Assemblers,8211.1201,Vehicle Assembly Fitter,01
8,"Plant and Machine Operators, and Assemblers",82,Assemblers,821,Assemblers,8211,Mechanical Machinery Assemblers,8211.1202,Fitter-Mechanical Assembly,02
8,"Plant and Machine Operators, and Assemblers",82,Assemblers,821,Assemblers,8211,Mechanical Machinery Assemblers,8211.1300,"Assembler, Motor Cycle",00
8,"Plant and Machine Operators, and Assemblers",82,Assemblers,821,Assemblers,8211,Mechanical Machinery Assemblers,8211.1400,"Assembler, Frame, Aircraft",00
8,"Plant and Machine Operators, and Assemblers",82,Assemblers,821,Assemblers,8212,Electrical and Electronic Equipment Assemblers,8212.0100,Battery Assembler,00
8,"Plant and Machine Operators, and Assemblers",82,Assemblers,821,Assemblers,8212,Electrical and Electronic Equipment Assemblers,8212.0200,Assembler Dry Cell (Battery Manufacturing),00
8,"Plant and Machine Operators, and Assemblers",82,Assemblers,821,Assemblers,8212,Electrical and Electronic Equipment Assemblers,8212.0300,Battery Repairer,00
8,"Plant and Machine Operators, and Assemblers",82,Assemblers,821,Assemblers,8212,Electrical and Electronic Equipment Assemblers,8212.0400,"Assembler, Electrical Accessories",00
8,"Plant and Machine Operators, and Assemblers",82,Assemblers,821,Assemblers,8212,Electrical and Electronic Equipment Assemblers,8212.0401,"Cutting, Crimping and Connector Assembly Operator",01
8,"Plant and Machine Operators, and Assemblers",82,Assemblers,821,Assemblers,8212,Electrical and Electronic Equipment Assemblers,8212.0402,Electrical Assembly Operator,02
8,"Plant and Machine Operators, and Assemblers",82,Assemblers,821,Assemblers,8212,Electrical and Electronic Equipment Assemblers,8212.0500,Electric Motor Winder,00
8,"Plant and Machine Operators, and Assemblers",82,Assemblers,821,Assemblers,8212,Electrical and Electronic Equipment Assemblers,8212.0600,"Calibrator, Electrical",00
8,"Plant and Machine Operators, and Assemblers",82,Assemblers,821,Assemblers,8212,Electrical and Electronic Equipment Assemblers,8212.0700,Assembler Precision Instrument,00
8,"Plant and Machine Operators, and Assemblers",82,Assemblers,821,Assemblers,8212,Electrical and Electronic Equipment Assemblers,8212.0800,Assembly Operator (Telephone Equipment Manufacturing),00
8,"Plant and Machine Operators, and Assemblers",82,Assemblers,821,Assemblers,8212,Electrical and Electronic Equipment Assemblers,8212.0900,Assembly Operator (Radio Manufacturing),00
8,"Plant and Machine Operators, and Assemblers",82,Assemblers,821,Assemblers,8212,Electrical and Electronic Equipment Assemblers,8212.1000,"Form Layer, Cable (Telephone Equipment Manufacturing)",00
8,"Plant and Machine Operators, and Assemblers",82,Assemblers,821,Assemblers,8212,Electrical and Electronic Equipment Assemblers,8212.1100,"Cable Maker, Rack Wiring (Telephone & Telegraph Equipment Manufacturing)",00
8,"Plant and Machine Operators, and Assemblers",82,Assemblers,821,Assemblers,8212,Electrical and Electronic Equipment Assemblers,8212.1200,"Operator, Rack Wiring (Telephone & Telegraph Equipment Manufacturing)",00
8,"Plant and Machine Operators, and Assemblers",82,Assemblers,821,Assemblers,8212,Electrical and Electronic Equipment Assemblers,8212.1301,RAC Assembly Operator,01
8,"Plant and Machine Operators, and Assemblers",82,Assemblers,821,Assemblers,8212,Electrical and Electronic Equipment Assemblers,8212.1401,Assembly Operator – TV,01
8,"Plant and Machine Operators, and Assemblers",82,Assemblers,821,Assemblers,8212,Electrical and Electronic Equipment Assemblers,8212.1501,Mechanical Assembly Operator,01
8,"Plant and Machine Operators, and Assemblers",82,Assemblers,821,Assemblers,8212,Electrical and Electronic Equipment Assemblers,8212.1601,Manual Insertion Operation,01
8,"Plant and Machine Operators, and Assemblers",82,Assemblers,821,Assemblers,8212,Electrical and Electronic Equipment Assemblers,8212.1602,Through Hole Assembly Operator,02
8,"Plant and Machine Operators, and Assemblers",82,Assemblers,821,Assemblers,8212,Electrical and Electronic Equipment Assemblers,8212.1603,Pick and Place Assembly Operator,03
8,"Plant and Machine Operators, and Assemblers",82,Assemblers,821,Assemblers,8212,Electrical and Electronic Equipment Assemblers,8212.1604,Reflow Oven Soldering Operator,04
8,"Plant and Machine Operators, and Assemblers",82,Assemblers,821,Assemblers,8212,Electrical and Electronic Equipment Assemblers,8212.1605,Stencil Printing Operator,05
8,"Plant and Machine Operators, and Assemblers",82,Assemblers,821,Assemblers,8212,Electrical and Electronic Equipment Assemblers,8212.1606,Component Preparation Operator,06
8,"Plant and Machine Operators, and Assemblers",82,Assemblers,821,Assemblers,8212,Electrical and Electronic Equipment Assemblers,8212.1607,Box-Building Assembly Technician,07
8,"Plant and Machine Operators, and Assemblers",82,Assemblers,821,Assemblers,8212,Electrical and Electronic Equipment Assemblers,8212.1701,Wire Bonding Operator,01
8,"Plant and Machine Operators, and Assemblers",82,Assemblers,821,Assemblers,8212,Electrical and Electronic Equipment Assemblers,8212.1702,Die Bonding Operator,02
8,"Plant and Machine Operators, and Assemblers",82,Assemblers,821,Assemblers,8212,Electrical and Electronic Equipment Assemblers,8212.1801,Assembly Operator Capacitor,01
8,"Plant and Machine Operators, and Assemblers",82,Assemblers,821,Assemblers,8212,Electrical and Electronic Equipment Assemblers,8212.1802,Winding Operator,02
8,"Plant and Machine Operators, and Assemblers",82,Assemblers,821,Assemblers,8212,Electrical and Electronic Equipment Assemblers,8212.1803,Vacuum Plant Operator,03
8,"Plant and Machine Operators, and Assemblers",82,Assemblers,821,Assemblers,8212,Electrical and Electronic Equipment Assemblers,8212.1804,"Coating, Curing and Marking Operator",04
8,"Plant and Machine Operators, and Assemblers",82,Assemblers,821,Assemblers,8212,Electrical and Electronic Equipment Assemblers,8212.1805,Masking Machine Operator,05
8,"Plant and Machine Operators, and Assemblers",82,Assemblers,821,Assemblers,8212,Electrical and Electronic Equipment Assemblers,8212.1806,Pressing Machine Operator,06
8,"Plant and Machine Operators, and Assemblers",82,Assemblers,821,Assemblers,8212,Electrical and Electronic Equipment Assemblers,8212.1807,Manual Soldering Technician,07
8,"Plant and Machine Operators, and Assemblers",82,Assemblers,821,Assemblers,8212,Electrical and Electronic Equipment Assemblers,8212.1808,Wave Soldering Machine Operator,08
8,"Plant and Machine Operators, and Assemblers",82,Assemblers,821,Assemblers,8212,Electrical and Electronic Equipment Assemblers,8212.1901,Welding Operator,01
8,"Plant and Machine Operators, and Assemblers",82,Assemblers,821,Assemblers,8212,Electrical and Electronic Equipment Assemblers,8212.1902,Silicone Painting Operator,02
8,"Plant and Machine Operators, and Assemblers",82,Assemblers,821,Assemblers,8212,Electrical and Electronic Equipment Assemblers,8212.1903,Sorting Operator,03
8,"Plant and Machine Operators, and Assemblers",82,Assemblers,821,Assemblers,8212,Electrical and Electronic Equipment Assemblers,8212.1904,Capping Machine Operator,04
8,"Plant and Machine Operators, and Assemblers",82,Assemblers,821,Assemblers,8212,Electrical and Electronic Equipment Assemblers,8212.2001,Energy Meter Assembly Operator,01
8,"Plant and Machine Operators, and Assemblers",82,Assemblers,821,Assemblers,8212,Electrical and Electronic Equipment Assemblers,8212.2002,PLC Assembly Operator,02
8,"Plant and Machine Operators, and Assemblers",82,Assemblers,821,Assemblers,8212,Electrical and Electronic Equipment Assemblers,8212.2003,UPS Assembly Operator,03
8,"Plant and Machine Operators, and Assemblers",82,Assemblers,821,Assemblers,8212,Electrical and Electronic Equipment Assemblers,8212.2101,Final Assembly Operator-Magnetics,01
8,"Plant and Machine Operators, and Assemblers",82,Assemblers,821,Assemblers,8212,Electrical and Electronic Equipment Assemblers,8212.2201,Assembly Operator – PMD and X-Ray,01
8,"Plant and Machine Operators, and Assemblers",82,Assemblers,821,Assemblers,8212,Electrical and Electronic Equipment Assemblers,8212.2202,Box Assembly Operator,02
8,"Plant and Machine Operators, and Assemblers",82,Assemblers,821,Assemblers,8212,Electrical and Electronic Equipment Assemblers,8212.2301,Module Soldering Operator,01
8,"Plant and Machine Operators, and Assemblers",82,Assemblers,821,Assemblers,8212,Electrical and Electronic Equipment Assemblers,8212.2302,Module Assembly Technician,02
8,"Plant and Machine Operators, and Assemblers",82,Assemblers,821,Assemblers,8212,Electrical and Electronic Equipment Assemblers,8212.2401,Electrical Technician,01
8,"Plant and Machine Operators, and Assemblers",82,Assemblers,821,Assemblers,8212,Electrical and Electronic Equipment Assemblers,8212.2501,Inner Layer and Pressing Operator,01
8,"Plant and Machine Operators, and Assemblers",82,Assemblers,821,Assemblers,8212,Electrical and Electronic Equipment Assemblers,8212.2502,Drilling Operator,02
8,"Plant and Machine Operators, and Assemblers",82,Assemblers,821,Assemblers,8212,Electrical and Electronic Equipment Assemblers,8212.2503,Routing Operator,03
8,"Plant and Machine Operators, and Assemblers",82,Assemblers,821,Assemblers,8212,Electrical and Electronic Equipment Assemblers,8212.2504,Solder Masking & Legend Printing Operator,04
8,"Plant and Machine Operators, and Assemblers",82,Assemblers,821,Assemblers,8212,Electrical and Electronic Equipment Assemblers,8212.2601,Electronic Sub-Assembly Technician,01
8,"Plant and Machine Operators, and Assemblers",82,Assemblers,821,Assemblers,8212,Electrical and Electronic Equipment Assemblers,8212.2701,PCB Assembly Operator,01
8,"Plant and Machine Operators, and Assemblers",82,Assemblers,821,Assemblers,8212,Electrical and Electronic Equipment Assemblers,8212.9900,"Electrical and Electronic Equipment Assemblers, Other",00
8,"Plant and Machine Operators, and Assemblers",82,Assemblers,821,Assemblers,8219,Assemblers Not Elsewhere Classified,8219.0100,"Assembler, Bicycle",00
8,"Plant and Machine Operators, and Assemblers",82,Assemblers,821,Assemblers,8219,Assemblers Not Elsewhere Classified,8219.0200,"Assembler, Sewing Machine",00
8,"Plant and Machine Operators, and Assemblers",82,Assemblers,821,Assemblers,8219,Assemblers Not Elsewhere Classified,8219.0300,Assembler (Plastic Product),00
8,"Plant and Machine Operators, and Assemblers",82,Assemblers,821,Assemblers,8219,Assemblers Not Elsewhere Classified,8219.0400,"Assembler, Metal Furniture",00
8,"Plant and Machine Operators, and Assemblers",82,Assemblers,821,Assemblers,8219,Assemblers Not Elsewhere Classified,8219.9900,"Paper Board, Textile and Related Products Assemblers, Other",00
8,"Plant and Machine Operators, and Assemblers",83,Drivers and Mobile Plant Operators,831,Locomotive Engine Drivers and Related Workers,8311,Locomotive Engine Drivers,8311.0100,"Loco Driver, Mines",00
8,"Plant and Machine Operators, and Assemblers",83,Drivers and Mobile Plant Operators,831,Locomotive Engine Drivers and Related Workers,8311,Locomotive Engine Drivers,8311.0200,"Driver, Railway Engine (Steam)",00
8,"Plant and Machine Operators, and Assemblers",83,Drivers and Mobile Plant Operators,831,Locomotive Engine Drivers and Related Workers,8311,Locomotive Engine Drivers,8311.0300,"Driver, Railway Engine (Diesel)",00
8,"Plant and Machine Operators, and Assemblers",83,Drivers and Mobile Plant Operators,831,Locomotive Engine Drivers and Related Workers,8311,Locomotive Engine Drivers,8311.0400,"Driver, Railway Engine (Electrical)",00
8,"Plant and Machine Operators, and Assemblers",83,Drivers and Mobile Plant Operators,831,Locomotive Engine Drivers and Related Workers,8311,Locomotive Engine Drivers,8311.0500,"Driver, Shunting (Loco)",00
8,"Plant and Machine Operators, and Assemblers",83,Drivers and Mobile Plant Operators,831,Locomotive Engine Drivers and Related Workers,8311,Locomotive Engine Drivers,8311.0601,Locomotive Driver,01
8,"Plant and Machine Operators, and Assemblers",83,Drivers and Mobile Plant Operators,831,Locomotive Engine Drivers and Related Workers,8312,"Railway Braker, Signal and Switch Operators",8312.0100,"Signalman, Railway",00
8,"Plant and Machine Operators, and Assemblers",83,Drivers and Mobile Plant Operators,831,Locomotive Engine Drivers and Related Workers,8312,"Railway Braker, Signal and Switch Operators",8312.0200,Shunting Worker,00
8,"Plant and Machine Operators, and Assemblers",83,Drivers and Mobile Plant Operators,831,Locomotive Engine Drivers and Related Workers,8312,"Railway Braker, Signal and Switch Operators",8312.0300,"Points Man, Railway",00
8,"Plant and Machine Operators, and Assemblers",83,Drivers and Mobile Plant Operators,831,Locomotive Engine Drivers and Related Workers,8312,"Railway Braker, Signal and Switch Operators",8312.0400,"Traffic Shunter, Railway",00
8,"Plant and Machine Operators, and Assemblers",83,Drivers and Mobile Plant Operators,831,Locomotive Engine Drivers and Related Workers,8312,"Railway Braker, Signal and Switch Operators",8312.0500,"Braker, Passenger Train",00
8,"Plant and Machine Operators, and Assemblers",83,Drivers and Mobile Plant Operators,831,Locomotive Engine Drivers and Related Workers,8312,"Railway Braker, Signal and Switch Operators",8312.9900,"Pointsmen, Signalmen and Shunters, Railways, Other",00
8,"Plant and Machine Operators, and Assemblers",83,Drivers and Mobile Plant Operators,832,"Car, Van and Motorcycle Drivers",8321,Motorcycle Drivers,8321.0101,Driver Auto Rickshaw,01
8,"Plant and Machine Operators, and Assemblers",83,Drivers and Mobile Plant Operators,832,"Car, Van and Motorcycle Drivers",8321,Motorcycle Drivers,8321.0200,Despatch Rider,00
8,"Plant and Machine Operators, and Assemblers",83,Drivers and Mobile Plant Operators,832,"Car, Van and Motorcycle Drivers",8321,Motorcycle Drivers,8321.0201,Delivery Associate/Two Wheeler Delivery Associate,01
8,"Plant and Machine Operators, and Assemblers",83,Drivers and Mobile Plant Operators,832,"Car, Van and Motorcycle Drivers",8321,Motorcycle Drivers,8321.9900,"Motorcycle Drivers, Other",00
8,"Plant and Machine Operators, and Assemblers",83,Drivers and Mobile Plant Operators,832,"Car, Van and Motorcycle Drivers",8322,"Car, Taxi and Van Drivers",8322.0100,"Driver, Car",00
8,"Plant and Machine Operators, and Assemblers",83,Drivers and Mobile Plant Operators,832,"Car, Van and Motorcycle Drivers",8322,"Car, Taxi and Van Drivers",8322.0101,"Chauffer, Driver Personal",01
8,"Plant and Machine Operators, and Assemblers",83,Drivers and Mobile Plant Operators,832,"Car, Van and Motorcycle Drivers",8322,"Car, Taxi and Van Drivers",8322.0102,"Chauffer, Cab Driver",02
8,"Plant and Machine Operators, and Assemblers",83,Drivers and Mobile Plant Operators,832,"Car, Van and Motorcycle Drivers",8322,"Car, Taxi and Van Drivers",8322.0201,"Driver, Taxi",01
8,"Plant and Machine Operators, and Assemblers",83,Drivers and Mobile Plant Operators,832,"Car, Van and Motorcycle Drivers",8322,"Car, Taxi and Van Drivers",8322.0301,"Driver, Ambulance",01
8,"Plant and Machine Operators, and Assemblers",83,Drivers and Mobile Plant Operators,832,"Car, Van and Motorcycle Drivers",8322,"Car, Taxi and Van Drivers",8322.0501,Light Motor Vehicle Driver,01
8,"Plant and Machine Operators, and Assemblers",83,Drivers and Mobile Plant Operators,832,"Car, Van and Motorcycle Drivers",8322,"Car, Taxi and Van Drivers",8322.9900,"Car, Taxi and Van Drivers, Other",00
8,"Plant and Machine Operators, and Assemblers",83,Drivers and Mobile Plant Operators,833,Heavy Truck and Bus Drivers,8331,Bus and Tram Drivers,8331.0100,Tram Car Driver,00
8,"Plant and Machine Operators, and Assemblers",83,Drivers and Mobile Plant Operators,833,Heavy Truck and Bus Drivers,8331,Bus and Tram Drivers,8331.0200,Trolley Driver,00
8,"Plant and Machine Operators, and Assemblers",83,Drivers and Mobile Plant Operators,833,Heavy Truck and Bus Drivers,8331,Bus and Tram Drivers,8331.0300,"Driver, Bus",00
8,"Plant and Machine Operators, and Assemblers",83,Drivers and Mobile Plant Operators,833,Heavy Truck and Bus Drivers,8331,Bus and Tram Drivers,8331.0301,Commercial Vehicle Driver,01
8,"Plant and Machine Operators, and Assemblers",83,Drivers and Mobile Plant Operators,833,Heavy Truck and Bus Drivers,8331,Bus and Tram Drivers,8331.0302,Commercial Vehicle Driver – Assistant,02
8,"Plant and Machine Operators, and Assemblers",83,Drivers and Mobile Plant Operators,833,Heavy Truck and Bus Drivers,8331,Bus and Tram Drivers,8331.0400,"Driver, Fire Brigade Vehicles",00
8,"Plant and Machine Operators, and Assemblers",83,Drivers and Mobile Plant Operators,833,Heavy Truck and Bus Drivers,8331,Bus and Tram Drivers,8331.0500,Driver Road Test,00
8,"Plant and Machine Operators, and Assemblers",83,Drivers and Mobile Plant Operators,833,Heavy Truck and Bus Drivers,8331,Bus and Tram Drivers,8331.0501,Test Driver,01
8,"Plant and Machine Operators, and Assemblers",83,Drivers and Mobile Plant Operators,833,Heavy Truck and Bus Drivers,8331,Bus and Tram Drivers,8331.0600,"Signalman, Tram",00
8,"Plant and Machine Operators, and Assemblers",83,Drivers and Mobile Plant Operators,833,Heavy Truck and Bus Drivers,8331,Bus and Tram Drivers,8331.9900,"Bus and Tram Drivers, Other",00
8,"Plant and Machine Operators, and Assemblers",83,Drivers and Mobile Plant Operators,833,Heavy Truck and Bus Drivers,8332,Heavy Truck and Lorry Drivers,8332.0100,Driver Truck,00
8,"Plant and Machine Operators, and Assemblers",83,Drivers and Mobile Plant Operators,833,Heavy Truck and Bus Drivers,8332,Heavy Truck and Lorry Drivers,8332.0200,Tram Car Driver (Mines),00
8,"Plant and Machine Operators, and Assemblers",83,Drivers and Mobile Plant Operators,833,Heavy Truck and Bus Drivers,8332,Heavy Truck and Lorry Drivers,8332.9900,"Heavy Truck and Lorry Drivers, Other",00
8,"Plant and Machine Operators, and Assemblers",83,Drivers and Mobile Plant Operators,834,Mobile Plant Operators,8341,Mobile Farm and Forestry Plant Operators,8341.0101,"Tractor Operator, Farm",01
8,"Plant and Machine Operators, and Assemblers",83,Drivers and Mobile Plant Operators,834,Mobile Plant Operators,8341,Mobile Farm and Forestry Plant Operators,8341.0200,"Operator, Farm Machines",00
8,"Plant and Machine Operators, and Assemblers",83,Drivers and Mobile Plant Operators,834,Mobile Plant Operators,8341,Mobile Farm and Forestry Plant Operators,8341.0201,Harvesting Machine Operator,01
8,"Plant and Machine Operators, and Assemblers",83,Drivers and Mobile Plant Operators,834,Mobile Plant Operators,8341,Mobile Farm and Forestry Plant Operators,8341.0300,"Tractor Driver, Construction",00
8,"Plant and Machine Operators, and Assemblers",83,Drivers and Mobile Plant Operators,834,Mobile Plant Operators,8341,Mobile Farm and Forestry Plant Operators,8341.9900,"Farm Machinery Operators, Other",00
8,"Plant and Machine Operators, and Assemblers",83,Drivers and Mobile Plant Operators,834,Mobile Plant Operators,8342,Earth Moving and Related Plant Operators,8342.0101,Bulldozer Operator,01
8,"Plant and Machine Operators, and Assemblers",83,Drivers and Mobile Plant Operators,834,Mobile Plant Operators,8342,Earth Moving and Related Plant Operators,8342.0200,Scrapper Operator,00
8,"Plant and Machine Operators, and Assemblers",83,Drivers and Mobile Plant Operators,834,Mobile Plant Operators,8342,Earth Moving and Related Plant Operators,8342.0301,Scrapper Loader Operator/Loader Operator,01
8,"Plant and Machine Operators, and Assemblers",83,Drivers and Mobile Plant Operators,834,Mobile Plant Operators,8342,Earth Moving and Related Plant Operators,8342.0400,Grader Operator,00
8,"Plant and Machine Operators, and Assemblers",83,Drivers and Mobile Plant Operators,834,Mobile Plant Operators,8342,Earth Moving and Related Plant Operators,8342.0501,Power Shovel Operator/Excavator Operator,01
8,"Plant and Machine Operators, and Assemblers",83,Drivers and Mobile Plant Operators,834,Mobile Plant Operators,8342,Earth Moving and Related Plant Operators,8342.0600,Bucket Wheel Excavator Operator,00
8,"Plant and Machine Operators, and Assemblers",83,Drivers and Mobile Plant Operators,834,Mobile Plant Operators,8342,Earth Moving and Related Plant Operators,8342.0700,Trench Digging Machine Operator,00
8,"Plant and Machine Operators, and Assemblers",83,Drivers and Mobile Plant Operators,834,Mobile Plant Operators,8342,Earth Moving and Related Plant Operators,8342.0800,Dragline Operator,00
8,"Plant and Machine Operators, and Assemblers",83,Drivers and Mobile Plant Operators,834,Mobile Plant Operators,8342,Earth Moving and Related Plant Operators,8342.0900,Dredger Operator,00
8,"Plant and Machine Operators, and Assemblers",83,Drivers and Mobile Plant Operators,834,Mobile Plant Operators,8342,Earth Moving and Related Plant Operators,8342.1000,Boom Driver,00
8,"Plant and Machine Operators, and Assemblers",83,Drivers and Mobile Plant Operators,834,Mobile Plant Operators,8342,Earth Moving and Related Plant Operators,8342.1100,Pile Driver,00
8,"Plant and Machine Operators, and Assemblers",83,Drivers and Mobile Plant Operators,834,Mobile Plant Operators,8342,Earth Moving and Related Plant Operators,8342.1201,Dumper Operator/Dumper/Tipper Operator,01
8,"Plant and Machine Operators, and Assemblers",83,Drivers and Mobile Plant Operators,834,Mobile Plant Operators,8342,Earth Moving and Related Plant Operators,8342.1202,Dumper Operator,02
8,"Plant and Machine Operators, and Assemblers",83,Drivers and Mobile Plant Operators,834,Mobile Plant Operators,8342,Earth Moving and Related Plant Operators,8342.1300,Scoop Truck Operator,00
8,"Plant and Machine Operators, and Assemblers",83,Drivers and Mobile Plant Operators,834,Mobile Plant Operators,8342,Earth Moving and Related Plant Operators,8342.1400,Tripler Machine Operator,00
8,"Plant and Machine Operators, and Assemblers",83,Drivers and Mobile Plant Operators,834,Mobile Plant Operators,8342,Earth Moving and Related Plant Operators,8342.1500,Conveyor Operator,00
8,"Plant and Machine Operators, and Assemblers",83,Drivers and Mobile Plant Operators,834,Mobile Plant Operators,8342,Earth Moving and Related Plant Operators,8342.1600,Spreader Operator,00
8,"Plant and Machine Operators, and Assemblers",83,Drivers and Mobile Plant Operators,834,Mobile Plant Operators,8342,Earth Moving and Related Plant Operators,8342.1700,Road Roller Driver,00
8,"Plant and Machine Operators, and Assemblers",83,Drivers and Mobile Plant Operators,834,Mobile Plant Operators,8342,Earth Moving and Related Plant Operators,8342.1800,Bitumen Mixing Machine Operator,00
8,"Plant and Machine Operators, and Assemblers",83,Drivers and Mobile Plant Operators,834,Mobile Plant Operators,8342,Earth Moving and Related Plant Operators,8342.1900,"Sand Blast Operator, Construction",00
8,"Plant and Machine Operators, and Assemblers",83,Drivers and Mobile Plant Operators,834,Mobile Plant Operators,8342,Earth Moving and Related Plant Operators,8342.2001,Excavator Operator,01
8,"Plant and Machine Operators, and Assemblers",83,Drivers and Mobile Plant Operators,834,Mobile Plant Operators,8342,Earth Moving and Related Plant Operators,8342.2101,Mobile Equipment Operator,01
8,"Plant and Machine Operators, and Assemblers",83,Drivers and Mobile Plant Operators,834,Mobile Plant Operators,8342,Earth Moving and Related Plant Operators,8342.2201,Stoking Car Operator Ferro Alloys,01
8,"Plant and Machine Operators, and Assemblers",83,Drivers and Mobile Plant Operators,834,Mobile Plant Operators,8342,Earth Moving and Related Plant Operators,8342.9900,"Earth Moving and Related Plant Operators, Other",00
8,"Plant and Machine Operators, and Assemblers",83,Drivers and Mobile Plant Operators,834,Mobile Plant Operators,8343,"Crane, Hoist and Related Plant Operators",8343.0100,"Driver, Steam Crane",00
8,"Plant and Machine Operators, and Assemblers",83,Drivers and Mobile Plant Operators,834,Mobile Plant Operators,8343,"Crane, Hoist and Related Plant Operators",8343.0200,"Crane Operator, Diesel Electric",00
8,"Plant and Machine Operators, and Assemblers",83,Drivers and Mobile Plant Operators,834,Mobile Plant Operators,8343,"Crane, Hoist and Related Plant Operators",8343.0300,"Crane Operator, Pneumatic",00
8,"Plant and Machine Operators, and Assemblers",83,Drivers and Mobile Plant Operators,834,Mobile Plant Operators,8343,"Crane, Hoist and Related Plant Operators",8343.0400,"Crane Operator, Hydraulic",00
8,"Plant and Machine Operators, and Assemblers",83,Drivers and Mobile Plant Operators,834,Mobile Plant Operators,8343,"Crane, Hoist and Related Plant Operators",8343.0500,Mobile Crane Operator,00
8,"Plant and Machine Operators, and Assemblers",83,Drivers and Mobile Plant Operators,834,Mobile Plant Operators,8343,"Crane, Hoist and Related Plant Operators",8343.0501,EOT Crane Operator,01
8,"Plant and Machine Operators, and Assemblers",83,Drivers and Mobile Plant Operators,834,Mobile Plant Operators,8343,"Crane, Hoist and Related Plant Operators",8343.0600,"Crane Operator, Gantry",00
8,"Plant and Machine Operators, and Assemblers",83,Drivers and Mobile Plant Operators,834,Mobile Plant Operators,8343,"Crane, Hoist and Related Plant Operators",8343.0700,Overhead Crane Operator,00
8,"Plant and Machine Operators, and Assemblers",83,Drivers and Mobile Plant Operators,834,Mobile Plant Operators,8343,"Crane, Hoist and Related Plant Operators",8343.0800,Derrick Crane Operator,00
8,"Plant and Machine Operators, and Assemblers",83,Drivers and Mobile Plant Operators,834,Mobile Plant Operators,8343,"Crane, Hoist and Related Plant Operators",8343.0900,"Derrick Crane Operator, Magnetic",00
8,"Plant and Machine Operators, and Assemblers",83,Drivers and Mobile Plant Operators,834,Mobile Plant Operators,8343,"Crane, Hoist and Related Plant Operators",8343.1000,"Crane Driver, Hammer Head",00
8,"Plant and Machine Operators, and Assemblers",83,Drivers and Mobile Plant Operators,834,Mobile Plant Operators,8343,"Crane, Hoist and Related Plant Operators",8343.1100,Winchman,00
8,"Plant and Machine Operators, and Assemblers",83,Drivers and Mobile Plant Operators,834,Mobile Plant Operators,8343,"Crane, Hoist and Related Plant Operators",8343.1200,Hoist Operator,00
8,"Plant and Machine Operators, and Assemblers",83,Drivers and Mobile Plant Operators,834,Mobile Plant Operators,8343,"Crane, Hoist and Related Plant Operators",8343.1300,Bridge Opening Operator,00
8,"Plant and Machine Operators, and Assemblers",83,Drivers and Mobile Plant Operators,834,Mobile Plant Operators,8343,"Crane, Hoist and Related Plant Operators",8343.1400,Winding Engineman,00
8,"Plant and Machine Operators, and Assemblers",83,Drivers and Mobile Plant Operators,834,Mobile Plant Operators,8343,"Crane, Hoist and Related Plant Operators",8343.1500,Haulage Engine Driver,00
8,"Plant and Machine Operators, and Assemblers",83,Drivers and Mobile Plant Operators,834,Mobile Plant Operators,8343,"Crane, Hoist and Related Plant Operators",8343.1600,"Crane and Hoist Operators, Other",00
8,"Plant and Machine Operators, and Assemblers",83,Drivers and Mobile Plant Operators,834,Mobile Plant Operators,8343,"Crane, Hoist and Related Plant Operators",8343.1700,Aerial Ropeway Operator,00
8,"Plant and Machine Operators, and Assemblers",83,Drivers and Mobile Plant Operators,834,Mobile Plant Operators,8343,"Crane, Hoist and Related Plant Operators",8343.1800,Liftman,00
8,"Plant and Machine Operators, and Assemblers",83,Drivers and Mobile Plant Operators,834,Mobile Plant Operators,8343,"Crane, Hoist and Related Plant Operators",8343.9900,"Crane, Hoist and Related Plant Operators, Other",00
8,"Plant and Machine Operators, and Assemblers",83,Drivers and Mobile Plant Operators,834,Mobile Plant Operators,8344,Lifting Truck Operators,8344.0100,Lift Truck Operator,00
8,"Plant and Machine Operators, and Assemblers",83,Drivers and Mobile Plant Operators,834,Mobile Plant Operators,8344,Lifting Truck Operators,8344.0201,Fork Lift Truck Operator/Fork Lift Operator/Driver,01
8,"Plant and Machine Operators, and Assemblers",83,Drivers and Mobile Plant Operators,834,Mobile Plant Operators,8344,Lifting Truck Operators,8344.9900,"Lift Truck Operator, Other",00
8,"Plant and Machine Operators, and Assemblers",83,Drivers and Mobile Plant Operators,835,Ships’ Deck Crews and Related Workers,8350,Ships’ Deck Crews and Related Workers,8350.0100,"Serang, Deck/Bosun",00
8,"Plant and Machine Operators, and Assemblers",83,Drivers and Mobile Plant Operators,835,Ships’ Deck Crews and Related Workers,8350,Ships’ Deck Crews and Related Workers,8350.0300,Seaconny/OS (Ordinary Seaman),00
8,"Plant and Machine Operators, and Assemblers",83,Drivers and Mobile Plant Operators,835,Ships’ Deck Crews and Related Workers,8350,Ships’ Deck Crews and Related Workers,8350.0400,Lascar/OS (Ordinary Seaman),00
8,"Plant and Machine Operators, and Assemblers",83,Drivers and Mobile Plant Operators,835,Ships’ Deck Crews and Related Workers,8350,Ships’ Deck Crews and Related Workers,8350.0500,"Driver, Launch/Tug Master",00
8,"Plant and Machine Operators, and Assemblers",83,Drivers and Mobile Plant Operators,835,Ships’ Deck Crews and Related Workers,8350,Ships’ Deck Crews and Related Workers,8350.0600,Boatman,00
8,"Plant and Machine Operators, and Assemblers",83,Drivers and Mobile Plant Operators,835,Ships’ Deck Crews and Related Workers,8350,Ships’ Deck Crews and Related Workers,8350.0700,Rudderman,00
8,"Plant and Machine Operators, and Assemblers",83,Drivers and Mobile Plant Operators,835,Ships’ Deck Crews and Related Workers,8350,Ships’ Deck Crews and Related Workers,8350.0800,Oarsman,00
8,"Plant and Machine Operators, and Assemblers",83,Drivers and Mobile Plant Operators,835,Ships’ Deck Crews and Related Workers,8350,Ships’ Deck Crews and Related Workers,8350.9900,"Ships’ Deck Ratings, Barge Crews and Boatmen, Other",00
9,Elementary Occupations,91,Cleaners and Helpers,911,"Domestic, Hotel and Office Cleaners and Helpers",9111,Domestic Cleaners and Helpers,9111.0100,Domestic Servant,00
9,Elementary Occupations,91,Cleaners and Helpers,911,"Domestic, Hotel and Office Cleaners and Helpers",9111,Domestic Cleaners and Helpers,9111.0200,Char Dust Cleaner and Salvager,00
9,Elementary Occupations,91,Cleaners and Helpers,911,"Domestic, Hotel and Office Cleaners and Helpers",9111,Domestic Cleaners and Helpers,9111.0300,"Cleaner, Home Restoration Service",00
9,Elementary Occupations,91,Cleaners and Helpers,911,"Domestic, Hotel and Office Cleaners and Helpers",9111,Domestic Cleaners and Helpers,9111.9900,"Domestic and Related Helpers, Cleaners and Launderers, Other",00
9,Elementary Occupations,91,Cleaners and Helpers,911,"Domestic, Hotel and Office Cleaners and Helpers",9112,"Cleaners and Helpers in Offices, Hotels and Other Establishments",9112.0100,"Dusting Man, Office; Farash, Office/Housekeeping Attendant",00
9,Elementary Occupations,91,Cleaners and Helpers,911,"Domestic, Hotel and Office Cleaners and Helpers",9112,"Cleaners and Helpers in Offices, Hotels and Other Establishments",9112.0200,Cleaner Hospital,00
9,Elementary Occupations,91,Cleaners and Helpers,911,"Domestic, Hotel and Office Cleaners and Helpers",9112,"Cleaners and Helpers in Offices, Hotels and Other Establishments",9112.9900,"Helpers and Cleaners in Offices, Hotels and Other Establishments, Other",00
9,Elementary Occupations,91,Cleaners and Helpers,912,"Vehicle, Window, Laundry and Other Hand Cleaners",9121,Hand Launderers and Pressers,9121.0100,Dhobi,00
9,Elementary Occupations,91,Cleaners and Helpers,912,"Vehicle, Window, Laundry and Other Hand Cleaners",9121,Hand Launderers and Pressers,9121.0200,"Laundry Workers (Marker, Sorter)",00
9,Elementary Occupations,91,Cleaners and Helpers,912,"Vehicle, Window, Laundry and Other Hand Cleaners",9121,Hand Launderers and Pressers,9121.0300,"Dry Cleaner, Hand",00
9,Elementary Occupations,91,Cleaners and Helpers,912,"Vehicle, Window, Laundry and Other Hand Cleaners",9121,Hand Launderers and Pressers,9121.0400,Spot Remover,00
9,Elementary Occupations,91,Cleaners and Helpers,912,"Vehicle, Window, Laundry and Other Hand Cleaners",9121,Hand Launderers and Pressers,9121.0500,Rug Cleaner,00
9,Elementary Occupations,91,Cleaners and Helpers,912,"Vehicle, Window, Laundry and Other Hand Cleaners",9121,Hand Launderers and Pressers,9121.0600,"Presser, Hand",00
9,Elementary Occupations,91,Cleaners and Helpers,912,"Vehicle, Window, Laundry and Other Hand Cleaners",9121,Hand Launderers and Pressers,9121.0700,"Dry Cleaner, Spot",00
9,Elementary Occupations,91,Cleaners and Helpers,912,"Vehicle, Window, Laundry and Other Hand Cleaners",9121,Hand Launderers and Pressers,9121.9900,"Launderers, Dry Cleaners and Pressers, Other",00
9,Elementary Occupations,91,Cleaners and Helpers,912,"Vehicle, Window, Laundry and Other Hand Cleaners",9122,Vehicle Cleaners,9122.0100,"Cleaner, Window",00
9,Elementary Occupations,91,Cleaners and Helpers,912,"Vehicle, Window, Laundry and Other Hand Cleaners",9122,Vehicle Cleaners,9122.0201,Washer,01
9,Elementary Occupations,91,Cleaners and Helpers,912,"Vehicle, Window, Laundry and Other Hand Cleaners",9122,Vehicle Cleaners,9122.0301,Driving Assistant,01
9,Elementary Occupations,91,Cleaners and Helpers,912,"Vehicle, Window, Laundry and Other Hand Cleaners",9122,Vehicle Cleaners,9122.9900,"Vehicle, Window and Related Cleaners, Other",00
9,Elementary Occupations,92,"Agricultural, Forestry and Fishery Labourers",921,"Agricultural, Forestry and Fishery Labourers",9211,Crop Farm Labourers,9211.0100,Ploughman,00
9,Elementary Occupations,92,"Agricultural, Forestry and Fishery Labourers",921,"Agricultural, Forestry and Fishery Labourers",9211,Crop Farm Labourers,9211.0200,"Labourer, Agriculture",00
9,Elementary Occupations,92,"Agricultural, Forestry and Fishery Labourers",921,"Agricultural, Forestry and Fishery Labourers",9211,Crop Farm Labourers,9211.0300,Picker (Tobacco),00
9,Elementary Occupations,92,"Agricultural, Forestry and Fishery Labourers",921,"Agricultural, Forestry and Fishery Labourers",9211,Crop Farm Labourers,9211.9900,"Farm Hands and Labourers, Other",00
9,Elementary Occupations,92,"Agricultural, Forestry and Fishery Labourers",921,"Agricultural, Forestry and Fishery Labourers",9215,Forestry Labourers,9215.0100,"Labourer, Plantation",00
9,Elementary Occupations,92,"Agricultural, Forestry and Fishery Labourers",921,"Agricultural, Forestry and Fishery Labourers",9215,Forestry Labourers,9215.0200,Tappers,00
9,Elementary Occupations,92,"Agricultural, Forestry and Fishery Labourers",921,"Agricultural, Forestry and Fishery Labourers",9215,Forestry Labourers,9215.9900,"Forestry Labourers and Related Workers, Other",00
9,Elementary Occupations,93,"Labourers in Mining, Construction, Manufacturing and Transport",931,Mining and Construction Labourers,9311,Mining and Quarrying Labourers,9311.0100,"Mines, Quarrymen, Related Workers",00
9,Elementary Occupations,93,"Labourers in Mining, Construction, Manufacturing and Transport",931,Mining and Construction Labourers,9311,Mining and Quarrying Labourers,9311.0101,Mazdoor/Helper,01
9,Elementary Occupations,93,"Labourers in Mining, Construction, Manufacturing and Transport",931,Mining and Construction Labourers,9311,Mining and Quarrying Labourers,9311.0200,Digger (Mine & Quarry),00
9,Elementary Occupations,93,"Labourers in Mining, Construction, Manufacturing and Transport",931,Mining and Construction Labourers,9311,Mining and Quarrying Labourers,9311.9900,"Mining and Quarrying Labourers, Other",00
9,Elementary Occupations,93,"Labourers in Mining, Construction, Manufacturing and Transport",931,Mining and Construction Labourers,9312,Civil Engineering Labourers,9312.0100,"Labourer, Other",00
9,Elementary Occupations,93,"Labourers in Mining, Construction, Manufacturing and Transport",931,Mining and Construction Labourers,9312,Civil Engineering Labourers,9312.0200,Track Repairer (Rail Transport),00
9,Elementary Occupations,93,"Labourers in Mining, Construction, Manufacturing and Transport",931,Mining and Construction Labourers,9312,Civil Engineering Labourers,9312.9900,"Construction and Maintenance Labourers, Other",00
9,Elementary Occupations,93,"Labourers in Mining, Construction, Manufacturing and Transport",931,Mining and Construction Labourers,9313,Building Construction Labourers,9313.0100,Well Digger Helper,00
9,Elementary Occupations,93,"Labourers in Mining, Construction, Manufacturing and Transport",931,Mining and Construction Labourers,9313,Building Construction Labourers,9313.0201,Helper Bar Bender and Fixer,01
9,Elementary Occupations,93,"Labourers in Mining, Construction, Manufacturing and Transport",931,Mining and Construction Labourers,9313,Building Construction Labourers,9313.0301,Helper Mason,01
9,Elementary Occupations,93,"Labourers in Mining, Construction, Manufacturing and Transport",931,Mining and Construction Labourers,9313,Building Construction Labourers,9313.0401,Helper Carpenter – Shuttering & Scaffolding,01
9,Elementary Occupations,93,"Labourers in Mining, Construction, Manufacturing and Transport",931,Mining and Construction Labourers,9313,Building Construction Labourers,9313.0501,Helper Electrician,01
9,Elementary Occupations,93,"Labourers in Mining, Construction, Manufacturing and Transport",931,Mining and Construction Labourers,9313,Building Construction Labourers,9313.0601,Helper Laboratory and Field Technician,01
9,Elementary Occupations,93,"Labourers in Mining, Construction, Manufacturing and Transport",931,Mining and Construction Labourers,9313,Building Construction Labourers,9313.0701,Helper Painter and Decorator,01
9,Elementary Occupations,93,"Labourers in Mining, Construction, Manufacturing and Transport",931,Mining and Construction Labourers,9313,Building Construction Labourers,9313.9900,"Building Construction Labourers, Other",00
9,Elementary Occupations,93,"Labourers in Mining, Construction, Manufacturing and Transport",932,Manufacturing Labourers,9321,Hand Packers,9321.0101,"Packer, Hand",01
9,Elementary Occupations,93,"Labourers in Mining, Construction, Manufacturing and Transport",932,Manufacturing Labourers,9321,Hand Packers,9321.0102,Packager and Despatcher,02
9,Elementary Occupations,93,"Labourers in Mining, Construction, Manufacturing and Transport",932,Manufacturing Labourers,9321,Hand Packers,9321.0201,Labeller,01
9,Elementary Occupations,93,"Labourers in Mining, Construction, Manufacturing and Transport",932,Manufacturing Labourers,9321,Hand Packers,9321.0205,Tagger and Labeller,05
9,Elementary Occupations,93,"Labourers in Mining, Construction, Manufacturing and Transport",932,Manufacturing Labourers,9321,Hand Packers,9321.0300,Stenciler,00
9,Elementary Occupations,93,"Labourers in Mining, Construction, Manufacturing and Transport",932,Manufacturing Labourers,9321,Hand Packers,9321.0400,"Stamper, Hand",00
9,Elementary Occupations,93,"Labourers in Mining, Construction, Manufacturing and Transport",932,Manufacturing Labourers,9321,Hand Packers,9321.1101,Weigher,01
9,Elementary Occupations,93,"Labourers in Mining, Construction, Manufacturing and Transport",932,Manufacturing Labourers,9321,Hand Packers,9321.1102,Issuing and Return In-Charge,02
9,Elementary Occupations,93,"Labourers in Mining, Construction, Manufacturing and Transport",932,Manufacturing Labourers,9321,Hand Packers,9321.1103,Diamond Bagger and Flueter,03
9,Elementary Occupations,93,"Labourers in Mining, Construction, Manufacturing and Transport",932,Manufacturing Labourers,9321,Hand Packers,9321.1200,Counter,00
9,Elementary Occupations,93,"Labourers in Mining, Construction, Manufacturing and Transport",932,Manufacturing Labourers,9321,Hand Packers,9321.1300,"Container Washer, Machine",00
9,Elementary Occupations,93,"Labourers in Mining, Construction, Manufacturing and Transport",932,Manufacturing Labourers,9321,Hand Packers,9321.1401,Machining Assistant or Helper,01
9,Elementary Occupations,93,"Labourers in Mining, Construction, Manufacturing and Transport",932,Manufacturing Labourers,9321,Hand Packers,9321.9900,"Hand Packers, Others",00
9,Elementary Occupations,93,"Labourers in Mining, Construction, Manufacturing and Transport",932,Manufacturing Labourers,9329,Manufacturing Labourers Not Elsewhere,9329.0100,"Khatedar, Salt Production",00
9,Elementary Occupations,93,"Labourers in Mining, Construction, Manufacturing and Transport",932,Manufacturing Labourers,9329,Manufacturing Labourers Not Elsewhere,9329.0200,"Mukadam, Salt Production",00
9,Elementary Occupations,93,"Labourers in Mining, Construction, Manufacturing and Transport",932,Manufacturing Labourers,9329,Manufacturing Labourers Not Elsewhere,9329.0300,Salt Reclamation Worker,00
9,Elementary Occupations,93,"Labourers in Mining, Construction, Manufacturing and Transport",932,Manufacturing Labourers,9329,Manufacturing Labourers Not Elsewhere,9329.0400,Checker,00
9,Elementary Occupations,93,"Labourers in Mining, Construction, Manufacturing and Transport",932,Manufacturing Labourers,9329,Manufacturing Labourers Not Elsewhere,9329.0500,Tester,00
9,Elementary Occupations,93,"Labourers in Mining, Construction, Manufacturing and Transport",932,Manufacturing Labourers,9329,Manufacturing Labourers Not Elsewhere,9329.0600,Sorter,00
9,Elementary Occupations,93,"Labourers in Mining, Construction, Manufacturing and Transport",932,Manufacturing Labourers,9329,Manufacturing Labourers Not Elsewhere,9329.0701,Accessory Fitter,01
9,Elementary Occupations,93,"Labourers in Mining, Construction, Manufacturing and Transport",932,Manufacturing Labourers,9329,Manufacturing Labourers Not Elsewhere,9329.0801,Parts Picker,01
9,Elementary Occupations,93,"Labourers in Mining, Construction, Manufacturing and Transport",933,Transport and Storage Labourers,9331,Hand and Pedal Vehicle Drivers,9331.0100,"Driver, Cycle Rickshaw",00
9,Elementary Occupations,93,"Labourers in Mining, Construction, Manufacturing and Transport",933,Transport and Storage Labourers,9331,Hand and Pedal Vehicle Drivers,9331.0300,Hand Cart Man,00
9,Elementary Occupations,93,"Labourers in Mining, Construction, Manufacturing and Transport",933,Transport and Storage Labourers,9331,Hand and Pedal Vehicle Drivers,9331.0400,"Traffic Hand, Gliding",00
9,Elementary Occupations,93,"Labourers in Mining, Construction, Manufacturing and Transport",933,Transport and Storage Labourers,9331,Hand and Pedal Vehicle Drivers,9331.0600,"Transport Equipment Operators and Drivers, Other",00
9,Elementary Occupations,93,"Labourers in Mining, Construction, Manufacturing and Transport",933,Transport and Storage Labourers,9331,Hand and Pedal Vehicle Drivers,9331.0700,Transport Service Operator,00
9,Elementary Occupations,93,"Labourers in Mining, Construction, Manufacturing and Transport",933,Transport and Storage Labourers,9331,Hand and Pedal Vehicle Drivers,9331.9900,"Hand Pedal Vehicle Drivers, Other",00
9,Elementary Occupations,93,"Labourers in Mining, Construction, Manufacturing and Transport",933,Transport and Storage Labourers,9332,Drivers of Animal-Drawn Vehicles and Machinery,9332.0100,Horse Carriage Driver,00
9,Elementary Occupations,93,"Labourers in Mining, Construction, Manufacturing and Transport",933,Transport and Storage Labourers,9332,Drivers of Animal-Drawn Vehicles and Machinery,9332.0200,Cart Driver,00
9,Elementary Occupations,93,"Labourers in Mining, Construction, Manufacturing and Transport",933,Transport and Storage Labourers,9332,Drivers of Animal-Drawn Vehicles and Machinery,9332.0300,Mahout,00
9,Elementary Occupations,93,"Labourers in Mining, Construction, Manufacturing and Transport",933,Transport and Storage Labourers,9332,Drivers of Animal-Drawn Vehicles and Machinery,9332.0400,Pack Animal Driver,00
9,Elementary Occupations,93,"Labourers in Mining, Construction, Manufacturing and Transport",933,Transport and Storage Labourers,9332,Drivers of Animal-Drawn Vehicles and Machinery,9332.0500,"Supervisor, Animal-Drawn and Manually Operated Transport Equipment",00
9,Elementary Occupations,93,"Labourers in Mining, Construction, Manufacturing and Transport",933,Transport and Storage Labourers,9332,Drivers of Animal-Drawn Vehicles and Machinery,9332.9900,"Animal and Animal Drawn Vehicle Drivers, Other",00
9,Elementary Occupations,93,"Labourers in Mining, Construction, Manufacturing and Transport",933,Transport and Storage Labourers,9333,Freight Handlers,9333.0100,Loader and Unloader,00
9,Elementary Occupations,93,"Labourers in Mining, Construction, Manufacturing and Transport",933,Transport and Storage Labourers,9333,Freight Handlers,9333.0101,Loader/Loading and Unloading Operator,01
9,Elementary Occupations,93,"Labourers in Mining, Construction, Manufacturing and Transport",933,Transport and Storage Labourers,9333,Freight Handlers,9333.0201,Warehouse Worker,01
9,Elementary Occupations,93,"Labourers in Mining, Construction, Manufacturing and Transport",933,Transport and Storage Labourers,9333,Freight Handlers,9333.0202,"Loader, Transport Associate/Loader/Unloader",02
9,Elementary Occupations,93,"Labourers in Mining, Construction, Manufacturing and Transport",933,Transport and Storage Labourers,9333,Freight Handlers,9333.9900,"Freight Handlers, Other",00
9,Elementary Occupations,94,Food Preparation Assistants,941,Food Preparation Assistants,9412,Kitchen Helpers,9412.0100,Kitchen Helper,00
9,Elementary Occupations,95,Street and Related Sales and Services Workers,951,Street and Related Service Workers,9510,Street and Related Service Workers,9510.0100,Boot Polisher,00
9,Elementary Occupations,95,Street and Related Sales and Services Workers,951,Street and Related Service Workers,9510,Street and Related Service Workers,9510.0200,Bill Poster,00
9,Elementary Occupations,95,Street and Related Sales and Services Workers,951,Street and Related Service Workers,9510,Street and Related Service Workers,9510.9900,"Shoe Cleaning and Other Street Services Elementary Occupations, Other",00
9,Elementary Occupations,95,Street and Related Sales and Services Workers,952,Street Vendors (Excluding Food),9520,Street Vendors (Excluding Food),9520.0100,Hawker,00
9,Elementary Occupations,95,Street and Related Sales and Services Workers,952,Street Vendors (Excluding Food),9520,Street Vendors (Excluding Food),9520.9900,"Street Vendors, Non-Food Products, Other",00
9,Elementary Occupations,96,Refuse Workers and Other Elementary Workers,961,Refuse Workers,9611,Garbage and Recycling Collectors,9611.0100,Garbage Collector (Motor Transport),00
9,Elementary Occupations,96,Refuse Workers and Other Elementary Workers,961,Refuse Workers,9611,Garbage and Recycling Collectors,9611.0201,E-Waste Collector,01
9,Elementary Occupations,96,Refuse Workers and Other Elementary Workers,961,Refuse Workers,9611,Garbage and Recycling Collectors,9611.9900,"Garbage Collectors, Other",00
9,Elementary Occupations,96,Refuse Workers and Other Elementary Workers,961,Refuse Workers,9613,Sweepers and Related Labourers,9613.0300,"Sweeper, Dry",00
9,Elementary Occupations,96,Refuse Workers and Other Elementary Workers,961,Refuse Workers,9613,Sweepers and Related Labourers,9613.0400,"Sweeper, Wet",00
9,Elementary Occupations,96,Refuse Workers and Other Elementary Workers,961,Refuse Workers,9613,Sweepers and Related Labourers,9613.0500,"Sweeper, Sewer",00
9,Elementary Occupations,96,Refuse Workers and Other Elementary Workers,961,Refuse Workers,9613,Sweepers and Related Labourers,9613.9900,"Sweepers and Related Labourers, Other",00
9,Elementary Occupations,96,Refuse Workers and Other Elementary Workers,962,Other Elementary Workers,9621,"Messengers, Package Deliverers and Luggage Porters",9621.0300,Caddie,00
9,Elementary Occupations,96,Refuse Workers and Other Elementary Workers,962,Other Elementary Workers,9621,"Messengers, Package Deliverers and Luggage Porters",9621.0400,Bellhop (Hotel & Restaurant),00
9,Elementary Occupations,96,Refuse Workers and Other Elementary Workers,962,Other Elementary Workers,9621,"Messengers, Package Deliverers and Luggage Porters",9621.0500,"Porter, Baggage (Hotel & Restaurant)",00
9,Elementary Occupations,96,Refuse Workers and Other Elementary Workers,962,Other Elementary Workers,9621,"Messengers, Package Deliverers and Luggage Porters",9621.0600,(Letter Box Peon) Post Man,00
9,Elementary Occupations,96,Refuse Workers and Other Elementary Workers,962,Other Elementary Workers,9621,"Messengers, Package Deliverers and Luggage Porters",9621.0700,Mail Carrier,00
9,Elementary Occupations,96,Refuse Workers and Other Elementary Workers,962,Other Elementary Workers,9621,"Messengers, Package Deliverers and Luggage Porters",9621.0800,"Runner, Mail",00
9,Elementary Occupations,96,Refuse Workers and Other Elementary Workers,962,Other Elementary Workers,9621,"Messengers, Package Deliverers and Luggage Porters",9621.0900,"Sorter, Mail",00
9,Elementary Occupations,96,Refuse Workers and Other Elementary Workers,962,Other Elementary Workers,9621,"Messengers, Package Deliverers and Luggage Porters",9621.1200,Hotel Concierge,00
9,Elementary Occupations,96,Refuse Workers and Other Elementary Workers,962,Other Elementary Workers,9621,"Messengers, Package Deliverers and Luggage Porters",9621.1300,Water Carrier,00
9,Elementary Occupations,96,Refuse Workers and Other Elementary Workers,962,Other Elementary Workers,9621,"Messengers, Package Deliverers and Luggage Porters",9621.9900,"Messengers, Package Deliverers and Luggage Porters, Other",00
9,Elementary Occupations,96,Refuse Workers and Other Elementary Workers,962,Other Elementary Workers,9623,Meter Readers and Vending Machine Collectors,9623.0100,Vending Machine Attendant,00
9,Elementary Occupations,96,Refuse Workers and Other Elementary Workers,962,Other Elementary Workers,9623,Meter Readers and Vending Machine Collectors,9623.0200,Coin Collector,00
9,Elementary Occupations,96,Refuse Workers and Other Elementary Workers,962,Other Elementary Workers,9623,Meter Readers and Vending Machine Collectors,9623.0300,Meter Reader,00
9,Elementary Occupations,96,Refuse Workers and Other Elementary Workers,962,Other Elementary Workers,9623,Meter Readers and Vending Machine Collectors,9623.0301,Municipal Water and Sewage Assessor,01
9,Elementary Occupations,96,Refuse Workers and Other Elementary Workers,962,Other Elementary Workers,9623,Meter Readers and Vending Machine Collectors,9623.0401,PUC Attendant,01
9,Elementary Occupations,96,Refuse Workers and Other Elementary Workers,962,Other Elementary Workers,9623,Meter Readers and Vending Machine Collectors,9623.0501,Tyre Inflation Attendant,01
9,Elementary Occupations,96,Refuse Workers and Other Elementary Workers,962,Other Elementary Workers,9623,Meter Readers and Vending Machine Collectors,9623.0601,Quick Care Point Attendant,01
9,Elementary Occupations,96,Refuse Workers and Other Elementary Workers,962,Other Elementary Workers,9623,Meter Readers and Vending Machine Collectors,9623.9900,"Vending Machine Money Collectors, Meter Readers and Related Workers, Other",00
9,Elementary Occupations,96,Refuse Workers and Other Elementary Workers,962,Other Elementary Workers,9629,Elementary Workers Not Elsewhere Classified,9629.0100,Usher,00
9,Elementary Occupations,96,Refuse Workers and Other Elementary Workers,962,Other Elementary Workers,9629,Elementary Workers Not Elsewhere Classified,9629.9900,"Doorkeepers, Watchpersons and Related Workers, Other",00
